alpha_id,strategy,n_grid,grid_step,tp_steps,recenter_bars,recenter_threshold,leverage,target_pct,is_sharpe_mean,is_pnl_pct_mean,is_max_dd_worst,oos_sharpe_mean,oos_pnl_pct_mean,oos_max_dd_worst,n_sym_profit_oos,avg_fills,score
GR2559,grid,8,0.0048304226660110285,1,30,0.066946271936053,2,0.5,2.681789828079148,4.2123731733077605,-4.278893983975922,4.2032961137289435,1.4590117697465794,-1.7199745984653236,9,507.9,9.909542665273577
GR2946,grid,8,0.006090624423751772,1,30,0.07110471404824786,2,0.5,2.8678750539293842,3.612256050013633,-3.557139615815667,3.975960900014884,1.1457307141984168,-1.5394407131290062,9,328.3,9.848836935533646
GR0368,grid,5,0.00506161937059015,1,30,0.07503341169693664,3,0.5,2.6403221290973016,9.04033632667967,-10.434012628608762,3.9361797788254917,3.3131240786049347,-4.368670019487453,9,446.8,9.766307264319808
GR1514,grid,5,0.004982369795533242,1,30,0.06842645081156125,1,0.5,2.4986470699375927,3.0155519687494037,-3.48652656945349,3.970928145577112,1.0988477524056344,-1.437664255075324,9,460.1,9.73815975137891
GR1389,grid,8,0.0042204370772072316,1,30,0.0697106990973269,1,0.5,2.4499331140264133,2.1538022502363585,-2.6097544017809193,3.95209417698456,0.7505014731597403,-1.097804600945674,9,631.5,9.707594155647016
GR1212,grid,8,0.006260244942666605,1,30,0.07916330525817074,1,0.5,2.6224846252749594,1.6804791245674953,-1.7683078317117178,3.8063513434518574,0.6185919385272609,-0.7814072250201571,9,310.5,9.702206413716796
GR1490,grid,6,0.005387024009708843,1,30,0.07258273513629615,1,0.5,2.602340400997134,2.3976893796292336,-2.8442771793217614,3.762939486145182,0.7948270948293013,-1.2577219423386667,9,399.7,9.662147740110496
GR2533,grid,4,0.004985212950443119,1,30,0.07237551092509925,2,0.5,2.42230790221131,6.549947354145165,-7.8046408101640194,3.8487091844294268,2.604232077967852,-3.593316017788056,9,426.9,9.65135110882678
GR2695,grid,8,0.006162766589308804,2,30,0.06941569653154692,1,0.5,2.7212181180409005,2.168634837100364,-2.261517733079854,3.6440082347920466,0.562278012091314,-0.8500848665316335,9,196.8,9.650146290044098
GR0978,grid,4,0.006304883353198308,2,30,0.07263914928911389,2,0.5,2.605167256777171,7.287287922282786,-8.545340521319794,3.742791234178062,1.9573113755564049,-3.054945037707457,9,170.0,9.639094440195343
GR2562,grid,6,0.005323536666387144,1,30,0.06609342811354514,2,0.5,2.67724466000615,4.948543070215178,-5.700541207365095,3.671139766930337,1.532379511900068,-2.5254728912079734,9,408.9,9.626248280600024
GR1530,grid,5,0.00419472345809825,1,30,0.07542072710131371,2,0.5,2.2048307570102064,5.710682780935163,-6.801604758248304,3.9319671364494466,2.3237247504917304,-3.268721710775899,9,580.5,9.620609115898098
GR0414,grid,6,0.005400451157486481,1,30,0.06693544901462585,3,0.5,2.611471933674527,7.2054631609075175,-8.529029817591617,3.715013522280935,2.3628533856856904,-3.769984398223023,9,398.1,9.618026872090253
GR1861,grid,8,0.007287816041029511,1,30,0.06692285760794071,2,0.5,3.0711578450660135,3.3837225430338527,-3.6484550952839165,3.2833423899093304,0.8074833577024982,-1.0260539463696479,9,236.8,9.601886860813023
GR0694,grid,5,0.0067042824661525625,2,30,0.07150506730677689,3,0.5,2.6211290155524756,9.239472053379071,-10.825733355307893,3.7170785595442033,2.2472318496707833,-4.40231536660729,9,162.6,9.574663682437858
GR0939,grid,6,0.005547337209117331,1,30,0.07375156607690385,2,0.5,2.595700711791492,4.691858776665913,-5.709771242839488,3.556789375657053,1.51140483147126,-2.384165434258357,9,378.5,9.55712789304532
GR3948,grid,6,0.0061044073469837985,2,30,0.0663330967834413,2,0.5,2.769094635556603,5.800986353740054,-6.032486065766534,3.401190099333153,1.3258093780682374,-2.27311386053505,9,196.8,9.530941853980256
GR2622,grid,8,0.0020432624766466064,2,30,0.07944158450506802,1,0.5,2.233462188503413,2.8477669911779664,-4.535212668619461,3.717204403485529,1.2095460051113223,-2.015454370981988,9,1106.8,9.5186170562695
GR2948,grid,6,0.004266267761429076,1,30,0.06082582423488417,1,0.5,2.3629889939220843,2.720061115461065,-3.4897217838717367,3.5942356748166384,0.8662727962497121,-1.4742624839750897,9,592.9,9.507148826505585
GR3723,grid,4,0.006493113355357159,1,30,0.07843429802472662,3,0.5,2.272613941455769,8.370321710999082,-10.602610487500442,3.579702760406853,3.493248115641502,-4.899721287294178,9,269.3,9.478126996633485
GR3221,grid,6,0.006822206492290213,1,30,0.06277701307606319,2,0.5,2.6992026400272926,4.1497326089682325,-4.707734985621955,3.2285489815712856,1.2250616784550803,-2.1879930033256643,9,257.3,9.429333187792134
GR1229,grid,4,0.009456438699168042,1,120,0.07961932915073888,1,0.5,2.259586052157171,2.6572541067534097,-3.6423466172653756,3.4430377751995436,1.0115182572444283,-1.3417163566930321,9,179.1,9.427661293664919
GR3351,grid,4,0.010741053391207171,1,120,0.0691408758132932,1,0.5,2.4791467133602323,2.8311057144493477,-3.5321448154986683,3.2913020775424244,0.986090152182733,-1.6460703657366138,9,151.4,9.404952939132581
GR3803,grid,3,0.010670846281034643,1,120,0.06927210487480276,3,0.5,2.3779683192276373,9.816639917179188,-10.775897311463268,3.33930573912703,3.5935738780662945,-5.106176750150353,9,140.4,9.397193383611736
GR3903,grid,6,0.006892141723629664,1,30,0.06253667342226517,3,0.5,2.7066291696377123,6.167582867917184,-7.060158463900934,3.161450093906675,1.778630310919116,-3.2610470952155626,9,252.1,9.381268892309913
GR0897,grid,5,0.005715353124296204,1,30,0.07078919310325621,3,0.5,2.49629768376897,7.8622206028287325,-10.319314470262144,3.289588276140453,2.4665053287815115,-4.348866804413301,9,349.1,9.365592447431618
GR0119,grid,4,0.005957706101008637,1,30,0.06864030296701132,2,0.5,2.150851698318387,5.475041395045263,-7.75817878091937,3.4729731413172273,2.236772776919543,-3.7602359372867613,9,306.6,9.361421089004626
GR3776,grid,5,0.006888375529825625,1,30,0.0652911244258189,3,0.5,2.6647514796893277,7.253400756616597,-8.472283451930798,3.146632671998572,2.121505661620633,-3.9972118049506573,9,249.5,9.345297890938769
GR0674,grid,4,0.004350064268501378,1,30,0.07007912096145913,2,0.5,2.3745449153283453,6.5028115977105845,-7.817554018240662,3.383500252627954,2.3039002815050753,-4.56659309297158,9,509.0,9.345255025223196
GR0113,grid,3,0.006606456390275235,1,30,0.06901426720524166,2,0.5,2.157813378261361,6.116508949485217,-8.063020807123848,3.3863630147627903,2.789426156191621,-4.173761945229071,9,237.9,9.34393574590325
GR1703,grid,4,0.005759271988012741,1,30,0.0668022441512529,2,0.5,2.38329659754108,5.945585294592234,-7.685580973607266,3.270676479349838,2.0630585151419436,-3.472885349291246,9,328.7,9.34346495522363
GR0615,grid,3,0.0070680107594888715,1,30,0.06903782351694382,3,0.5,2.746497854444975,11.255385825853693,-10.810219420078248,3.1859594575218093,3.209457018949081,-6.308866794266378,9,222.1,9.33585566607825
GR2586,grid,6,0.0038489736094853887,1,30,0.06583672368817549,1,0.5,2.434735041089165,2.7661231202023844,-3.5085196768657623,3.1482687832566882,0.89978212544881,-1.5189682352278033,9,690.4,9.327985940714496
GR0128,grid,3,0.00511754862344026,1,30,0.07606248759347194,1,0.5,2.349737323776775,3.2441835282175324,-4.543472962217092,3.1723294258544774,1.3182642305811079,-2.605183978752611,9,346.2,9.28161953848888
GR1228,grid,3,0.0077207383666239755,1,30,0.07948618260088935,1,0.5,2.596982713599588,3.4455072584002027,-3.8213461323046434,2.9221889459140877,0.9268936314201566,-1.553710588322665,9,189.4,9.275008694955469
GR3547,grid,6,0.0047271809530331265,2,120,0.06942878206507133,1,0.5,2.195663120023103,2.877796415399989,-3.631719794185174,3.198563392297725,1.084800690476528,-2.224431447512761,9,338.3,9.251370630928264
GR1084,grid,8,0.008400992502499517,1,60,0.07668259850917615,2,0.5,2.9147821837090135,2.994410583213657,-3.4376337910067924,2.709051908585187,0.9562487642888448,-2.1268982172696815,9,207.0,9.242394022082966
GR1254,grid,5,0.006418630786734608,2,120,0.06707351985113158,1,0.5,2.3487984568575544,3.0385875630640635,-3.5035633584627246,3.1001164782734807,0.9237054449500086,-2.2091819046659293,9,202.0,9.241037473596379
GR1935,grid,6,0.004833750164472808,2,120,0.07856309336259244,1,0.5,2.2334957250086314,2.909555729783793,-3.7376093542742272,3.1018694766112405,0.9374732531735971,-1.7929706460861599,9,326.3,9.233309603466365
GR1361,grid,8,0.008058095611557348,1,60,0.0677813138765087,3,0.5,2.4400383130135643,4.170834066946538,-5.530777717882975,3.0282601280548347,1.6505581138939178,-3.2318070791613356,9,215.0,9.23286477589058
GR1772,grid,4,0.008146516046983505,1,30,0.060143270726875704,1,0.5,2.7359808243263357,2.9447480673511786,-2.7860875010846757,2.7264785423963485,0.6598317415564962,-1.1474355090749304,9,187.3,9.231650000156282
GR1269,grid,8,0.009262529540503592,2,30,0.06934443031619482,2,0.5,2.2127366359353062,2.9265271750641477,-3.6799932692418227,3.0815878648597166,0.6316873086388005,-1.2621779123565102,9,90.7,9.22533983991718
GR3204,grid,8,0.0035996052931294067,1,30,0.06364027220601914,3,0.5,2.4455175686238446,6.849144652451946,-8.827600123782341,3.1130061913654523,1.892607531464319,-4.428108936882909,9,794.6,9.220230123005777
GR3511,grid,6,0.009081636557765468,1,60,0.053716955930380415,1,0.5,3.0534484740481607,1.9354153271905798,-1.9796125519235648,2.504006950365182,0.500408085942141,-1.1772048708557485,9,178.6,9.212238024502806
GR0097,grid,5,0.006747122919200333,2,30,0.03615388404598019,1,0.5,1.8222292878762612,1.9780749099240764,-3.521321035838046,3.318382113892047,0.7238600865864174,-1.7387745482904757,9,135.6,9.193523071643785
GR1600,grid,8,0.005953830677289223,2,30,0.039195332618407824,1,0.5,2.331585715795045,1.6967007636573073,-2.103431774459823,2.988547460325459,0.41238624282958336,-1.3994058949249666,9,184.0,9.19334861761584
GR0833,grid,6,0.009037648600399965,1,60,0.05453721804167405,2,0.5,3.0704100376843675,3.9123561402525,-3.9624946290008847,2.474987706841778,1.0066831888362175,-2.354703468397274,9,181.0,9.17411992638717
GR0610,grid,6,0.004846542499014692,2,30,0.06263431879727095,1,0.5,2.65190993382019,3.159595934910764,-3.506728203149978,2.649141474612968,0.7334101659844654,-1.3862845862487847,9,286.9,9.163182381825724
GR3914,grid,6,0.002991727157228004,1,30,0.06974464431943947,3,0.5,2.0690499681279775,7.606177129188998,-13.047309485494587,3.320158748912307,3.27585870696432,-6.90575334119123,9,984.7,9.162509923534603
GR0459,grid,5,0.006031800538903339,1,30,0.05332666753924049,1,0.5,2.70899943236785,2.6310003200141563,-3.0510061184197004,2.7194972781097664,0.5197590573713388,-1.9958359945570738,9,308.4,9.158304169776033
GR0676,grid,3,0.006181586037460036,1,30,0.059933911058904235,2,0.5,2.396405374580907,6.242888021933849,-10.249301938061816,3.0270974939992277,2.3355576897801837,-5.20151659792973,9,258.7,9.155869103980557
GR2390,grid,5,0.008016512969694876,1,30,0.06267287357396123,1,0.5,2.674650175748396,2.347558622217341,-2.1892653840468483,2.5876959143789344,0.506324334426572,-0.9047198415291495,9,191.2,9.153080970457417
GR2724,grid,6,0.00889826487199253,1,60,0.05807979448613911,1,0.5,3.0098242375377757,1.937651571101431,-1.9439275926510162,2.3789548280674304,0.5545809437116331,-1.1778173239425813,9,186.7,9.147174379952054
GR2567,grid,6,0.008692525664428217,1,60,0.041405381879632434,1,0.5,2.7261385292345506,1.83947021408454,-2.0385407086296983,2.5581556246045007,0.6041241308303015,-1.2254214789290745,9,188.5,9.14381623157307
GR1173,grid,8,0.0022645028976452657,2,30,0.06288884671398372,2,0.5,2.336740625276266,5.911514271498161,-8.297853877200305,2.9120077652015093,1.937854061009666,-4.159148704889358,9,967.0,9.116905084510972
GR3722,grid,8,0.0028712050316562748,2,30,0.06002811235384565,3,0.5,2.493078331554296,9.151465185781403,-10.982812589919394,2.838862477436027,2.6200067181004307,-5.312783233481078,9,703.7,9.11624515775167
GR0568,grid,4,0.007836357640299028,1,60,0.07850260713478023,2,0.5,2.2375727906313183,4.972548941843459,-7.4081311133764025,2.941293287871607,2.0649054298501834,-4.1153657937583015,9,212.5,9.113124303494136
GR3422,grid,8,0.007524786945768228,2,30,0.061299485803285744,1,0.5,2.2763886305007457,1.7530369011809708,-2.308479513275088,2.763067380627329,0.35157247451591866,-0.7959522104566167,9,130.1,9.106665575766398
GR0665,grid,4,0.008175852047777049,1,60,0.07740669148605277,3,0.5,2.2625031564467295,7.479714949824013,-11.077176430371692,3.014353031036399,3.206930691882664,-6.440257317284158,9,200.7,9.105348827213962
GR0653,grid,4,0.004312644694482962,1,30,0.0639220010880248,3,0.5,2.30078189454001,9.494956863946268,-11.765434990079283,3.0095940824919523,3.0395495365051706,-6.694045680719064,9,504.4,9.08607312756065
GR0172,grid,5,0.008704671913776564,1,60,0.05022840379831955,1,0.5,2.7351179897732143,2.0881690686760392,-2.3923491418101004,2.4301437613456676,0.6499610369557923,-1.3608920598171244,9,182.1,9.08444344890495
GR3318,grid,6,0.0058636427222871,2,30,0.07808745813683592,2,0.5,2.3488850446530756,4.914412175240328,-6.845066444759378,2.638515167070003,1.619779821714279,-2.298786391163503,9,201.9,9.083652540844756
GR2192,grid,4,0.007559048971433811,2,30,0.07549257068930927,2,0.5,2.084003377718597,6.058481966574688,-7.44473941559976,2.9385827938135014,1.559591269085104,-3.193040744219252,9,122.2,9.080748127405307
GR3809,grid,5,0.0030545839674334537,1,30,0.06958379910693162,3,0.5,1.9246105487850957,7.788271141602005,-14.318213839495039,3.2199092064023764,3.353771815469302,-7.044338694801809,9,872.4,9.071983731066036
GR2500,grid,8,0.003343807838915945,2,30,0.06666514241116907,2,0.5,2.6076314112756056,6.090404685589315,-6.62724327564114,2.573724882789276,1.5185141137338287,-3.19601524788437,9,558.6,9.0701858348635
GR3116,grid,3,0.005678978826919312,1,30,0.06034267745567888,1,0.5,2.1910297583167817,3.1104571497070608,-4.985897245760407,2.7706899013763104,1.0983085261917478,-2.4202771635338105,9,293.9,9.046767435397687
GR2155,grid,8,0.008546138878941411,1,60,0.03697614570999061,2,0.5,2.640842971562137,2.5583339452860674,-3.5846927017267265,2.4429789734244514,0.9027242445280118,-1.972274551414248,9,191.2,9.04547489598703
GR1077,grid,6,0.009739942665265133,1,60,0.063733265733419,2,0.5,2.7774601572896183,3.5136617762390436,-3.651890781063121,2.370264363262625,0.8489428077422927,-2.239633579238489,9,155.1,9.03339442052014
GR1611,grid,5,0.010022969007930708,1,120,0.06661584906736685,1,0.5,2.349759151122112,2.3452287902731057,-2.9255972973462665,2.6127060119418455,0.6825897292816298,-1.7270551992066976,9,171.2,9.031629317100592
GR2710,grid,3,0.009021149892778154,1,60,0.07664409211826552,2,0.5,2.6824946761080777,6.278333000439005,-7.49877804063668,2.524151876453794,1.8448902147686241,-4.317576632965466,9,161.8,9.029153366440193
GR0909,grid,4,0.0030611990002093205,1,30,0.06028158667754666,3,0.5,1.705282383800651,7.468686697634472,-13.937521417265526,3.2749601142073423,3.2773823376917663,-7.103412377036639,9,753.8,9.021302610926641
GR2680,grid,5,0.008326246900295776,1,60,0.06165095609787331,3,0.5,2.6153415268170277,6.663764651508467,-8.800317106554248,2.592157775235852,2.229194662308566,-5.215287661155526,9,202.5,9.016491770216595
GR1711,grid,6,0.0029496244815111258,2,30,0.06971447799316279,2,0.5,2.3043082892755553,6.132235546546126,-8.949248447777736,2.673139021963095,2.0684366107592487,-4.093810211890723,9,586.9,9.014051362813357
GR0248,grid,6,0.009211186201963276,1,60,0.04761365294735405,2,0.5,2.877938810595581,3.537970349087203,-4.12585735610488,2.2366830647832847,1.0194285085100891,-2.487984108528617,9,170.3,9.002164256500242
GR3114,grid,4,0.008718940493868099,1,60,0.06185971719806846,2,0.5,2.8364498311588915,5.330881639801346,-6.10409175401599,2.37890845454453,1.651575225825016,-4.211777472455342,9,183.1,9.000863123611387
GR0432,grid,8,0.005518845720118521,1,10,0.02807444441289813,3,0.5,2.0852643395473036,3.3056001003501523,-4.354075648061643,2.8648169011539646,1.0727832605451932,-3.448645946154702,9,264.2,8.99365081145781
GR2876,grid,4,0.002809420987283153,1,30,0.05799101676982627,1,0.5,1.3982093992316869,2.080087693462232,-4.525784032145293,3.189123865727097,0.9504436088442418,-2.376601539896674,9,818.4,8.98800795566044
GR1794,grid,8,0.009624645671572476,1,60,0.07406851806264023,1,0.5,2.790145083911609,1.312218487387896,-1.371544410241022,2.1539309314537767,0.31832246723960084,-0.8418988762713889,9,157.1,8.981264309130568
GR3727,grid,8,0.003941664978689071,1,10,0.02637543321437196,2,0.5,1.533152661160853,2.4505906604543544,-4.415927878620805,3.0477405312371255,1.062958028721365,-2.270675529330456,9,479.7,8.980225147942843
GR2551,grid,6,0.0025261591251738574,1,30,0.07710627716285041,1,0.5,1.4843798594483861,2.120336045465799,-3.96505525029168,3.0941886748130196,1.103969930969808,-2.481153435415072,9,1200.6,8.977147249853054
GR3688,grid,5,0.0035597808205818315,2,480,0.051542873308721884,1,0.5,2.294632644847359,4.295206571148179,-4.815505856270956,2.5814367723678346,1.0413006171293073,-2.783422919433015,9,480.7,8.966335015224097
GR1719,grid,5,0.009532728953038338,1,60,0.07017548740464767,1,0.5,2.752804251260751,2.0878311984175215,-2.1971323107135867,2.15608581868765,0.5093949797537042,-1.3496362692401636,9,158.3,8.955853316013554
GR0755,grid,3,0.008159368198785526,2,60,0.054033033149894105,1,0.5,2.082454233048529,2.920373939417572,-3.5558547203163835,2.5807825988641353,0.8940839524401,-1.800662831686768,9,101.8,8.949575385697422
GR2201,grid,8,0.0066343234850055385,2,10,0.03087835663968682,1,0.5,1.751432109665135,1.1782234234966091,-1.7238364105743493,2.848836921196675,0.29491606869124554,-1.4867139962150395,9,114.6,8.941796693160441
GR2017,grid,8,0.005780273963062472,2,30,0.03428350591513912,1,0.5,1.9498426348294007,1.502068286491125,-2.104955577753026,2.6598349756155706,0.47080510451588087,-1.370212233549664,9,186.9,8.937330203824118
GR2937,grid,4,0.009361057436684623,1,60,0.047431284868886925,1,0.5,2.817074005240015,2.632148504684248,-2.7526321459660537,2.0319756566229215,0.6331871516383127,-1.7524830875125008,9,162.8,8.905017233932634
GR2433,grid,4,0.00516870082583074,2,30,0.06216757120005164,1,0.5,2.3574006924901107,3.27705768241198,-4.105086419904983,2.289425226135413,0.9903290556031408,-1.908806052998152,9,219.7,8.90215952077633
GR2352,grid,8,0.004836559237857795,1,10,0.034977258674352044,1,0.5,1.6589228016284303,1.195806756818887,-1.9155582096807118,2.7504273896417315,0.3914745511731944,-1.2964254968290516,9,335.0,8.88890160011142
GR1330,grid,3,0.0077092807976668325,1,10,0.02609713118136496,3,0.5,1.8021201319613411,6.058992841849642,-12.048056952193948,2.7616817144115986,2.4906523516808687,-4.904921255115587,9,132.3,8.888349723901158
GR1830,grid,5,0.005157684297568697,1,10,0.024008727025043138,1,0.5,1.8894056117499711,1.5656078685380346,-3.8223762451993206,2.6060482556638154,0.658828683775684,-1.831878503762764,9,291.5,8.882336983049997
GR0988,grid,2,0.008312217632162049,1,30,0.0627445157254146,1,0.5,2.251957261598176,3.6732618194820645,-4.484668128789399,2.3149768002085063,1.0541066459214854,-2.0662000502446425,9,141.5,8.877683267232321
GR1426,grid,5,0.0026291648470113237,1,30,0.0742408096517112,2,0.5,1.484825226053052,4.516073278009955,-9.731907624425803,3.0674110721722085,2.245390952175458,-5.506738272811708,9,1047.3,8.875009530098744
GR2966,grid,3,0.009873816108100631,1,60,0.06098749568533193,1,0.5,2.509221853411705,2.958774441210422,-3.674503875419123,2.2007450734213134,0.7578893656681831,-2.233330619338267,9,138.9,8.869733151156261
GR3259,grid,8,0.003987424950056156,2,60,0.06334397929563937,1,0.5,2.342459304562352,2.5794048547381845,-3.539551536625131,2.2884050799057425,0.7948088535079497,-2.1748940559458787,9,445.4,8.865611142250174
GR1717,grid,5,0.011072009845537916,2,30,0.06800101124112001,2,0.5,2.0923918015090806,3.535213795958023,-6.073832170743572,2.369593675193504,0.8453851840286571,-1.6475740402703922,9,60.7,8.862811066595869
GR1991,grid,8,0.0025598568970868316,2,10,0.027960080032644434,2,0.5,2.033419967225398,4.087295699603166,-6.106043565512027,2.8323864371267056,1.3973411352756466,-5.602502468832717,9,618.6,8.860237029566726
GR2565,grid,5,0.007516071036996014,1,60,0.0711091844427325,3,0.5,2.1446257957366774,5.735252192918945,-8.453457101214644,2.7448808183637907,2.5387103616769604,-7.067450858407155,9,228.3,8.857633884414437
GR3389,grid,8,0.0023880069746046173,1,30,0.0794052052441419,3,0.5,1.431128188173797,5.395176384520622,-11.808426566598154,3.0773685963907322,2.671505590745606,-6.273904717039222,9,1420.7,8.851440489065263
GR1424,grid,5,0.005774958718418499,1,30,0.04321630373157591,1,0.5,2.4376224931312094,2.4973360648121887,-3.4337521205563646,2.1697845540510468,0.495681945841392,-1.6687151640563387,9,325.8,8.847221443086266
GR1617,grid,4,0.00543107391145184,2,30,0.06016929317131297,2,0.5,2.3164649155916637,6.344796381191964,-8.415496785749438,2.289214880851385,1.8429179069982695,-3.7705736179943417,9,201.2,8.846285186540824
GR2122,grid,6,0.0033432132008686423,1,60,0.04926031147067025,2,0.5,1.7399455429784747,4.601762935598508,-8.003097555405219,2.6864640283577956,1.8596108956416757,-3.9186577172649226,9,864.2,8.84454188426999
GR0808,grid,5,0.009015438542128558,2,10,0.01781942671041832,2,0.5,1.401513716990111,1.7833368764629358,-4.3308601234429265,2.827143600427426,1.0774316141749607,-2.346217088673311,9,55.2,8.838090239102973
GR3267,grid,5,0.0024017256790065788,2,30,0.06562641516441425,2,0.5,1.6854316110070222,4.646588649853808,-8.271119365748856,2.7450336472629773,1.690607389789146,-4.331165209597075,9,620.8,8.816273303177754
GR1768,grid,5,0.0025482249273721274,1,30,0.07776803428687519,2,0.5,1.3296139330212708,3.9675354561609497,-9.634438558540404,2.9537777214888643,2.1518745646835087,-4.989683132142854,9,1050.9,8.800853131822478
GR1375,grid,4,0.009047082356474834,2,10,0.03879474903460807,1,0.5,1.730382992656244,1.6154583345118099,-3.840126541505615,2.488947582855015,0.6005157160470935,-1.5684090373500295,9,60.9,8.793078025124395
GR3059,grid,5,0.007529424206867181,2,10,0.02476712118128569,3,0.5,1.7255828021863848,4.279794893467065,-8.398630048929808,2.597129404868782,1.5685080024984852,-3.668076020258959,9,86.9,8.791779151831209
GR3534,grid,2,0.007264089220291079,1,30,0.06550166757375908,3,0.5,2.339778846294469,10.526046114515514,-13.718879182722466,2.267744348105038,3.1677681367069797,-6.450514655373936,9,165.3,8.78880918214973
GR2467,grid,5,0.0020787614055484713,1,30,0.07089585232310595,1,0.5,0.6914026061544161,1.174601564268047,-4.716477928641124,3.2129154823068395,0.9771437247681953,-2.382972855538228,9,1290.4,8.788425875533564
GR0211,grid,8,0.003057836468299812,1,30,0.04676783752558293,2,0.5,2.1043346784115062,4.360410556347572,-6.870936590529928,2.473527362229862,1.0619603853354784,-4.180509612253299,9,1009.5,8.77851397061853
GR3316,grid,6,0.010289398162897572,1,240,0.07751576681346689,3,0.5,2.737228998712376,7.697765151541363,-10.149560418221172,3.595767507243059,2.392263484631618,-4.218088786695771,8,196.8,8.777559829441872
GR1372,grid,5,0.010543486930526882,1,240,0.07746591429420158,2,0.5,2.7442171556999524,6.0791343855933775,-7.0304273709566045,3.5301684503374444,1.8415604193532726,-3.0326348595938546,8,188.2,8.777207691334468
GR2188,grid,3,0.010326135470495363,1,240,0.07636323830719063,2,0.5,2.4393769505698097,8.087862174493086,-8.398603626482254,3.6606594378716197,3.114614686166362,-4.207304290934044,8,169.7,8.775840749650438
GR3523,grid,6,0.008465885468708328,1,120,0.07223363896467287,3,0.5,2.812973411182558,7.16931076089693,-9.829355205828524,3.5443705774632384,2.4243509261983287,-4.32528918696953,8,237.5,8.773289506090919
GR3064,grid,8,0.003049665634863631,1,30,0.043046615985690824,2,0.5,2.070431332150431,4.289312745836449,-6.873248131627006,2.4738193429751023,1.1048613047443834,-4.182940273884415,9,1009.7,8.771760591930411
GR1126,grid,4,0.005873485967136573,1,10,0.02768296786382464,1,0.5,1.8509377296333702,1.7859247046790734,-2.7307330553948668,2.4658229675758627,0.5769575084802582,-2.343931825182135,9,219.8,8.770422345466642
GR2703,grid,8,0.0037765862852653354,2,30,0.06899355948596404,1,0.5,2.801175749117754,2.973222760714372,-3.393549437563543,3.4224677970129895,0.8114708808172255,-1.3028402047833332,8,464.6,8.767210491569552
GR3042,grid,6,0.009500459533716955,2,30,0.029156459039357624,3,0.5,1.7631895864089429,4.111537018170123,-6.372345295460437,2.3508213975137537,1.1149942229538994,-2.2526640561868407,9,73.0,8.740866199268973
GR2927,grid,5,0.0035566919708374238,2,480,0.036396263876008576,1,0.5,2.7030737704814882,5.065084433420943,-4.964069693754027,1.922790170651833,0.7750227568901156,-3.3910969528486565,9,518.6,8.734713711318062
GR0926,grid,8,0.0050088449057024255,1,10,0.012635075869866844,1,0.5,1.2386353198308542,0.6472308415020672,-2.10836146169835,2.6556163452332475,0.39924571726025715,-1.165188212488065,9,271.3,8.728646315935755
GR0456,grid,8,0.010074395126292416,1,60,0.030139990481872048,1,0.5,2.303423071928587,1.0361772903633264,-1.3761830044050112,1.9003370828607111,0.28629992557734657,-0.8186208190352772,9,132.3,8.719965353769966
GR1645,grid,8,0.00797019035704541,1,120,0.05987299875734596,1,0.5,2.7698864967609653,2.036421855261844,-2.6320646329432202,3.3529092132724188,0.6843253499272323,-1.267983316973041,8,276.3,8.718442123976676
GR2265,grid,6,0.011820751640789306,2,30,0.033838408526889435,1,0.5,1.8164590769773814,1.1752811607556253,-2.3511489809116934,2.2194006232359476,0.3356159035455057,-1.0767317362271025,9,47.1,8.705913371659404
GR0411,grid,5,0.007789098292348874,1,240,0.06292173169456518,2,0.5,2.9312653681795493,8.140248758088529,-7.689108954985659,3.30068827100592,2.59777909239327,-4.542580224775302,8,331.9,8.699956846311473
GR3360,grid,6,0.0033667656754874558,1,60,0.06629030385018941,2,0.5,1.68618087707015,4.328224493876775,-7.984501900034611,2.513658157519122,1.8395896044370494,-4.761182145733782,9,853.2,8.698496673615587
GR1782,grid,5,0.002079260051574613,1,30,0.060694186553402356,1,0.5,0.7592284240828677,1.2716516937172473,-4.716217589195658,2.9907620716938736,0.8233144674824306,-2.382612230293853,9,1289.5,8.696519883068067
GR2600,grid,6,0.008240251790857652,1,120,0.07905961614333937,2,0.5,2.6721343090274488,4.648291559644507,-6.598872142823383,3.4123732064692036,1.547076952011208,-2.8034060022344236,8,242.8,8.692770031646207
GR0002,grid,6,0.008906047454192566,2,10,0.027147522074815758,2,0.5,1.7024773239042612,2.1105275750444994,-5.126391832052741,2.2913606243218148,0.7393720861108177,-1.8346326373558077,9,61.0,8.690927286763612
GR1817,grid,8,0.008504984197685646,1,240,0.013677602960441182,2,0.5,1.4526435781362521,1.2094631038370391,-2.522771893005447,2.4072139800734553,0.5097366146737076,-1.162418828777336,9,116.8,8.690073163921188
GR3566,grid,3,0.0050697745762529126,1,10,0.036296691913688124,2,0.5,1.8356447854907372,5.0000201884085085,-8.90942793772625,2.5649754434549488,1.877092135107598,-6.126765027188994,9,278.1,8.687493854379216
GR1113,grid,3,0.005057893824817961,1,10,0.03637736584493464,2,0.5,1.825610055233183,4.980452425893501,-8.924483466832662,2.56726741816099,1.881748218082383,-6.12936454818113,9,278.5,8.685731339298124
GR1171,grid,3,0.011551673086189995,1,240,0.07674279908889897,1,0.5,2.5185618426927125,4.025793132235063,-4.056122132739838,3.465622304357036,1.2911334094686464,-2.3549827262934193,8,144.7,8.677090298948368
GR1068,grid,8,0.0033415109873182057,1,30,0.051188390808858494,3,0.5,2.1344903412164578,6.355580616284243,-10.228247982761859,2.5563854760957003,1.454078831911682,-7.174104213700902,9,871.3,8.676600620338883
GR0789,grid,2,0.010791240997941256,2,30,0.07284773889358159,1,0.5,1.9034325003465682,3.058785125135195,-5.105676637757606,2.125749281020982,0.7543178088216919,-2.021545965054029,9,52.5,8.666669593365906
GR1636,grid,8,0.002251245604102568,1,30,0.06138207146238067,1,0.5,1.3070208750339383,1.7205411208201913,-3.9505796027861284,2.5400784904076987,0.7907578302270467,-2.412505379560898,9,1536.5,8.653651886838157
GR3652,grid,6,0.0034417404919297187,1,60,0.06711358737224869,2,0.5,1.5952493692611507,4.077967446297263,-6.83475068909498,2.5016225294124363,1.7007141209096097,-4.788869549168321,9,813.0,8.653029905736611
GR3927,grid,8,0.00797294648329751,1,120,0.06786425923438573,2,0.5,2.6862427117582937,3.678810399791783,-3.777687162428683,3.268474576659093,1.208428345319924,-2.0260951881980143,8,259.5,8.651794929357793
GR2848,grid,6,0.004127752098374027,2,60,0.06373373623291347,1,0.5,2.352917920342068,2.877390826797104,-3.848499114518454,1.8980668855782006,0.743876848889111,-2.936386955262733,9,375.4,8.643332405208175
GR1081,grid,8,0.008680530686088527,2,10,0.029236043535257328,2,0.5,1.9172764333883492,1.7150891517660405,-3.5582266762117434,2.088960963358432,0.5363528898823497,-1.961561099433784,9,65.7,8.640429928752361
GR1756,grid,6,0.004014461233244568,2,30,0.0710750429085574,2,0.5,2.47888969301438,6.529627114786433,-6.891195630105849,3.357349617335244,2.200321711807281,-3.269086595870067,8,390.6,8.634354776897553
GR0547,grid,6,0.0049563023381889865,1,120,0.013083228971030834,1,0.5,1.3063801337467729,1.202500908234184,-2.9672322972703844,2.4128311747242654,0.5242523973503393,-1.4981412685533724,9,355.1,8.629739784424777
GR3319,grid,3,0.008040116000740158,2,10,0.014442201844407164,1,0.5,1.2259288158599877,1.71482201570761,-3.6510972554744328,2.525722871462636,0.7597043538246889,-2.3750210122213686,9,67.3,8.622629024488877
GR1500,grid,8,0.004652929801649382,1,30,0.0668271986134592,3,0.5,2.539630180356924,6.283194917115292,-7.84372876495796,3.3807338284337973,1.8027024130889113,-3.4593194459402183,8,528.6,8.619876303192987
GR1379,grid,8,0.009701292526806647,2,480,0.05599705645007263,2,0.5,2.6868140449728655,5.242481970700266,-5.171456767102827,3.2863482492511933,1.7200735558222546,-3.532112276436619,8,153.6,8.61058007353448
GR2116,grid,3,0.005414652997696255,2,30,0.0760701038498054,1,0.5,1.9376056720013337,2.6846691586488616,-5.103205227201161,1.9818529535785199,0.8551341863307952,-2.2424244107579034,9,163.3,8.606980800971725
GR1420,grid,6,0.003915757362608018,2,30,0.07991951107519202,2,0.5,2.489000408051025,6.369366038126574,-6.884906749359415,3.290703054771371,2.1979488279752966,-3.278922293769647,8,400.4,8.606617065674271
GR0229,grid,8,0.009134870929614734,1,120,0.07099096368071456,3,0.5,2.343953409721101,4.44272680979297,-6.520769665095923,3.4481059000242467,1.7403288909190706,-3.1781155365533778,8,201.6,8.603373057007564
GR1316,grid,8,0.009846398349114117,1,60,0.028117472615646136,3,0.5,2.0201942329626648,2.7168513650024053,-4.698904110906951,1.9270423414899178,0.823300828088828,-2.347016761181767,9,133.5,8.598270384135462
GR1612,grid,2,0.008391834368667974,2,480,0.03628979184868735,1,0.5,2.30414829958868,3.688015014064606,-4.9595237048606755,1.8370169413070019,0.616034352104436,-2.933833157023528,9,81.6,8.591154872211698
GR3169,grid,6,0.008166007587594303,2,120,0.03235064524602634,2,0.5,3.143775274661004,5.573161375247335,-4.94172032549166,3.073436436419797,1.1481438854084662,-3.7994458768868027,8,145.1,8.590063737006679
GR2700,grid,3,0.005743986936064144,2,30,0.06768728221682195,1,0.5,1.7300466264443162,2.4000471781778776,-5.54568682154646,2.043438888676088,1.0018993467781168,-2.2006931586142855,9,149.1,8.586671846062925
GR2109,grid,8,0.0049911693499115044,1,240,0.07537887926831198,3,0.5,2.9860649241019432,10.163148143775631,-9.225289152156439,3.2339279237908984,2.6297100523578503,-6.262426419968087,8,701.4,8.585718261927031
GR0911,grid,8,0.0021765950837080677,1,30,0.05723203780152442,1,0.5,1.2433177871915075,1.637766212169452,-4.074625889810796,2.4884196104109493,0.7341224856945282,-2.796688847519545,9,1608.9,8.583712628846769
GR0072,grid,4,0.004953860476925048,2,120,0.07290993207104118,2,0.5,1.8222074096552532,5.307326181150053,-8.985229286665817,2.2433582610814424,1.4435256967257992,-4.863691423966447,9,237.2,8.579834010683301
GR2933,grid,6,0.0038979742313124594,2,30,0.0746181175485217,1,0.5,2.4912402888846836,3.190422434336816,-3.448761834145462,3.2152691343572455,1.046814645499264,-1.6403476287119338,8,402.1,8.579567511043392
GR2271,grid,3,0.006844854858504104,1,10,0.027515132357615123,2,0.5,2.06846986498449,4.208507649392131,-5.879713609924274,2.2321807339590793,1.3094958446762612,-6.1289531479443395,9,160.1,8.562044768474374
GR3974,grid,8,0.0034115007702378696,2,240,0.014426276426364666,1,0.5,1.3223279782224897,1.3777425641198409,-2.719644966488122,2.2193346948752346,0.43054151734869084,-1.4351463805694766,9,413.6,8.54373354471433
GR3622,grid,8,0.0048705489718102925,1,120,0.07949268960241762,2,0.5,2.3029161169553634,4.651434751340762,-6.040379053932375,3.3638068930641127,1.882085967055533,-3.551181914009012,8,615.2,8.542083899489361
GR1385,grid,6,0.007738016607939686,1,240,0.06758814850347715,1,0.5,2.8807111739512825,3.342667743491762,-3.5700748744302837,2.9078586499070633,0.9868807177475303,-1.9185936204436986,8,334.2,8.536584584836746
GR3342,grid,8,0.005491493922764507,1,30,0.05685614307820195,2,0.5,2.604346459205933,3.54824526931955,-4.237801881391806,3.2946903571134003,0.9888945683092771,-3.44851971818789,8,385.9,8.53611498083628
GR1827,grid,3,0.0033994379933930674,1,30,0.07516607026291997,3,0.5,1.2726728629525332,5.433701882439275,-14.560335575226599,2.659800265717886,2.89060633476771,-7.951283969788947,9,510.5,8.532883447052889
GR3089,grid,6,0.006433693687456628,2,240,0.06727878433606747,1,0.5,2.70319378074041,3.931364213693037,-3.6815329982791445,3.1000876081243876,1.0595262642299565,-2.654347458000884,8,260.5,8.53149881153644
GR0316,grid,5,0.007395048704494367,1,10,0.03205556056303021,3,0.5,2.05956936504963,4.312117240651652,-5.662959884575848,1.9902408143749575,1.062903305415475,-4.496589409086864,9,145.7,8.528716075871646
GR0921,grid,3,0.006043141230761045,2,10,0.01989796204091641,2,0.5,1.3028883642839113,3.2692332543858953,-9.432016909754056,2.486695480141827,1.6682433420093497,-5.271705339756209,9,114.8,8.527036622324372
GR2654,grid,6,0.0033381526725282584,1,60,0.05727044057136349,2,0.5,1.692033875024734,4.39450816640724,-8.007093185653194,2.279826858789324,1.5792596573734774,-5.562242537656457,9,856.8,8.526138469293107
GR2405,grid,5,0.003142215292016456,1,30,0.047821385671672614,2,0.5,1.9298498274059255,5.025898461170547,-7.626263111687585,2.1933057452715614,1.3270173820813471,-5.81285490400569,9,824.6,8.523332629920146
GR0247,grid,8,0.009008164955382194,1,120,0.05160963342972897,1,0.5,2.5197780611716913,1.6487383136623701,-2.1869322164006006,3.0455009398072983,0.6220492883738133,-0.883231756793648,8,213.0,8.52317887892708
GR0317,grid,6,0.004976858209932247,1,120,0.0753358072264363,1,0.5,2.2984360603453284,2.777714429382182,-3.287582033055314,3.2276535711198333,1.0652421118059539,-1.7460870446574153,8,553.0,8.522429071372555
GR0521,grid,5,0.004630754469983239,1,10,0.02943148468921066,2,0.5,1.6517903506185068,3.521026719560979,-5.927091920570493,2.2637379583265007,0.9035248543311664,-4.428036340093276,9,344.6,8.520818994373375
GR1926,grid,8,0.0053845611697546,2,120,0.05540979480539904,1,0.5,2.3279481427387028,2.6615634255135903,-3.338611058918686,3.2134886736822366,0.9601953238303633,-1.7836918589020752,8,314.9,8.514248460350922
GR0150,grid,5,0.010783681323376686,1,60,0.02781088034196906,3,0.5,1.9474420278722904,3.565198338881828,-6.121093482987945,1.9719187679960755,1.314954258712849,-4.48945692883035,9,105.8,8.507424978927128
GR1575,grid,6,0.0040960541135277905,2,60,0.06258691459361669,2,0.5,2.2466049182185004,5.656629632663333,-7.710839900983811,1.9148305485787909,1.513708626264781,-5.8834527316805545,9,378.5,8.503744748526355
GR2805,grid,3,0.010187062966656175,1,60,0.029042074594758244,1,0.5,2.1377294965925477,2.5485596761687663,-3.5453597722537964,1.6319718112450101,0.6247211370599544,-2.0851240819113444,9,125.0,8.500576410088135
GR1252,grid,8,0.008292989426268719,2,120,0.05467338484867879,3,0.5,2.5862804457778164,6.884883613201015,-7.450659975517137,3.1041216381726136,1.6824530370281665,-3.5203289526511616,8,155.9,8.496115376714204
GR0110,grid,5,0.005430314205372631,2,120,0.06970338538058594,3,0.5,2.352804050968637,9.035645900378476,-11.408710471538997,3.3819923351029133,3.3195064224440194,-6.627445893219555,8,255.7,8.495651526289251
GR2299,grid,4,0.004975173825910836,2,30,0.05029322667202637,3,0.5,2.4880716736594133,10.08237608285011,-12.11758426174567,1.8580071642324374,2.3654109392775062,-7.944388321830265,9,232.3,8.495094301834804
GR0379,grid,8,0.011377981428805592,1,30,0.03479578198566253,2,0.5,2.1364509882023586,1.748223022614178,-2.1621363088663568,3.250199622722228,0.6266121511043966,-1.0675544329729019,8,91.2,8.489600832795688
GR3101,grid,8,0.004478477496077972,1,120,0.05407062077780197,1,0.5,2.3225376947899483,2.765294640204956,-3.1263779231703848,3.1829259702601362,0.9444063040177898,-1.9682802552332033,8,735.8,8.486533684061477
GR0994,grid,4,0.00905122707964462,2,240,0.05061906756543772,1,0.5,2.413588375629509,3.595913186001236,-4.6271771366170285,3.2520339710350283,1.0867110379842797,-3.1661167246270083,8,128.3,8.484461679215737
GR1433,grid,5,0.008179080459552953,1,120,0.054874594567011485,1,0.5,2.4070181011328704,2.791986541347209,-3.826803451279775,3.0887446076110985,0.9861953989168271,-1.9116777929171804,8,244.6,8.476235468103171
GR3251,grid,6,0.0022723873554392447,1,30,0.060768045070301105,3,0.5,1.0985156716347297,5.118275166315428,-14.925698085072053,2.6530368267044664,2.569350953159401,-7.564561294232516,9,1325.3,8.47509567210623
GR0489,grid,5,0.011394861313337286,2,240,0.07414138677388533,1,0.5,2.657720124179639,3.1649360217599374,-3.1471664276690894,2.9555896600535987,0.6045382120710455,-1.737070600279094,8,93.4,8.471470205226948
GR2686,grid,2,0.007717698626892657,1,60,0.0441106368769947,2,0.5,1.832866736918879,5.258347556244222,-8.94991321747737,2.11302349439264,1.4768010372418556,-5.830732653244249,9,141.5,8.469020717337045
GR2626,grid,5,0.0042979263009050315,2,30,0.0726541109114921,2,0.5,2.4809733563897858,6.74189814252764,-6.9004842244681095,3.0552640169776923,2.2895425083761625,-3.944608160122789,8,327.0,8.465647725619624
GR2448,grid,4,0.006257248059703244,2,120,0.07352231827665338,1,0.5,2.3348442785360026,3.161076581354288,-4.200778975014545,3.1308751494300155,0.8681302865453036,-1.8933652424325556,8,185.6,8.465195609181979
GR0713,grid,4,0.006497308492806,2,480,0.04065162668247497,1,0.5,2.122811073578169,3.599535759191256,-5.305138328652138,3.3275169965718137,1.1856535567338855,-2.766983555501538,8,203.2,8.463059241739385
GR1548,grid,8,0.004135134255161423,1,240,0.06575819904872111,2,0.5,2.4254357489225837,6.592725183089078,-7.102463557654483,3.1428561113122675,2.391515265565262,-4.531417917201306,8,933.0,8.46135212098044
GR2699,grid,5,0.009580645975361736,2,240,0.07335517036317497,1,0.5,2.6550698026114716,3.4098295578318156,-3.3201821442125037,3.0076573768179524,0.7199942325931752,-2.4444339776241577,8,124.7,8.460900260301525
GR2206,grid,6,0.01033360735648457,1,480,0.040268494924594396,3,0.5,2.4903160594076637,7.967033176113889,-7.515877087416192,3.1041730166907398,2.66040240754048,-4.976594128506731,8,210.5,8.458209220225967
GR1417,grid,6,0.007734432572154638,1,480,0.04183791524275247,1,0.5,2.308808717407242,3.2176609494351744,-3.0421765330384734,3.0941345990366163,1.2741460233307353,-2.192817243060908,8,356.1,8.455365832071456
GR0009,grid,4,0.008330473373792587,2,480,0.04689294588212079,1,0.5,2.4807687177787154,4.113502101491458,-5.262781186816064,3.0100156698734715,1.2846350105589228,-2.4380075471194322,8,161.4,8.455228014794226
GR0991,grid,6,0.0048493437199138515,1,120,0.07422358860978917,1,0.5,2.2131020314649636,2.7083123618885097,-3.2888176436483625,3.132987970016674,1.016527103532186,-1.6780021614406357,8,567.7,8.45441723454313
GR2375,grid,8,0.0050823697461539145,1,120,0.05910219120615674,2,0.5,2.408332960813584,5.1697049705450135,-6.9267250474127655,3.0732795954017904,1.7866091470594512,-3.248242736953489,8,597.0,8.453509873722428
GR0999,grid,4,0.00909519781768701,2,240,0.059053525413737866,1,0.5,2.4668052403502387,3.612776980621812,-3.9388812169243828,3.1511788787963155,0.9062994775632817,-2.9743000353599567,8,123.8,8.452118023646879
GR2682,grid,5,0.004994483868168063,1,240,0.07617167447757563,3,0.5,2.739242087719913,12.971472099747697,-11.613915356830457,3.0363989750649862,3.5121891019009803,-6.962098413052371,8,595.4,8.451401388464156
GR2071,grid,6,0.0023678764466516307,1,240,0.014416632511535988,1,0.5,1.1749519321373023,1.9191488786876256,-5.035219292332622,2.206412029037991,0.8651963592302311,-2.81416126726177,9,1409.0,8.445737025410999
GR2594,grid,6,0.008596232359236367,2,120,0.03944261838669578,1,0.5,2.5210013799582316,2.228868280510131,-2.799214547869342,2.93723267941423,0.7022618109972809,-1.5438507162026507,8,130.1,8.441605021631498
GR3912,grid,5,0.005477925553360675,2,120,0.06425507591927139,2,0.5,2.3466305120587414,5.970695944514171,-7.582131776535116,3.292086653172723,2.0254174058256886,-5.132490347330404,8,250.9,8.43951211917158
GR2011,grid,8,0.008188228950985069,1,240,0.07936783962364538,1,0.5,3.0030689225964204,2.634133779667245,-3.471302671364465,2.6068548862402174,0.611367446115777,-1.438055556847994,8,316.3,8.436631437865408
GR0157,grid,5,0.006852065681421038,1,240,0.07814195909520814,3,0.5,2.8932634026054473,12.495896470535424,-11.713842470499895,3.0051092395062087,3.380559149155286,-7.578982120611635,8,397.5,8.435983983255152
GR0346,grid,4,0.005112526417564469,1,120,0.07408835724862327,1,0.5,2.115118943413645,3.1134523475263287,-4.33988446265519,3.2001925945716074,1.1249644671689365,-2.1661931848566565,8,440.6,8.434647916863433
GR2432,grid,5,0.010236769793060856,1,480,0.060377831336978535,1,0.5,2.6664590416351635,3.660301690456021,-3.944876278481934,2.9185139553823687,1.0318690363992773,-2.6956189949728104,8,226.1,8.434081375626189
GR0557,grid,6,0.00558933334146357,2,120,0.054081610275781115,1,0.5,2.3763243290802447,3.1071227222830498,-4.13121273289742,3.0790688842635747,0.9652393591415095,-2.3679472244279713,8,272.4,8.433620611908326
GR1040,grid,3,0.003586198231963352,1,30,0.06323266570171104,2,0.5,1.6530665347561573,4.734571543194706,-8.881187610119268,2.118499394108061,1.3034373902686294,-5.340446891838528,9,488.8,8.433092865486655
GR3254,grid,8,0.008373385367143047,1,120,0.04155514170062698,2,0.5,2.633459644686713,3.758234623871478,-4.07773118059371,2.899178101417662,0.9858178352445941,-2.4146561295960236,8,245.5,8.428654098087769
GR1910,grid,8,0.004719324790702481,1,120,0.06896153449366658,1,0.5,2.1946602307803538,2.1797034683861383,-3.196570377866046,3.1003606276950086,0.8501191070113856,-1.5493483106806343,8,632.5,8.428608981616934
GR2339,grid,4,0.007755887608261497,1,120,0.07057170937175804,3,0.5,2.654356529032631,9.311520738937173,-10.773041643111464,2.976079878756299,2.7616233447175658,-5.5478946076338795,8,242.7,8.423599095269498
GR1003,grid,5,0.0060922827369981015,2,30,0.05131245898751145,2,0.5,2.575961100085938,6.272565568794913,-7.072000325409045,3.178679866009599,1.54658801556445,-5.108224642879886,8,188.2,8.420427832402464
GR2166,grid,6,0.005269607160506108,1,30,0.0538746864534354,2,0.5,2.563178053369639,4.719213695938822,-5.7107275064842,3.1593963106542446,1.3151612024418702,-4.626136651788311,8,407.2,8.418326452893353
GR2807,grid,8,0.0038423956701308494,1,120,0.07338551252439911,1,0.5,2.0277095366769453,2.416080347001383,-3.3080263513183676,3.146380666617675,0.8893978376612051,-1.2930057926609697,8,870.2,8.417755640434276
GR2177,grid,8,0.006394516254894813,2,240,0.05525870777995267,2,0.5,2.901164306026585,7.198822144760963,-6.738251243491105,2.7966557089378377,1.592244996368445,-3.9876834183956085,8,292.7,8.416962955435741
GR3003,grid,6,0.00961759109906042,1,120,0.05910520782605589,1,0.5,2.403758606371407,2.0903946146268026,-2.94311469753653,2.934364904148744,0.6952241127782199,-1.4534537456802172,8,188.5,8.410002493059801
GR2231,grid,6,0.0042154312250242895,1,120,0.07096139541703524,2,0.5,2.097426527716857,5.514651115202488,-8.870565675912621,3.104829865506334,1.9923739938164107,-2.938474539908839,8,693.5,8.409482844903689
GR1412,grid,8,0.006034048383542135,1,240,0.061303686838532656,1,0.5,2.512076303393175,2.8512608110981366,-3.619011646691688,2.8567928922084573,0.9769582482583138,-1.835685521082087,8,514.6,8.4071952211075
GR2044,grid,6,0.004767699489495895,1,240,0.05712738358225802,1,0.5,2.581727280338588,3.853706710301703,-3.91685037299545,2.911779766764344,1.0871352346593652,-2.7698673218242584,8,685.4,8.405597858608825
GR3512,grid,6,0.00826065176984865,1,240,0.06994278367309285,2,0.5,2.873709188019696,6.740528256152483,-7.542852599164017,2.6690892187648108,1.7204299274518924,-3.333377219227459,8,305.2,8.400834665892578
GR1953,grid,6,0.011993853714774832,2,120,0.06846768580650346,1,0.5,2.217988687556098,1.730413732945508,-2.186752446664523,2.9913227298768423,0.6308829960664533,-1.050964736628357,8,72.0,8.398904590199024
GR1166,grid,4,0.009490708145270492,2,240,0.06829099436139462,1,0.5,2.250806286656646,3.3233068080477772,-4.154397219225011,3.181484543452725,0.9106029108243513,-3.065204431538041,8,113.8,8.395845897524387
GR3761,grid,8,0.008838955181216334,2,480,0.06159929160452916,1,0.5,2.5941250419011177,2.973815678310326,-2.860146324305133,2.8275274610989194,0.7793542568082211,-1.9836200488436044,8,183.4,8.393956007678891
GR3793,grid,8,0.004428887533589449,1,480,0.03023961685728123,2,0.5,2.6089544134842053,6.739596517146502,-5.502134102392647,2.923542253689725,2.0192482228412336,-4.460151043666229,8,865.5,8.392211133412964
GR3580,grid,5,0.004958993689818811,1,120,0.07560147411415077,3,0.5,2.178248177608747,8.946041151511725,-10.354042419528104,3.1242555417813334,3.4101096453077986,-5.78998144856936,8,519.2,8.384799331794687
GR2033,grid,6,0.008475560864707767,2,120,0.03291088010141635,2,0.5,3.0468950836738773,5.2522709326719905,-4.514328864013533,2.6255464307329186,1.0467467194163746,-3.2529702394243394,8,136.4,8.384125942119827
GR3597,grid,8,0.005112082196633908,2,120,0.05848767147857558,1,0.5,2.4085016163938016,2.8722376620229846,-3.3789082211676575,2.8874464308022327,0.9534526986480014,-2.001667549338308,8,348.4,8.378077541710686
GR3623,grid,8,0.0037120300772854418,2,240,0.07826197945982646,2,0.5,2.7423683454044516,8.653549587696912,-8.355841685543018,2.896101066799928,2.107470327107925,-5.3044963611835,8,657.2,8.376283828178927
GR3881,grid,8,0.003705433207453566,1,120,0.035746209357468486,3,0.5,1.984028387822347,7.715909425479905,-11.195874911779393,3.2904750835631154,2.8606232706501373,-5.47692694397525,8,957.1,8.376156548963602
GR1094,grid,3,0.008221054149776332,1,120,0.061632610035924365,2,0.5,2.4118603128313807,7.085072672562357,-8.596162859983433,2.97281639591956,2.2287707598116193,-4.392308984817827,8,202.6,8.376088593709078
GR0842,grid,6,0.003588603126993533,2,240,0.07660463945785824,1,0.5,2.6573245225220066,4.494804398104051,-4.537861744846032,2.8174312923965075,0.975832662093002,-2.8067366783143006,8,561.3,8.374703850603614
GR1853,grid,5,0.005767874902314419,1,120,0.05593797689240687,1,0.5,1.9725065494827736,2.6989601283164357,-4.110520584362329,3.1162307488073813,1.243101052243441,-1.994030935236242,8,408.5,8.373862029873454
GR0136,grid,5,0.011103119048890943,2,30,0.04004123762173273,3,0.5,1.4592383795831123,3.4511609051117773,-8.710194433836005,1.823523994350308,0.8597478102697116,-2.5643309211150154,9,50.3,8.373277280887248
GR0719,grid,8,0.003405400727552734,2,120,0.0729747533592903,2,0.5,2.254654254114862,5.8887320847317195,-7.59455247310052,3.013248767163546,1.6588586855224077,-3.2397403042293083,8,610.8,8.37068249804609
GR3065,grid,4,0.008612127899071304,2,30,0.02850328037887593,1,0.5,1.1042402742351904,1.424399512216756,-3.586350451439084,2.046510288106006,0.4881246616628741,-2.016671656129984,9,76.6,8.370251385483492
GR3483,grid,8,0.00426811122789496,1,240,0.06321100425634116,3,0.5,2.366990051207064,9.513955329142089,-10.271584889353035,3.0104435965770837,3.3324622603641365,-6.02884870380527,8,873.7,8.369662692422622
GR3363,grid,2,0.00979273193434008,2,10,0.032810689188668245,1,0.5,1.3499713989086826,1.907687529537536,-5.206356627145615,1.8999738818263965,0.8714078477740387,-2.7037929341702327,9,44.5,8.367464718266193
GR3050,grid,8,0.0024487542336258765,1,30,0.042409283398528334,2,0.5,1.556545859278566,3.872652829118207,-7.629577917629067,2.101589269026294,1.0375450982301921,-5.532162505900724,9,1381.0,8.363752786349774
GR3331,grid,5,0.005856695260800221,1,30,0.015706967000361845,3,0.5,1.209659802160427,3.529605178698317,-7.9426074718981,2.1558319682420275,1.2641850303284738,-4.541903997870213,9,241.7,8.361642888911106
GR0098,grid,2,0.010606654607004417,1,480,0.043614596466505694,1,0.5,1.8296944986407957,3.9357195423171505,-5.333286818557754,3.2490316957596432,1.4051801896862293,-2.7209471690175633,8,123.4,8.360130197717924
GR2768,grid,5,0.0038563980626782988,1,240,0.0282527996894835,3,0.5,1.7354430778922119,9.414650448680097,-13.68460113260291,2.283073372529452,3.2136677740513293,-10.754598034293284,9,776.6,8.359833480872426
GR3174,grid,8,0.008910139242179295,1,240,0.05312519618285605,2,0.5,2.3627933773898704,4.24417579993222,-5.292160458259023,2.878186134534216,1.5342920304995933,-2.805986034661,8,267.1,8.358405974117666
GR1026,grid,8,0.00486757210533479,2,240,0.06686906612077907,2,0.5,2.5590779137478328,7.261407657173277,-7.577226469802409,2.8931315713220367,2.0481683553441927,-4.601489596121719,8,429.9,8.3573966738795
GR2761,grid,8,0.0023455974434379,1,30,0.045758084994589734,2,0.5,1.570695092367452,3.884830560706459,-8.042385689932853,2.0556597238803156,0.9096897328279157,-5.245721128484438,9,1463.6,8.354287314373545
GR1890,grid,8,0.007976177419246425,2,240,0.05688742771914584,2,0.5,2.6510714510899236,5.869188815615882,-5.240657844180605,2.804180270873947,1.2877003087115866,-3.439940199252706,8,194.1,8.353822169962017
GR3561,grid,5,0.01077980094231426,1,120,0.06346647283232502,3,0.5,2.4921768279198266,7.052799463899797,-8.095150275093584,2.868493148236842,2.1592519054763413,-4.37616527165992,8,152.9,8.34864520122104
GR3480,grid,4,0.006131835498306723,1,120,0.07895277798873077,1,0.5,2.152196993636665,3.0787657767007497,-3.8276336675397578,2.9987231851629184,0.919422074763881,-2.0293900966169165,8,344.0,8.346874891598409
GR3768,grid,4,0.009951534860156768,1,120,0.05629364114288176,1,0.5,2.2085703092805504,2.8340547847772055,-3.713769704949173,2.9740984647114206,1.0628381516382834,-2.332816558570703,8,167.5,8.345973460521124
GR1005,grid,5,0.007059330464597835,1,240,0.06627514892882655,2,0.5,2.6980788253002297,7.899866784297304,-7.665838967063136,2.7470320297553017,2.502083063945964,-5.014323279916135,8,375.0,8.344895309300664
GR1873,grid,6,0.010213681976592266,2,120,0.036849829531035196,3,0.5,2.778339031827911,6.814613694120825,-6.537353921456797,2.6616904316166115,1.6887143264798872,-3.7438698468267284,8,99.0,8.341727359084636
GR2649,grid,5,0.004795198172456812,1,120,0.07123462537329867,1,0.5,2.0740380511809398,2.8528487777183438,-3.661001362256302,3.0227573221040176,1.0747758687906752,-2.119178560927776,8,534.0,8.341283566148679
GR0540,grid,4,0.010166789170432716,1,240,0.05421722976961786,1,0.5,2.525753296999683,3.6607341049965583,-4.003135775917071,2.73901181578654,1.058192326832532,-2.259306018216539,8,193.1,8.339378331257459
GR1105,grid,8,0.008545380231365475,1,60,0.05411304705920422,3,0.5,3.0833827096851696,4.655467655861709,-5.140757204289366,2.4443530349833305,1.2420535533728254,-3.1523845890133817,8,202.9,8.335194887577073
GR0506,grid,3,0.010222375006507453,1,240,0.06498282073116303,1,0.5,2.372623472657275,4.0419695383979475,-4.211452219919847,2.8543140046854236,1.0724306528835588,-2.5899838427265967,8,165.7,8.326623765572712
GR2801,grid,5,0.00602990932583404,2,30,0.04765796371855045,2,0.5,2.5821197844336856,6.202570211494594,-6.718021168394607,2.8742951960108347,1.2283055139852859,-4.008745579954884,8,186.7,8.32580847985651
GR3611,grid,6,0.00629532084906113,1,30,0.05037746790220722,2,0.5,2.493038790881882,4.162682924213388,-4.715002772880598,2.7525131156443403,1.174533454470731,-2.6029072572757466,8,291.7,8.324330780225631
GR1041,grid,8,0.0067683282351145594,1,480,0.07648584136133225,2,0.5,2.248959621388431,5.542785274819531,-7.881101882224666,3.0583136934314323,1.9406931454022964,-4.717788940531591,8,458.7,8.323117163660964
GR0524,grid,2,0.01199523483766526,1,480,0.04286427437872983,2,0.5,2.163131100672259,8.390327933138233,-10.697265790010805,3.1765615253317616,2.681400197770137,-6.191816025638891,8,112.3,8.321395070884249
GR2196,grid,5,0.010683489376571388,1,240,0.05462576019811993,1,0.5,2.590142303035923,3.1821338203108827,-3.5566361213489475,2.649024931953485,0.8038786733820034,-1.8769269337578043,8,187.9,8.320798588134938
GR1080,grid,8,0.003697153240071435,1,120,0.0743176859153571,1,0.5,1.836128969259672,2.2027749025587653,-3.0596505341725426,3.0816033535145655,0.9332514103043014,-1.5392706144120711,8,917.5,8.319864075819076
GR1965,grid,8,0.011885219814555497,1,480,0.06403249552852196,1,0.5,2.4434879115799384,2.1044153725132566,-2.1657519865549513,2.691285313887262,0.5642947471535754,-1.1872948076957437,8,180.2,8.318030656033791
GR1123,grid,8,0.002951582997695366,2,120,0.06900633745001607,1,0.5,2.086397963285271,2.868837720589085,-3.909036981432819,2.962962904745303,0.9723913018479816,-2.1017879271329547,8,741.3,8.310936724640829
GR1110,grid,4,0.0032531766349080077,1,30,0.05007713884145678,3,0.5,1.6679823539520264,7.024805134183862,-14.04556522623103,1.9812681353051969,1.4153891601189372,-6.5819783037098745,9,668.4,8.310277801659868
GR0519,grid,8,0.005066107148977536,2,120,0.05718219633482222,1,0.5,2.308232883583701,2.7425477047762183,-3.385766377324235,2.873216352542927,0.9516048496180393,-2.531266011094922,8,347.3,8.309669651023176
GR2739,grid,8,0.007251091761412273,1,30,0.05562170368471916,1,0.5,2.974315828785744,1.6412876673532157,-1.8260522258078709,2.3490478344138834,0.3099075015882463,-1.099375706362407,8,234.3,8.308196331867286
GR3495,grid,4,0.010897696305869755,1,120,0.03372801047269614,1,0.5,2.8945556270989563,2.984888494008135,-2.832334693984776,2.39050556785244,0.8023886574071604,-1.6843262644412789,8,149.2,8.30722571038938
GR2020,grid,8,0.0064712690521196384,2,60,0.0558445269077638,2,0.5,2.772625945403869,4.394211961642343,-4.246235081279974,2.5557788221633664,1.0337446878201502,-2.6314329721059586,8,199.7,8.306701850293932
GR0515,grid,5,0.0060069897009143065,1,120,0.03693423283579142,3,0.5,2.56616658808277,10.009807709166385,-11.957522957397268,2.960461262577339,2.961843404108387,-7.217352578206773,8,414.4,8.3059638622209
GR1240,grid,2,0.0024903312534403322,2,480,0.05232999690695438,2,0.5,2.147160028385251,9.171943709280463,-10.696726323466628,1.7392937302978173,1.6653515810504929,-7.5899417996414735,9,298.0,8.304661805655144
GR0859,grid,8,0.009995536071272411,2,120,0.03348713737896648,3,0.5,2.8126323937932503,4.72148750394523,-5.199441688785355,2.5618715698846897,1.1784164335930691,-3.230305241406822,8,95.5,8.297086924789122
GR3136,grid,4,0.011894226199511226,2,240,0.07661427336224312,2,0.5,2.361456764970946,6.362969544930998,-7.9987651246116,2.966450717455924,1.3534441848376848,-4.293768255709528,8,79.6,8.293989291790894
GR1096,grid,5,0.005065183519616554,1,30,0.031396936065695144,3,0.5,2.118171027454109,6.7184710059177775,-10.454445423791022,3.24366963164685,2.8868608175534245,-7.211031283519806,8,392.2,8.2933896308704
GR0710,grid,6,0.009673571827105758,1,10,0.02856909259703718,1,0.5,2.024666673978813,1.004641092588523,-1.6170403380057905,2.9177992978421754,0.3010411366846565,-0.8519649177870814,8,90.6,8.29337508209017
GR1351,grid,6,0.004553850756716072,2,480,0.01581359042957186,3,0.5,2.4734617160913452,7.569223328144522,-8.771598491131353,2.9048565636982344,1.4232889375651214,-4.529674908458583,8,295.9,8.291306588989304
GR3465,grid,5,0.004399622591586525,2,120,0.07501434834503284,1,0.5,2.096807611032623,2.9057503251556267,-4.368828048254182,2.937884406136207,0.8049464787424295,-2.1653661986185213,8,327.4,8.285564012453364
GR2856,grid,4,0.007129563937359651,1,240,0.07187502353404315,3,0.5,2.9040332687541346,14.388654394067505,-12.190759392937489,2.7517877649960147,3.232511205657154,-8.053451506641432,8,344.8,8.284908280928535
GR0526,grid,8,0.003631349873796466,1,30,0.05206652821496713,1,0.5,2.484585662209111,2.2754092136620327,-2.9387632155705252,2.702636767027775,0.503860576117555,-1.9678562055604925,8,782.2,8.283799717581008
GR2716,grid,6,0.005218020535608492,2,30,0.06002506803335477,3,0.5,2.739530439373657,9.121240963119234,-10.385975545198836,2.491879979354663,2.2585622415229496,-4.038782406900827,8,255.3,8.281563157429481
GR0626,grid,8,0.007182963453801403,1,240,0.06469515449032416,3,0.5,2.6749244861486896,8.110764966133965,-10.17764325932103,2.608659450064208,2.5765710895438136,-5.0196321274551154,8,391.5,8.281321857889699
GR1974,grid,5,0.004487461509470052,1,120,0.07028924290015777,1,0.5,1.9906086726087104,2.8013554707162056,-3.40224681990574,2.951214219919372,1.0185324227780748,-2.104776310436973,8,582.0,8.28042501594236
GR2925,grid,6,0.0039306526791219746,2,120,0.06658458627209934,1,0.5,2.3109881625207693,3.129187043376244,-3.925026402053518,2.7941991000544824,0.8775769595641012,-2.404072796934579,8,433.7,8.2766478327298
GR0406,grid,5,0.005538388770421584,2,480,0.042961868588578506,3,0.5,2.2566898548027305,12.080630902611418,-16.173306366800098,3.159566729966244,3.3719508292760794,-8.198902756827191,8,296.5,8.276633885858084
GR3241,grid,5,0.011560961051892114,1,120,0.06371780689979534,2,0.5,2.6253777861418532,4.52848186229315,-5.424927214913641,2.5838489752583818,1.2382606073736335,-2.882329968826198,8,136.0,8.276466425169147
GR3437,grid,5,0.009526933363133823,1,240,0.0652556930669315,3,0.5,2.498718150552867,9.384475555887555,-11.02813067252735,2.7721564664217055,2.7019508073308827,-5.639262449761591,8,219.1,8.274886172656403
GR3696,grid,5,0.005096375529842488,2,120,0.06927722043312105,2,0.5,2.26570830384312,6.155255426810713,-7.771826445869428,2.8964056416655017,1.9579349919947564,-4.426843097027977,8,278.9,8.274119243440316
GR3866,grid,6,0.008600007534400239,1,480,0.042010167828958736,1,0.5,2.156357645463674,2.9652334940039076,-2.990313053383179,2.823963170833137,0.9813965606835137,-2.199241882568458,8,295.1,8.264247932414587
GR2938,grid,6,0.00422093394984683,2,480,0.04385362912070347,3,0.5,2.5252856171559053,12.924521697376056,-15.096170942700118,2.6513948222456256,3.4939396844580886,-6.1246480782595425,8,474.8,8.262749645218378
GR2264,grid,5,0.0062366329360397646,1,240,0.06063506135564527,2,0.5,2.4186357362728335,7.530436262822128,-7.634081240427731,2.767015788694858,2.309105862677465,-4.947138177507713,8,426.4,8.258648004158271
GR2529,grid,8,0.0021759226834228004,1,30,0.05327537470847371,2,0.5,1.2276570267814617,3.1933046264926523,-8.149664801680956,2.073150517970657,1.1620964970365475,-5.59372331416389,9,1575.9,8.258559162034325
GR2495,grid,8,0.005058420002642635,1,30,0.05244622187515114,2,0.5,2.7768888565340824,4.0687206513454015,-4.250989372329387,2.585546084985036,0.7168227259067625,-3.383422825718062,8,448.4,8.250902843732948
GR2789,grid,3,0.007485258996981711,1,240,0.0626308239483684,2,0.5,2.5205450741627833,9.473456454277958,-11.007693843759188,2.770864983325584,2.59528389226511,-6.013343157480267,8,271.4,8.249874886677741
GR2744,grid,8,0.006759313778166773,1,60,0.056577906496469405,3,0.5,2.6513936958802455,5.0064680718970305,-5.785569061195438,2.4793387085880685,1.5358751289425858,-3.089986740132954,8,299.3,8.248591333536135
GR1705,grid,6,0.0044043725126223995,1,120,0.06797517052318185,1,0.5,2.044247406737858,2.6495512300178126,-3.787939978630729,2.827795713520843,0.9527316731192442,-1.9117990846149222,8,640.7,8.24729288187838
GR2606,grid,6,0.003753133681380532,1,30,0.054952699254755405,2,0.5,2.4291638880393154,5.519711706389131,-7.104543757572883,2.9210442355598802,1.5702336671169561,-5.38820961382371,8,717.7,8.245545188953676
GR3307,grid,3,0.008473399383741838,1,480,0.07493204211286568,1,0.5,2.1728157155576837,4.208734350939149,-5.480992766076197,2.77559523181218,1.489007521178819,-2.9699617055026284,8,232.2,8.241785468346935
GR2984,grid,6,0.005843867086628802,1,120,0.06247975035649264,2,0.5,2.1246702966931084,5.111116160305416,-7.115763875067987,2.837278127817185,1.615098141743798,-3.3763151607323927,8,431.3,8.240805188221227
GR2919,grid,4,0.009306226008841302,1,120,0.03179711948411018,1,0.5,2.860188023507239,3.3834331892316043,-3.2769735546337873,2.309343735165508,0.5070272959022077,-1.7265381772479667,8,191.5,8.23423098091395
GR2346,grid,6,0.0016900995226243574,2,30,0.06553441801550271,2,0.5,1.0942315017075956,3.0323772313308632,-10.391275638705574,2.001266787897471,1.194647681883589,-4.8382027572322475,9,1016.2,8.234119154182894
GR0260,grid,8,0.006373718288660298,1,30,0.04989778291133351,3,0.5,2.423837450359686,4.539633033263624,-5.303159642484824,2.6185738961735243,1.2796794506880287,-2.916921116528938,8,282.3,8.232868577449299
GR3058,grid,3,0.006466278449002053,1,30,0.05854252749586807,1,0.5,2.051384333762519,2.944582178933591,-4.045326466995321,2.852027654634958,1.211055370217917,-2.728125997043062,8,240.1,8.232024614509337
GR0099,grid,8,0.006646025195633173,1,240,0.056954215394853125,3,0.5,2.7393426019843723,8.875919483743676,-10.41848826226482,2.546593064165351,2.480466106791569,-5.570800167565794,8,456.0,8.231958937959098
GR1355,grid,8,0.005174473897544545,1,120,0.04117002119506099,2,0.5,2.2665463795240224,4.894349433762381,-5.227852674618353,2.820642538039415,1.3495954547346503,-3.8693799706901517,8,562.7,8.225057894112306
GR0871,grid,8,0.008956936512076526,1,240,0.04499429122492007,2,0.5,2.654750264262248,4.44388883280795,-4.254885595963133,2.5481507610145107,1.0114412265187693,-3.3194365122695126,8,259.3,8.224842029120536
GR3378,grid,4,0.0036662315358939887,2,30,0.07466521552201949,2,0.5,2.253986545829368,6.0582084011232045,-9.392733836921089,2.705433013232695,2.0130477688648445,-3.844868452503743,8,338.2,8.223992534062488
GR2785,grid,5,0.0077331722442535444,1,120,0.04156508925476174,2,0.5,2.4987122857767146,6.03444138105372,-6.655653108099704,2.660729487028794,1.7162987661553164,-4.3431145149040455,8,272.7,8.223658985294156
GR2763,grid,6,0.0070370389990480646,1,60,0.04915600702711663,3,0.5,2.428978759509588,5.916316005329778,-7.7690561283055475,2.627745768586153,1.9363959543686469,-4.057911856987011,8,267.2,8.222616188646915
GR0782,grid,4,0.005315408125082385,2,120,0.010433793177788916,3,0.5,1.6494462312532108,4.350849326361336,-7.669015759770099,1.8654438918084064,1.1728959803713297,-6.820738606774011,9,139.9,8.218870982713012
GR0893,grid,6,0.00798853308883565,2,480,0.04524329226204801,3,0.5,2.5694577656908,10.515276324974483,-10.695651667785388,2.756851209540216,3.4280338681349676,-7.792666169378226,8,204.4,8.218103113288443
GR3362,grid,4,0.008685505415056314,1,240,0.04430134360437027,1,0.5,2.811944665177692,4.4769259519781786,-3.783793621238183,2.3358157869215335,0.9618039105925946,-2.590909742675103,8,268.5,8.2161902319549
GR3086,grid,8,0.003056520600495084,1,120,0.06925625886926899,2,0.5,1.6218877099477347,4.580656957806346,-7.574989153728021,3.0568135591013554,1.9561621743836604,-3.405876850404165,8,1205.7,8.214272777506373
GR2549,grid,3,0.010487274136090666,2,120,0.031338458050219134,1,0.5,2.738861297226547,3.779233469569627,-4.392527237598806,2.371947947328897,0.8877632293228018,-2.4912277523122066,8,84.1,8.21058235867306
GR2082,grid,5,0.0071215032967983346,1,30,0.053124133883232984,1,0.5,2.808356329306668,2.510427948982849,-2.8916522606306354,2.302537574241251,0.46658639414979375,-1.767484158421685,8,232.3,8.209926669227245
GR2979,grid,4,0.009046843075739518,2,240,0.06078565434882814,2,0.5,2.452913383260378,7.36088841176557,-7.882251457132752,2.803956486762986,1.9198011198629323,-5.695092068482864,8,126.7,8.209532999501521
GR3462,grid,8,0.0033999158565080245,1,120,0.03223136421986341,3,0.5,2.1243570591144207,8.652062852438252,-10.960466457320745,2.830647103367292,2.7677483124194477,-5.411543594924824,8,1121.6,8.207825563547674
GR2463,grid,8,0.010973795209236359,1,120,0.03278892914939652,3,0.5,2.8397983892972727,4.522977208381291,-4.245257478794174,2.256874145374262,1.1065958227896118,-2.5557937696630506,8,148.7,8.202712921850985
GR3755,grid,3,0.011676418437502287,1,480,0.06734717813397685,1,0.5,2.156616027414715,4.2611861789607905,-4.490509135604516,2.769772140811796,1.3007383252357487,-3.295641119378852,8,152.6,8.199702870445853
GR1397,grid,5,0.004372564924701764,1,120,0.04010630797057838,1,0.5,2.574765076029553,3.959348750335735,-3.2191997841442936,2.4257386356378894,0.9380888684578388,-2.334520596497423,8,676.9,8.198987782532699
GR0227,grid,8,0.004454264583638552,1,240,0.04800958804896111,2,0.5,2.642709522212072,6.696572579261549,-8.137833414608103,2.5606053101867143,1.8442038004451131,-4.895946334424353,8,840.5,8.198864770217792
GR1581,grid,5,0.006909335971614303,1,60,0.04688614368577096,3,0.5,2.4443561367696534,7.2188871484286254,-9.345183458976772,2.6140298494725736,2.395819824298729,-5.1910809306877495,8,277.6,8.189821003396187
GR1337,grid,8,0.010479752150823363,2,480,0.041658211408190704,2,0.5,2.34115642989505,3.5286488524473265,-4.484160075148175,2.614127526692072,1.1830510217613428,-3.1271686893070907,8,115.2,8.18571827636243
GR1267,grid,8,0.00477856271218455,2,120,0.05580151548571103,3,0.5,2.2290420032729608,8.11764022593042,-10.772142755874684,2.8416997214208073,2.551094903751524,-6.11570202942934,8,374.0,8.184622946155613
GR3341,grid,2,0.009855186864177717,1,10,0.023933948596455642,1,0.5,1.5988575766605446,2.3394058197224927,-4.950541516885714,3.0432622979412542,1.0351124289989075,-2.4599945415724322,8,83.2,8.184334628897295
GR1840,grid,6,0.002239997568490649,1,30,0.0530472353788004,1,0.5,1.0093305970034787,1.55063780682156,-4.971091023549871,1.8555540575741312,0.5529297193806888,-3.3029271704272287,9,1316.3,8.183857252334224
GR1934,grid,4,0.009560564217747607,1,240,0.05117851781618294,3,0.5,2.351712179258671,11.337484280638149,-12.06433720772995,2.7542837916782816,3.7750117444947286,-7.739442031964136,8,217.0,8.18257577767456
GR2642,grid,4,0.008107812926720111,2,30,0.06103876249448507,2,0.5,2.035201269754936,5.908055374436301,-7.3442769866910025,2.655800137009893,1.3382980428427982,-2.2115663830650374,8,108.1,8.180040303024455
GR2942,grid,8,0.003735707497215272,1,120,0.06394081659213148,1,0.5,1.8869330927372119,2.358112109707503,-3.049341968405115,2.747238680305837,0.8981886443128424,-1.5801007615930391,8,914.9,8.179386379808236
GR1649,grid,8,0.004502568467894779,2,120,0.035038066043842374,2,0.5,2.8990539246440137,7.089740970250841,-6.714478671263604,2.2996887558061716,1.468916959092949,-4.096806466632224,8,443.6,8.176281086235484
GR3017,grid,8,0.007479211396739294,2,60,0.06703038127469331,3,0.5,2.396974779762952,5.1641388411778895,-6.682693665472689,2.5270710938693814,1.4582859312498568,-3.2948842561533276,8,148.9,8.175244245300895
GR2063,grid,8,0.006607258247639549,1,60,0.06835885400940793,2,0.5,2.5640497729486187,3.2286262968270982,-3.878352043154737,2.506493101589571,0.8632329282866851,-3.220137794749262,8,307.5,8.172987194177873
GR2517,grid,6,0.00719129777594144,1,240,0.062009085268046896,2,0.5,2.6872044868310336,6.9494338375958575,-7.256961663442471,2.313235006160078,2.0430990292691953,-3.966467945904697,8,378.4,8.172576944408599
GR3106,grid,3,0.011318577877994644,1,120,0.0309139010469126,3,0.5,2.8832857557362805,9.819077894204236,-9.002575199525364,2.307467899703353,3.1395901214657282,-6.367793475107719,8,123.0,8.17244588279819
GR1793,grid,5,0.009595016459926642,2,30,0.060675715006494046,3,0.5,2.107770979421801,6.491876083651228,-9.085956047299987,2.7453234243510494,1.2638255079552856,-3.299115264726133,8,82.3,8.170885959537367
GR1224,grid,6,0.004964430027196054,1,480,0.05759075105170104,1,0.5,2.022194902058738,3.6313282642158393,-4.392586762901792,2.7693588056861995,1.422821922396004,-3.3026351914599217,8,658.0,8.168537575480496
GR2692,grid,6,0.0020458940593408807,2,30,0.05837095391411197,1,0.5,1.6500174523217876,2.210358713412579,-4.2481075025192325,2.9924459098659426,0.9458433533087156,-2.505173740528662,8,862.5,8.166962938969188
GR2404,grid,4,0.004256932407474562,1,60,0.0391038185922613,2,0.5,1.9367556361130844,5.291753905049856,-9.97867175910731,2.9123160903677,1.7476451827806163,-4.425374292709239,8,512.7,8.165858088559286
GR2809,grid,4,0.006750324522447519,1,480,0.025217276437643193,1,0.5,1.6944016605081118,3.2753442712814334,-4.0274109859220335,2.8719914838666027,1.2887726520162979,-2.303653495833823,8,331.7,8.165599268303678
GR2272,grid,8,0.0034301051726839966,2,60,0.05060097231205483,1,0.5,2.3598563087954343,2.709031027210802,-3.4085872289046524,2.4752917231344136,0.8365748940239192,-2.0533727558447756,8,554.4,8.165561794220345
GR3818,grid,4,0.0069711963165371305,1,60,0.052293642357948256,2,0.5,2.285040763314202,5.323851048940005,-7.055766413407237,2.620778371242704,1.7765503314994402,-4.056811294549134,8,254.4,8.163577844900486
GR0182,grid,5,0.006084274478427995,2,120,0.04982207726715849,3,0.5,2.209759416272893,8.952974952038113,-12.451561571555576,2.893055735337072,2.7983076574719346,-7.134530142961648,8,217.8,8.160595709803607
GR3211,grid,5,0.006625440417776233,1,60,0.07312405851190043,1,0.5,2.438863560329873,2.3625868984920544,-3.1736490219844926,2.4989956162415443,0.6666856207572873,-2.5744047396960013,8,293.5,8.15507766068648
GR3937,grid,8,0.009763199397335956,1,120,0.04274292214798171,3,0.5,2.6369683875596897,5.21274221636245,-4.870244524690861,2.3887023472812805,1.13063300433473,-3.357192371159181,8,187.8,8.15502567062171
GR1744,grid,3,0.009018749693306816,1,120,0.06699255042891397,2,0.5,2.31745909904071,6.469043164728103,-8.14362704333842,2.720260549619145,2.1243746224364206,-5.588666528891718,8,174.2,8.153984955102239
GR3444,grid,4,0.010804414527131972,1,240,0.050487192434530204,1,0.5,2.5027173687662083,3.31709186796675,-4.648458183710536,2.363517618996805,0.9239504379671473,-2.2392811024060757,8,171.5,8.153957308071433
GR3366,grid,4,0.0072665610167499525,1,120,0.07225548709556891,3,0.5,2.0543718688366095,7.848640580125499,-10.831859091211319,2.7592020182935912,2.6214107022965054,-5.288710568749666,8,256.2,8.15034269094184
GR3147,grid,6,0.007848334598553719,1,480,0.03763542974926485,1,0.5,2.2124436413394912,3.0030941138266933,-3.0698515855766892,2.5654741761764557,0.8982380048535962,-2.3317895041121846,8,328.7,8.150148141822807
GR2074,grid,8,0.003713414347757954,2,30,0.02936398780292361,2,0.5,2.2607520302075095,4.438358346701653,-5.753676812841095,2.6565853087820614,1.2330759331201226,-3.7286000109027917,8,421.7,8.148619072009623
GR3742,grid,6,0.0066505243863549685,1,60,0.07432099107185175,1,0.5,2.4672788118842393,2.0634537930183656,-2.552822513826577,2.3745903911777693,0.5705664535896612,-1.799346303962684,8,299.3,8.14643385764468
GR1222,grid,8,0.005538512110111198,1,240,0.04630426062784371,2,0.5,2.2002865788330412,5.666506331962607,-7.333644479638242,2.694791801615927,1.542818975736493,-4.167443234783696,8,590.7,8.146121208348976
GR2550,grid,3,0.010073179963572437,1,120,0.05857335025263065,2,0.5,2.0752434919116287,6.3584260609115955,-8.284937476212818,2.8648716812178754,2.27257319137989,-5.793682138154727,8,149.7,8.145950231142642
GR2397,grid,6,0.003760363128000016,2,120,0.032223667070251365,2,0.5,2.814619557750032,8.46666918935325,-7.57065995459292,2.4101090023189853,1.7669990870428243,-5.417463447081737,8,513.3,8.145247038507076
GR0376,grid,4,0.005422586623223455,1,30,0.04208923059631197,1,0.5,2.3298500809986695,2.893376588838831,-3.8410149695501787,2.601858945259187,0.7975498632366034,-3.1755266461777323,8,348.7,8.1430639399545
GR1639,grid,5,0.003954454488168493,1,240,0.062199712312533774,3,0.5,2.321018806162704,12.31382689967671,-14.970586634027805,2.996603723752485,3.7545112972450774,-10.035230411306747,8,799.8,8.143024396638632
GR1906,grid,4,0.008397359475479092,1,60,0.05307856002222536,3,0.5,2.747656008782296,8.200025673226964,-10.331463970523238,2.452924066768318,2.3919229413188274,-6.280847379800653,8,193.9,8.1426156251979
GR2757,grid,4,0.004268413659861954,2,30,0.07038912298865686,3,0.5,2.267523642144663,9.663415660546464,-13.696675814597148,2.6880587804566667,3.247556119336803,-6.7878619990148215,8,285.8,8.142416313454953
GR3167,grid,8,0.00956042413861901,1,10,0.022452333947557745,2,0.5,1.6108149287440772,1.1949708509899064,-2.9871285571023147,2.8993117304816076,0.5588831038980461,-1.5272042123263054,8,91.4,8.141013152912212
GR1976,grid,5,0.006070119561262086,1,30,0.04187227154944127,3,0.5,2.672924090785627,7.6561790525223445,-8.565079162726033,2.43553750876757,1.5832663329000973,-4.737415392239855,8,304.0,8.14028548927871
GR1244,grid,5,0.004682168075926707,2,120,0.07307910761015289,2,0.5,1.976570872380858,5.489671578598868,-7.738535986862825,2.7606331292696376,1.7742295934970898,-3.964710476882228,8,301.8,8.139311908752429
GR0900,grid,6,0.00412219747865963,1,120,0.032165568676587715,2,0.5,2.2157388312662576,6.424033996176428,-6.921117769798984,2.7403456091846463,1.8252641060697479,-5.147692275352893,8,765.1,8.135036765477373
GR0662,grid,6,0.009250998884933593,1,120,0.04684132277936756,3,0.5,2.3926284768657746,6.302435974895703,-8.59850430855051,2.5136387428167217,1.6184059795647208,-4.070377429784148,8,197.0,8.134175809905386
GR1335,grid,6,0.004697046836219295,1,240,0.05508482819899139,2,0.5,2.5712095533550383,7.88429461427187,-8.366654413056803,2.495897085938277,1.877885889253688,-5.201294099280822,8,703.8,8.132669779862182
GR3157,grid,8,0.010350162411539252,1,60,0.02477293803007535,1,0.5,2.1902097503515234,0.8708418889655587,-1.0941983974581488,2.445202213465424,0.21206488791709127,-0.7052141425180162,8,113.4,8.132056263647184
GR3494,grid,6,0.004041524545670293,2,120,0.0235539962133288,1,0.5,2.511688248201864,3.3160100961630135,-3.9568713041034065,2.399934001744824,0.7550157935877069,-2.729853729676979,8,438.4,8.130086814952127
GR1698,grid,8,0.0061813645405362485,1,30,0.027923756708008986,1,0.5,2.3957141991309134,1.3055297408026765,-1.70173010748862,2.3562940023188648,0.3303803792387807,-1.2578046436696604,8,268.4,8.130008712501686
GR2677,grid,5,0.009547015135114106,2,120,0.06531284210341644,1,0.5,2.3081276109148865,2.4857435075433676,-2.820673194124756,2.38894743212431,0.730162369625954,-1.7633421892082335,8,108.3,8.120077085947987
GR2851,grid,3,0.0072445781817598864,1,480,0.04823797464471156,1,0.5,1.8841907641702769,4.304826714936001,-5.820981671623067,2.7178252928172073,1.3010770482262943,-2.883030682283625,8,280.0,8.119382933939912
GR3079,grid,5,0.007645617388010485,2,60,0.07914138840890594,2,0.5,2.3145459736599134,5.048730113713757,-7.122207609071212,2.5095830028757145,1.4124192470318595,-3.6663838225178185,8,137.4,8.116686653803526
GR1431,grid,6,0.005628125381956881,2,10,0.013994268989950723,1,0.5,1.741065329754219,1.3051874130788528,-2.4422202810062483,2.8269759168531,0.42449002878220926,-1.8656617031251155,8,138.7,8.11647826162523
GR0756,grid,5,0.009258258512933933,1,120,0.03832544858697505,1,0.5,2.143682092475209,2.4845594613856465,-3.08785363895684,2.4284278064343927,0.6828003502602168,-1.4202883707536422,8,199.7,8.105303866413639
GR3559,grid,6,0.0037601329094126713,2,120,0.01783927932141161,1,0.5,1.790652110098956,2.2303961213403456,-3.7412648309589893,2.7637113350014095,0.5925245232650523,-2.0762880868403046,8,397.9,8.103690410431108
GR1752,grid,6,0.007978769122757749,2,30,0.07852983707296515,2,0.5,2.1347523247100355,4.3943829850983125,-6.0760951895941435,2.4846914077248323,0.8329903033041465,-2.045318235023751,8,117.1,8.102456961052091
GR1376,grid,5,0.007153534400652486,1,60,0.05627775339478306,2,0.5,2.4336386157554863,4.733658196402028,-5.641605908675647,2.3519188855384643,1.354080983888116,-3.2478880197881153,8,255.7,8.101908280742718
GR1819,grid,5,0.004324243496940721,2,30,0.053987479443315584,1,0.5,2.4806598678924927,3.3766596740868082,-3.4868214122279277,2.273707086226302,0.8370256851593277,-2.230074616364764,8,319.5,8.100523727000445
GR1915,grid,8,0.003766674550952877,2,120,0.059750256686131036,3,0.5,2.36545333092397,9.371306247557156,-11.620973004417483,2.746595331137109,2.6687678444393312,-7.66385874779482,8,549.7,8.099273800976349
GR0685,grid,8,0.00255327175890112,2,240,0.013591838929162107,1,0.5,2.367052310660602,2.386088508270794,-2.9434243366012924,2.4165083980046997,0.45123341005156725,-2.359408411047043,8,731.2,8.0920786404416
GR1358,grid,8,0.007453795334373239,1,120,0.06726793207502521,3,0.5,2.381877010699586,5.197923014963164,-7.039224447402066,2.374186959390053,1.6610008399636063,-3.730028717040368,8,286.7,8.092025579110066
GR1006,grid,5,0.006344364517385549,2,60,0.07024649427602478,2,0.5,2.3518147892980816,5.656824688657347,-6.798594960898371,2.436150110874077,1.8156296218527044,-4.251661515955347,8,189.5,8.091962665473655
GR0545,grid,6,0.003468291764672312,2,120,0.06354595707517063,1,0.5,2.0751065053799747,2.898838824662715,-4.073460633338781,2.5277155090831434,0.8192920854174354,-2.2430151553388717,8,500.3,8.09096638821447
GR0910,grid,5,0.0046806526101755746,2,120,0.07453785201244123,3,0.5,1.9754230847076382,8.227154073514788,-11.609101945604214,2.7596703278391854,2.6601603591992697,-5.947121523368387,8,301.8,8.090464110273764
GR0509,grid,5,0.003883602627615027,1,60,0.025052932040167543,1,0.5,1.1624470147596633,1.657851659107595,-3.8929415490702737,3.116184277715278,0.9715005341906509,-2.328495256506776,8,604.1,8.08902735674462
GR2866,grid,4,0.010160848060773248,1,240,0.05228145979716241,1,0.5,2.4830263809249358,3.664745302141359,-4.0039880674127195,2.242628693328492,0.9014415764741261,-2.29242347393827,8,192.8,8.088660743956936
GR0271,grid,4,0.009570778037821205,1,120,0.04029449208313021,1,0.5,2.6677978161321074,3.3218913707953215,-3.672146331591939,2.109819078955338,0.7458911807658315,-2.0168847031962653,8,190.0,8.088416142639025
GR2635,grid,8,0.005128968950457813,1,240,0.04596763622455445,2,0.5,2.4318058470656245,6.058493589100276,-6.890072995018018,2.46361097420117,1.586131893757689,-4.632009561013401,8,670.8,8.087136670350025
GR1235,grid,8,0.009116385902923713,1,10,0.040416707660560686,1,0.5,1.6729556049985341,0.697414781557427,-1.1606167563965755,2.676706186660637,0.24570935590378032,-0.6851541448762873,8,96.3,8.084951965276574
GR2259,grid,8,0.00653395980635847,1,120,0.05113666870709335,1,0.5,2.175704969520061,1.969196773283609,-2.4897691763046352,2.3591069170360477,0.6116108296418388,-1.3735105328421378,8,369.8,8.080827837923058
GR2141,grid,5,0.00394480303383595,1,30,0.05417838896355082,2,0.5,2.23221231334851,5.595253159351808,-7.544204643750908,2.806519967098418,1.7385447004406196,-6.538388282173201,8,619.1,8.0793779583037
GR2813,grid,8,0.006531683355484927,1,120,0.052202180637386804,1,0.5,2.216823413068678,2.0556856186736554,-2.3634139868194506,2.3361426075365426,0.6063672665514422,-1.4875946148192998,8,376.3,8.075564901747006
GR1440,grid,5,0.006461677113552548,2,60,0.029631998297360698,1,0.5,2.151540345473627,2.5907791873457096,-3.598194725047506,2.4444678204005794,0.6406229225221213,-2.0605411413041472,8,173.2,8.07308998814587
GR1452,grid,8,0.0037052780293305174,2,30,0.04490370080799643,2,0.5,2.801253662153381,5.899259375909908,-6.66004257410079,2.176686928129808,0.9779313376440261,-3.7565647296451057,8,462.8,8.072725839537245
GR0232,grid,8,0.011782053793785052,1,480,0.05493134139122931,2,0.5,2.6310490163130753,4.054502985048737,-4.105147755513717,2.2218361330492424,1.0593133745253545,-3.3979118070205363,8,172.6,8.07001132630688
GR3928,grid,8,0.009155183056784236,1,10,0.03965479532092913,2,0.5,1.6704610833238533,1.393896142155383,-2.3201420359051736,2.6872493671231017,0.49343961634349576,-1.3703907187012192,8,95.9,8.067652266387958
GR3431,grid,5,0.008725124753648388,2,60,0.05933341305708671,2,0.5,2.3282685103394933,4.67214281565363,-5.511163260099511,2.405562349903236,1.2018392198226266,-3.510351369899963,8,110.7,8.066509665950118
GR1790,grid,6,0.00335973674094289,1,120,0.05180813415266201,1,0.5,1.8414898864315874,2.840281788346098,-3.4037808359272455,2.6312001662380786,1.0098775055473435,-2.5889820195115316,8,976.2,8.061938320009707
GR2794,grid,6,0.0037933876815495152,1,60,0.03875683015550617,3,0.5,2.0980397914570745,7.624194031591581,-10.285541290820492,2.583352661962979,2.3487857959877494,-5.316101365817612,8,739.0,8.060857417050427
GR0418,grid,5,0.00669764850225784,2,480,0.0784627099800174,3,0.5,2.265720065236605,11.945409905778112,-11.797020164708684,2.8272950720367254,3.4684887653634613,-9.488657674034148,8,237.0,8.060158442774537
GR1587,grid,6,0.004652533746410826,1,120,0.0417361793599315,1,0.5,2.4760646654480754,3.551432717299625,-3.657852757786568,2.210287538761446,0.731827690575985,-2.2679115796494442,8,661.7,8.059920312544184
GR3618,grid,5,0.007456894976503371,1,120,0.07762035388712435,3,0.5,2.3560934554809245,7.538435655522754,-8.659356128467625,2.356377087534592,2.179554852839889,-4.714362032725876,8,270.2,8.058700392298483
GR1868,grid,4,0.009334239166349062,2,60,0.0710660807904186,3,0.5,2.37497396862787,7.821292915672065,-10.301148698086,2.442941151395233,2.343697683550674,-5.678835000834806,8,94.5,8.058581423350182
GR2296,grid,6,0.008066279372457534,1,240,0.05965617351720718,1,0.5,2.5131891113891975,3.1380983798067925,-3.752372698578274,2.1105472141769797,0.8649580553048727,-1.942224259404884,8,308.7,8.056366168656497
GR2278,grid,5,0.011390317679165637,1,240,0.05336022760613205,1,0.5,2.537550978465995,2.806697252334341,-3.7871415298468674,2.113422732533428,0.7528792582309578,-1.9496234733851452,8,166.8,8.055558455435209
GR0242,grid,5,0.006748765557179087,2,480,0.059901812557860985,2,0.5,2.314826432011206,7.975898877399894,-8.040212218310263,2.6394368340047847,2.1720892122393307,-6.696205421741015,8,233.7,8.054189316580201
GR2330,grid,4,0.0036452954092055442,2,30,0.060781101096130476,3,0.5,2.180578695161274,8.783189881963747,-14.131367917247752,2.4938228399806,2.8536893035036335,-5.864946231670256,8,336.8,8.052792256919728
GR0154,grid,8,0.0033764074846652694,1,120,0.038404210471180825,1,0.5,1.8629882306089574,2.697571981674861,-3.313025475129143,2.533357597417999,0.9385435042382797,-2.0211737237071428,8,1121.7,8.052720444937421
GR2410,grid,3,0.006958985020183238,1,30,0.05938023347439998,2,0.5,2.4592556070889646,6.782694739874948,-7.219112196924198,2.5211287671918035,1.799351894980484,-6.059296373489851,8,219.7,8.05267499655205
GR0490,grid,4,0.006653219955443973,2,60,0.055382953489594516,3,0.5,2.505112449571459,9.667388113855214,-10.060491767959757,2.44816106773776,2.4697499289205505,-6.638372160933923,8,162.1,8.052483880011039
GR3868,grid,8,0.002817810000164418,1,480,0.016395244040506296,1,0.5,2.153370116843392,2.9504980502126363,-4.5000670451157205,2.377585851701796,0.8724359158887056,-2.2253368455819147,8,1418.2,8.052199330855007
GR1538,grid,8,0.00919901021545443,1,120,0.025398565482169462,2,0.5,2.2068065106195576,2.4895568386249707,-2.8160321569589177,2.3055912502975824,0.6251702704537584,-1.6271290553517792,8,173.8,8.051943894134974
GR0336,grid,8,0.006700668267544653,1,30,0.04233407527568239,1,0.5,2.277517096257075,1.3722548048153675,-1.7660284142514138,2.2243078432685977,0.34005395250174303,-1.0302142493453175,8,252.5,8.049585119587412
GR0334,grid,5,0.0035392395934036006,1,120,0.057505420631556836,1,0.5,1.4632720096597,2.569147424507828,-4.427365734958621,2.8911896075296477,1.060931312691133,-3.0160494183407534,8,795.6,8.043928466201098
GR1788,grid,4,0.004581320136192572,1,240,0.07492101650977007,2,0.5,2.3055351266104895,8.18063009879025,-9.210471456895867,2.5857585356691963,1.8500184827761568,-5.996354919493097,8,557.6,8.043472062486792
GR0599,grid,4,0.009008881900652159,1,10,0.025307141862719533,3,0.5,1.6873042138572352,3.947082356350774,-8.983610374800628,2.7383288789810827,1.7802528769020298,-3.9824100806471323,8,101.8,8.041914885011993
GR2569,grid,5,0.006446756403646514,1,240,0.05368511000245746,1,0.5,2.321329159056326,3.8307222057754564,-4.299393359846326,2.2835866395818796,0.8330786753189023,-2.4855012457113297,8,412.4,8.041528954811577
GR0378,grid,4,0.008724186029212514,1,240,0.044600494105098115,3,0.5,2.70179300598224,12.977330870421383,-11.334727127530824,2.333578444068131,2.518606407424377,-7.043915922776215,8,259.5,8.03950175885271
GR1000,grid,3,0.009071353533638785,2,120,0.056177588019652586,2,0.5,2.018268316575702,5.439693424902233,-9.348312192182748,2.6882077697971134,2.140347751649446,-5.788027537578146,8,93.7,8.03912015925868
GR2145,grid,8,0.006695033962682856,1,60,0.034711161642500286,1,0.5,2.402253459853409,1.4966474228205553,-2.3371668747809236,2.153625806343862,0.3819214045207172,-1.366488213707944,8,288.2,8.03837207034994
GR2575,grid,4,0.009560654948635531,1,120,0.04687920080836398,2,0.5,2.375252165661415,6.103925037143098,-7.455232540459038,2.336071300888007,1.4513837323923,-4.043601740525992,8,181.4,8.037302329257852
GR1812,grid,6,0.007939921837217258,1,120,0.010042837703851866,1,0.5,0.8894590758819205,0.38962506191737695,-1.5166685575610972,1.3456749101868275,0.15342226612992815,-0.8094615291702576,9,96.5,8.036097521888829
GR3987,grid,6,0.004961277762807668,2,480,0.024460386942434978,2,0.5,2.3197026360544166,6.5979710914762935,-8.296270404046318,2.4262885515397152,1.6320067302056434,-4.727066035925327,8,344.1,8.03467721527013
GR3675,grid,5,0.002548254157244034,2,480,0.04278865913711,1,0.5,2.8330798689000085,5.304707582336957,-5.316351420515403,2.0470471140168502,0.9420184772127197,-3.5356913645603347,8,752.9,8.034315158280982
GR3072,grid,5,0.011278268313619487,1,120,0.02534932436889909,2,0.5,2.475182746324797,3.154788278172147,-3.679207872126681,2.2233330348666653,0.8920811207675868,-3.0321954403557356,8,114.1,8.032489452827502
GR2715,grid,8,0.010963900799300446,2,60,0.05206508192884194,3,0.5,2.0581421856922164,3.3299658453438155,-4.630383622567534,2.3394492050781843,1.2545463023548455,-2.3022129546543875,8,71.2,8.032425724901971
GR1419,grid,4,0.004352342192506869,1,120,0.05228957094094796,1,0.5,2.042091855348038,3.3594338242520374,-4.624049912265909,2.515161079131837,0.9490649398959432,-3.1382607596594787,8,553.9,8.032079591825845
GR1390,grid,5,0.007502932272228523,1,480,0.0599535310219253,1,0.5,2.255499895404889,4.059305890201442,-4.279676380412384,2.402783661296055,1.0337909773895464,-3.4780229827955735,8,363.0,8.031924515428122
GR3253,grid,8,0.002698023590909694,1,120,0.06624510638081013,1,0.5,1.5319665922703591,2.3206116301318507,-4.041724610706788,2.696546706964271,0.980100142014875,-2.0266118853224726,8,1450.8,8.029847294056871
GR2168,grid,4,0.010768720317784863,1,240,0.05192176896677922,3,0.5,2.4375671377672763,10.134771243621463,-14.102189766287921,2.372731242263239,3.0655712651350884,-6.950136819134187,8,176.0,8.027236692411396
GR2308,grid,8,0.0024728803248666243,1,120,0.03368950571073036,1,0.5,1.7174334745052047,2.7684063843089404,-4.132339497179091,2.6247695050814928,0.9493785034854371,-2.472285463249027,8,1728.0,8.023989472122127
GR2714,grid,4,0.011319458365836936,1,240,0.058240637139636585,2,0.5,2.378033579527258,6.679116830006478,-7.322833901294161,2.3739122450306476,1.6804616753383308,-4.872525493502489,8,157.3,8.023755988538886
GR3337,grid,4,0.008424257220484975,1,120,0.024682040054747362,2,0.5,2.47574811168211,5.639377083788023,-5.558257237384805,2.3499085403915005,1.1934721379325715,-4.538605356062399,8,206.0,8.02334472635167
GR2285,grid,8,0.004585417467170747,1,240,0.02085745043718453,1,0.5,2.252151055376051,2.0692054602497594,-2.7987320477244433,2.187589551796182,0.6152767907711714,-1.4455038492951098,8,617.0,8.022552527225084
GR1673,grid,6,0.010997828434296695,2,120,0.04954766314296282,1,0.5,2.0091998427875883,1.7109235404045395,-2.773004814977394,2.3134614365997317,0.5323529832293608,-1.0678126644554322,8,81.6,8.02233707809718
GR3442,grid,6,0.008823078390531586,2,10,0.025399386491263616,1,0.5,1.711077372937595,0.9716045809219305,-2.4538435939456575,2.4764377506500703,0.42280936457317325,-0.7216226843106779,8,60.8,8.018247587781024
GR3294,grid,8,0.003960220265900284,1,60,0.06011970983427253,1,0.5,2.0942960328550955,2.04818848820106,-3.0592960716710698,2.4120477427787193,0.6249636917819826,-2.4416665149246546,8,743.7,8.017207398554032
GR3917,grid,4,0.010913760682970999,1,240,0.05869583276405682,3,0.5,2.2689955170697496,9.897387639056054,-11.147622856542766,2.498095111666893,2.962074834799149,-7.098356744775155,8,166.0,8.015906037468449
GR3910,grid,6,0.003430189915738104,2,10,0.03500091617700741,1,0.5,1.8845219335817909,2.1071873083226946,-2.8836379578788183,2.533540410102524,0.6731473271184404,-2.4552813427516047,8,360.2,8.011984670225052
GR0342,grid,5,0.00939764843882038,1,240,0.045156576718976216,3,0.5,2.2604437001951716,9.144492504481901,-10.174197051684569,2.6952146976128586,2.653889892210738,-8.20073672809882,8,231.1,8.01124671167527
GR2009,grid,8,0.005652461090407715,2,10,0.013462743766080794,3,0.5,1.6725964511924771,2.7011068382692196,-5.483389015552893,2.6996903269744386,0.9638466193173464,-3.076311051022458,8,135.7,8.00916864898028
GR3695,grid,8,0.0042917912668265805,1,60,0.042684612740714806,2,0.5,2.497100701877999,4.354461169006899,-5.425691408491475,2.110058015841062,1.317958648328524,-3.2558569753548365,8,658.0,8.008741591036868
GR1364,grid,8,0.002765796399945786,1,240,0.06450577888944724,1,0.5,1.8891912196561305,2.997095206037648,-4.589246298034031,2.568511746290599,0.9762266752454508,-3.201792021409492,8,1507.6,8.008578264462676
GR3425,grid,5,0.003361673213119333,1,240,0.07628271555971544,1,0.5,2.3202155699380964,3.994086343531106,-4.587151261369054,2.277720938173999,0.8889423604070616,-3.0618127748294137,8,930.6,8.008445715502528
GR2279,grid,3,0.00741029269652876,1,30,0.05844860212962759,2,0.5,2.5800363008732043,6.760905476670359,-7.426588819048866,2.381582905196795,1.5818269345096978,-6.108965245367126,8,199.1,8.005731437639268
GR1115,grid,6,0.007559560293854401,1,240,0.05050763855594646,1,0.5,2.7273165600869818,3.4548610333564413,-3.57868532327675,1.924591610022319,0.7158340754227501,-2.2671941891649476,8,350.3,8.00549626722006
GR1193,grid,3,0.010782343266640444,2,120,0.0704015399770169,3,0.5,1.950511923423322,8.234027322538301,-14.502216487210609,2.52152995615275,2.8336416410660803,-5.738041829892336,8,72.9,8.00225087878748
GR1258,grid,4,0.009420487067034916,1,10,0.05884254870979925,1,0.5,1.598190052606518,1.3343052337116605,-2.3803189891506737,2.6001739555501935,0.46976069915185337,-1.4162172134376851,8,92.5,8.00214311890543
GR2348,grid,5,0.004524251131382275,1,120,0.033672943177509476,3,0.5,2.272832808685835,10.404306590816166,-11.771297566665144,2.510743577449606,2.742899151152895,-7.15250850050159,8,624.3,8.001965874520211
GR1841,grid,6,0.007713652294360629,1,120,0.0259940523351,3,0.5,2.1568405465605194,5.40936847413891,-5.419212001225933,2.5356146052011006,1.474743178265568,-5.072496527530384,8,236.5,8.001708398918073
GR2633,grid,5,0.007400163441292502,1,60,0.04299602320930442,3,0.5,2.278932115385601,6.305143280149912,-8.456316639903253,2.4238312000472875,1.8293022788543696,-5.339600665100443,8,232.2,8.000371817039284
GR0468,grid,8,0.01051244588117471,2,10,0.06483708971663746,1,0.5,1.72418055411443,0.7883267992706715,-1.9731778128715085,2.4372031222579205,0.2511296199846638,-0.5689740530792006,8,48.6,7.999947497664414
GR2240,grid,4,0.004657169768784622,2,30,0.07659441930328877,2,0.5,2.0372217065337153,5.949451707938272,-8.363558167094688,2.3793033084556323,1.8576914796748443,-3.897494828911622,8,245.6,7.9966186294044395
GR3838,grid,8,0.007249034702947266,1,10,0.025900815438070476,1,0.5,1.9605738584226622,0.8153152508015917,-1.5091073616198447,2.2628042647304256,0.24254710185526168,-0.5696106986397536,8,146.8,7.991661202885526
GR1465,grid,8,0.010054734465998279,1,10,0.04140959887887362,2,0.5,1.5187573887773897,1.2133278752051047,-2.525853494135554,2.6270043959060736,0.4117147307884024,-1.31854786775295,8,77.9,7.9916035011888455
GR1339,grid,4,0.005493119105164221,1,480,0.043978512770479886,1,0.5,2.5024213424463224,4.6221191859759045,-4.948220784000714,1.9362454157092848,1.218779134770188,-2.1410381005123598,8,479.9,7.99107688455395
GR0587,grid,8,0.011531883169609907,1,30,0.027822140660529363,3,0.5,1.6402547355693937,1.8250594071241995,-3.3763936439043207,2.521157678856336,0.6704310366360351,-1.4972954388483777,8,77.2,7.990394132756151
GR0614,grid,8,0.006782332267861105,1,10,0.010056171158247938,3,0.5,1.0326442048652673,1.4442333359837742,-3.514729048055324,2.9524147823149622,0.820492770934574,-1.9221086006028054,8,131.1,7.988692819139912
GR2124,grid,3,0.006708924628062014,1,480,0.0366229122776472,2,0.5,2.509336351624402,9.942141643447986,-9.955219249324164,2.2425192387346766,2.6983430506305233,-6.54018832451493,8,320.3,7.98539070749747
GR3852,grid,4,0.009450468535030274,1,30,0.04914080263304035,1,0.5,2.821479711873119,2.5571399696486954,-2.911851226307208,1.712045789758367,0.37255837251693624,-1.0234324369406567,8,137.6,7.985263242538117
GR0036,grid,8,0.006697883666672097,1,30,0.042251402825060826,3,0.5,2.282148468237354,4.127371504531231,-5.298128412218776,2.2232214416220737,1.019680883165074,-3.0910451523107256,8,252.9,7.981205950715702
GR2428,grid,8,0.004173314480356741,1,30,0.04074402885653341,1,0.5,2.088554999713268,1.8098556601531128,-2.610967741160621,2.30497331480578,0.5137574857828858,-2.0750352151786866,8,602.3,7.980402977528491
GR1574,grid,4,0.007348890976437777,2,480,0.03453637751856116,2,0.5,2.226295057215709,8.181228467895599,-11.617793927832953,2.4184589532279093,1.862470406769664,-5.41522492688544,8,183.9,7.9802791830457185
GR2303,grid,5,0.004149663081287143,1,30,0.04833655585397868,1,0.5,2.080340473074623,2.6424896739663493,-3.4051441958196302,2.4342752923190276,0.685007078159624,-3.2524777751190594,8,563.4,7.979177923211576
GR2595,grid,6,0.00856265476971296,1,120,0.024198124452026515,3,0.5,2.0158289021618154,4.607237265288785,-6.474123620510327,2.525124522112987,1.2679918318836245,-4.454010784512739,8,190.4,7.9752534050793145
GR1718,grid,3,0.008103186420047773,1,30,0.057496495334497,1,0.5,2.4485065330930667,3.334790269885807,-3.7952215806257663,2.1629513164489476,0.6645539702289679,-3.129476242259188,8,174.2,7.973275795412713
GR0784,grid,3,0.006762920589233126,2,30,0.05454910564172181,1,0.5,2.0771428362611983,3.2303033635753367,-4.166648151274876,2.509642223593009,0.6581154165527132,-3.909138273732624,8,127.9,7.970582788395474
GR2956,grid,6,0.003268176079820563,1,30,0.054297870729931266,2,0.5,2.07362701505797,4.993246126816253,-7.134562951877597,2.6507928887464756,1.3518045137138326,-5.902526245303853,8,849.2,7.96893769083218
GR2836,grid,8,0.008575948672912729,1,60,0.02425792010108036,2,0.5,1.5451462992085343,1.5293443846838035,-3.101757199166623,2.5858771746813662,0.5774507402927375,-1.7987292214947048,8,155.3,7.965460924302912
GR2366,grid,5,0.00949522615928041,1,10,0.06447858472847671,1,0.5,1.5826490400210538,1.0580876309669984,-1.9571202353301669,2.508273681455133,0.3571758026082116,-1.12885849789649,8,90.7,7.964360422995993
GR1183,grid,4,0.009383945281777046,2,30,0.0494109400464413,2,0.5,2.001113798568441,5.096778612548701,-7.334357166954779,2.4000904108623815,1.1556670912810187,-3.48032081940848,8,82.6,7.964008942596577
GR0997,grid,6,0.005623096885151345,1,30,0.035774969085737664,3,0.5,2.2445740015232003,5.489279563280755,-6.9145309617097155,2.535775263312659,1.5943956357972005,-6.3166286788355315,8,329.8,7.963024999081302
GR3172,grid,8,0.0061172636808480224,2,10,0.05119160207667872,2,0.5,1.9437575378220768,2.692465130570041,-3.2217970591536504,2.429860099724051,0.5586337494437739,-2.6469595535695407,8,137.0,7.962437432963776
GR2256,grid,4,0.007878225603944832,1,10,0.017272138252244773,1,0.5,1.634518272095751,1.1977151790664866,-2.4615086423771206,2.435395627039628,0.6580111251890683,-1.3160059771137094,8,124.5,7.9599640451848614
GR0170,grid,8,0.006791560451213256,1,30,0.042628413070902926,1,0.5,2.257570872201785,1.324390293935132,-1.7655588689175783,2.037646579975515,0.32384524832499306,-1.025836310252853,8,243.4,7.958569663900345
GR1012,grid,6,0.004113671596926924,2,60,0.050194035390372316,1,0.5,2.2424347580986703,2.8296321514474423,-3.8515732644883607,2.214453364891533,0.8013920146371565,-2.9230796840626865,8,372.5,7.957961021758002
GR1567,grid,8,0.01046896625089503,1,240,0.032016373273398,1,0.5,1.948290579304393,1.2693515364495886,-1.618174093423022,2.2652341921676564,0.39592228410467034,-1.3071690347809453,8,158.0,7.957086200908281
GR2636,grid,8,0.005673115462155616,1,30,0.03747724765662795,2,0.5,2.0367831026915564,2.5795655817932333,-4.271821243912564,2.3584011011035613,0.8796109371155962,-3.153696914203556,8,324.2,7.953462486421105
GR1238,grid,8,0.006974035366058519,1,240,0.0482532207142744,2,0.5,2.568254553174584,5.49990124028987,-6.1358434642629796,2.0092322096780584,1.120535113255468,-3.5279188047237944,8,406.8,7.952598541084511
GR0234,grid,8,0.010424200559512672,2,10,0.02757444522615716,2,0.5,2.034117640311379,1.606797608213317,-3.9479449703575122,2.190463766839769,0.4537573750794272,-1.33936459985689,8,47.8,7.951882701186251
GR2787,grid,5,0.009025996480546302,1,60,0.024087688530599824,1,0.5,1.860533560942859,1.379567593386897,-2.5254035211981134,2.377687091564226,0.3993474018634151,-1.8224394060483973,8,147.0,7.95072068727293
GR1608,grid,6,0.003672854615077677,1,480,0.05075048603686819,3,0.5,1.8628200609824705,10.074289021658839,-16.08685421080746,2.248980626336235,4.61921904662279,-6.49710057948414,8,916.9,7.950598789106823
GR3452,grid,8,0.005995828523733186,1,30,0.03087141956559078,1,0.5,1.7582152465045884,1.113585772112001,-1.807479348645011,2.374691227142717,0.404478894480364,-1.3026522396671862,8,279.2,7.950274803343997
GR0824,grid,5,0.006742235515390079,1,30,0.04250080901912527,1,0.5,2.1961388078667503,2.0907761095668578,-2.8253018283269196,2.1062218746845933,0.5288896225164863,-1.6451392382092127,8,244.5,7.950244301476859
GR2106,grid,8,0.0024527399075384183,1,60,0.038431260448742496,1,0.5,1.284914988234749,1.8351106939482051,-4.251801004732824,2.6840394896584368,0.7809470520112753,-1.76941584069722,8,1493.4,7.949603080535791
GR3819,grid,3,0.007214221390043876,1,120,0.07936909629285287,3,0.5,1.7909889509283183,7.867741181632288,-13.21119811285019,2.6204326534587494,2.7085846171377073,-6.4086586700496255,8,221.1,7.9486586285029714
GR3779,grid,2,0.007994541312686516,1,60,0.01095840479280438,3,0.5,1.1917418505994672,3.9150519045958574,-15.0861603541574,1.4906394195719328,1.7501949718460708,-7.001819151544514,9,98.2,7.948216742642225
GR3517,grid,4,0.003978943132136023,1,30,0.05575757408073268,2,0.5,2.1425424897555803,5.793493387211771,-9.109182344651817,2.626465929143984,1.8574053475881538,-7.085626177837294,8,550.0,7.948127272178283
GR2664,grid,5,0.005905032063665172,1,240,0.05042367741656939,3,0.5,2.3630518656404678,12.231140711701189,-11.350175875658469,2.4122723575293863,2.6901006671187315,-7.733515240502456,8,472.3,7.945635259519715
GR0266,grid,8,0.00613474920626654,2,10,0.04151895943990369,1,0.5,1.9194236833745884,1.2932598099090045,-1.6100925976560758,2.300608714156346,0.2502946323115939,-1.4471367094260494,8,133.8,7.944296394402096
GR0092,grid,4,0.005980218453457029,2,480,0.03304696765527547,1,0.5,2.2592365916877855,4.263607693822715,-6.129583418635884,2.3081657871447243,0.760921314436111,-3.8861595825002766,8,231.3,7.944149711926334
GR3160,grid,6,0.010009800297764073,2,480,0.04841511585784534,3,0.5,2.322389908862801,8.052880334021989,-9.69062819895893,2.43066327614644,2.6907739538369446,-7.717523632137089,8,133.7,7.942725945303469
GR2628,grid,4,0.0064395917047365275,1,240,0.025170149422784845,2,0.5,2.1739891536969465,7.081432298300227,-8.307351516915498,2.3679901183851397,1.9169618242719029,-5.510135545345747,8,354.2,7.940541112603405
GR0679,grid,8,0.0048719857667165285,1,60,0.050043731187511674,2,0.5,2.497072135959426,4.13311550814395,-5.178601996197594,1.9194839960094725,1.2963165270592216,-2.9430208611501074,8,542.6,7.940013509487823
GR3985,grid,5,0.010007633081402139,1,10,0.04826053951502647,2,0.5,1.5708952889781966,2.042127229148291,-3.9337221756629512,2.5497631504273732,0.6316210852660042,-2.2013922104065022,8,80.1,7.937108158582667
GR1341,grid,4,0.004239252537106783,1,60,0.05647934145572173,2,0.5,2.2250056201655726,6.161563942456125,-8.270792727883745,2.4945863097135126,1.612145111092128,-6.380085409662424,8,528.4,7.9362320097283785
GR1233,grid,6,0.0037271978805928684,1,120,0.03945813173547065,2,0.5,2.13567958723043,6.646591276755854,-7.696218390118046,2.4600318227462834,1.5408829951729333,-5.590140775545679,8,871.6,7.93558038948605
GR3606,grid,6,0.0064804821619336445,1,120,0.04390714748811068,3,0.5,2.4403202425272896,8.854352626472615,-8.864875114313907,2.3134026041517908,1.9224090059547962,-6.528780376340855,8,385.4,7.935193142522427
GR2683,grid,3,0.011117993920435769,1,480,0.07713957510315415,2,0.5,2.1293818517558987,8.042390487556025,-8.837700325982405,2.4178273777230648,2.440254412451739,-6.453185515861132,8,159.9,7.93486609754662
GR0723,grid,4,0.009361557092668267,1,10,0.05376466194791364,2,0.5,1.5171827674199296,2.6063829081872556,-4.763069050283994,2.6075041412537177,0.9466759910588316,-2.8405498003977665,8,92.3,7.933832785050993
GR3685,grid,5,0.006598260047458456,1,60,0.07208417950136463,3,0.5,2.38995285729877,7.023436067876093,-9.536803134540332,2.4911440711307486,1.9903226142897474,-7.730862918470666,8,293.5,7.933374723233409
GR1578,grid,4,0.005872868485358446,2,60,0.05346208558656917,2,0.5,2.3944132392499107,5.967568544193355,-7.505965825074763,2.4811242563408102,1.675341681285143,-7.263330790580658,8,186.9,7.933057374196309
GR1322,grid,6,0.00794676326082587,1,480,0.0725564092685649,2,0.5,1.9610706610052202,6.1400280378261325,-8.00095662051639,2.4568350754453916,2.122696069258971,-5.522459232579094,8,337.0,7.932365113837965
GR2157,grid,5,0.006104863516284529,1,240,0.04953474438004803,3,0.5,2.2792153661585437,11.508064565928327,-13.32714833168072,2.4979782308457197,2.513629321941018,-7.954117387321567,8,443.1,7.931698116244125
GR0253,grid,6,0.0043374017114847325,1,60,0.044791127087678906,2,0.5,2.4320892761851836,5.313167809225178,-7.159542516887759,1.9567584568814909,1.552299396957218,-3.385307964683125,8,614.0,7.931233562327816
GR2908,grid,3,0.006279556810163136,2,10,0.035553503088571844,2,0.5,1.8760984229493005,5.6867601100810425,-8.756091927411198,2.771112839031101,1.4577118944806662,-6.632674918292068,8,116.3,7.928486760909714
GR0074,grid,5,0.008830778680907748,1,10,0.040575595063962244,2,0.5,1.6718321944779242,2.3279470096559836,-3.726831775749215,2.403838293578347,0.8361165923415049,-2.0393044633753927,8,102.5,7.9278079500384315
GR3446,grid,6,0.002857145769049142,1,60,0.04114975644187249,3,0.5,1.939924222573855,7.924289949562453,-13.13312217028326,2.427045801837533,2.498322722692717,-5.782058369479964,8,1122.7,7.927090193245666
GR0632,grid,5,0.006129447623639925,1,480,0.0311779889434285,2,0.5,2.0246600868407674,6.604037778915229,-8.165451784119723,2.445831470992025,2.3514580786391472,-6.151857193718134,8,443.6,7.9270274026666865
GR0188,grid,8,0.0025569980598022894,1,120,0.06514943508852686,1,0.5,1.4605374536410598,2.259095034750298,-4.0438359325619055,2.5483753133063294,0.8341608600034087,-2.1040776364339946,8,1516.2,7.9254183376944
GR0922,grid,4,0.007302534100894008,1,60,0.06766261352850893,1,0.5,2.01041033647351,2.2596790803913533,-3.524469594803904,2.291202862064668,0.8124724329078707,-2.901753960081205,8,226.9,7.925056945898912
GR2090,grid,5,0.0066911297302210074,1,240,0.05498630222797796,3,0.5,2.6037727098136814,11.512970525238767,-12.229792864045594,2.158732035126131,2.5338080184188767,-7.179255760529904,8,392.0,7.92451052459258
GR2702,grid,4,0.006674635381235867,1,30,0.04824579771059073,2,0.5,2.2057024389552695,5.148184036984835,-7.0646518150976405,2.2124478932316802,1.4339301176840435,-4.125873134811627,8,244.4,7.9244743049668624
GR1655,grid,6,0.007316213196298268,1,240,0.054825592754450495,2,0.5,2.663718747375034,6.844762059647811,-7.240560276087635,1.8987994765263145,1.382141663683997,-4.00725249122941,8,360.8,7.923711572270307
GR2735,grid,3,0.008992709554612989,2,120,0.030196572799258026,1,0.5,2.248977535153137,3.0967933324629024,-4.10584623557721,2.418885360946095,0.7390333606932582,-5.00296767631784,8,98.3,7.922136281248075
GR0736,grid,4,0.007962932713114943,2,60,0.06004537019593953,1,0.5,2.034523304499137,2.637005272752205,-3.4579791953632415,2.2149685475193115,0.7283957957733274,-2.387435238256512,8,120.0,7.922118387099907
GR2552,grid,8,0.011929368830089002,1,30,0.023974740824292018,1,0.5,1.962950095466713,0.7087780076201743,-1.2016151681046723,2.091942403642639,0.2401980217652417,-0.45604070307244915,8,76.2,7.922112509836074
GR0709,grid,8,0.009651317498335709,1,240,0.04267088040201134,3,0.5,2.38575245866641,5.5434703216802195,-5.4187530102238455,2.2412605617060573,1.37585005357035,-5.207160293904744,8,216.9,7.921931377018993
GR3894,grid,4,0.010277223020181062,1,120,0.04529789577702548,3,0.5,2.28943039662144,8.68113696549182,-10.807013322969032,2.1875010925353946,2.03327353211373,-5.209218879728141,8,160.9,7.92131336041277
GR2536,grid,5,0.009951928421322165,2,60,0.06436879846585015,3,0.5,2.232112353413052,5.944829780488202,-8.214793603069449,2.0476844458432173,1.729595487335266,-3.503823157132065,8,84.7,7.919229956212262
GR2564,grid,6,0.006546622899707018,1,240,0.04116225531213445,2,0.5,2.312483843580629,6.971026474353866,-6.993303820448546,2.1202613365971468,1.7909862855721328,-4.561493208728425,8,449.4,7.917452064864969
GR3213,grid,4,0.004948248988818989,1,30,0.019889962179609703,1,0.5,1.9642448782612363,2.2769350489478857,-3.490043002626371,2.2370072041924614,0.7255904359234355,-2.346317116879636,8,379.7,7.913194913226075
GR0327,grid,6,0.0060265303308442006,1,10,0.03544579395992826,1,0.5,2.1855146090445188,1.4453871870402855,-1.8853013597528296,2.055703509250266,0.2906656819481104,-1.5686108715355294,8,221.0,7.909857564139693
GR3915,grid,5,0.0095263207125895,1,10,0.06119186208285353,2,0.5,1.5561128048067172,2.0761358210786236,-3.908426627083427,2.4911119824820056,0.6949591385288385,-2.254293880701898,8,89.3,7.9081733317991105
GR0944,grid,2,0.008237706388058676,1,60,0.0570418420070401,1,0.5,2.150381176425631,3.239511121249148,-4.469589926965455,2.194516843596956,0.910654467246046,-3.2900914403693062,8,140.3,7.908093803503845
GR1327,grid,6,0.010953207925534019,1,240,0.04808131628592305,1,0.5,2.0974790418785303,1.9506062172706495,-2.522202490993077,2.0824894167305716,0.5568069494571464,-1.730948055956851,8,162.4,7.907051622691478
GR3777,grid,4,0.0052882150354323166,1,30,0.05360743880623464,3,0.5,2.45291694459331,9.199524592888833,-11.569107206657918,2.7285671539932546,1.992079124064896,-10.293539448907921,8,364.2,7.905484265665674
GR2717,grid,8,0.007761539568016172,2,240,0.029347951668493057,3,0.5,2.0440044772508714,4.564161494800013,-9.828992297922815,2.3566849142974187,1.2325106057500197,-4.4914205541046615,8,144.5,7.902825169822822
GR2978,grid,8,0.00971442019861753,1,120,0.02650751859742706,3,0.5,2.093494527664597,3.3955658594484435,-4.510122829899337,2.154325639373658,0.7191162710176559,-2.537855163510085,8,152.7,7.902752887888332
GR3706,grid,4,0.0036777741389270066,2,480,0.036132412930811694,1,0.5,2.703903946710595,5.1810619344342275,-5.169142982705925,1.900757775121964,0.6147640343900985,-3.5627003640246584,8,413.2,7.90193128372779
GR0659,grid,4,0.008469558236523745,1,120,0.02738349456961875,1,0.5,2.2939769174931723,2.4884464137604576,-4.253785291714703,2.008559884556516,0.6065635374272442,-2.312661738696388,8,201.3,7.9018104019707796
GR0763,grid,8,0.005611350796954855,2,30,0.05918941105327958,3,0.5,2.559938184348821,6.23137705806075,-7.7007619586810145,2.0134561532799156,1.3016077522801845,-4.637378179311891,8,220.6,7.89992265370431
GR2893,grid,6,0.0038352912380571,1,60,0.07707066470780212,3,0.5,2.1999973018042787,7.7282326568048605,-10.162339926798941,2.6132377789692627,2.33773428301236,-8.727176178128977,8,736.1,7.8993443630307025
GR1463,grid,3,0.00700178088876575,1,60,0.07741814778923227,1,0.5,2.0899696597337782,2.7125566887749897,-3.827461905182736,2.279757357813121,0.9224576457646837,-3.8238793654683105,8,217.8,7.897245558669114
GR2826,grid,8,0.00797213533171045,2,120,0.03751256555236499,2,0.5,2.3721863930885045,3.7746121696771993,-4.006052321676052,2.0114061117791744,0.8731501198051502,-3.1895212441339575,8,151.2,7.895269403163555
GR1778,grid,5,0.007947064251231702,1,30,0.05272301486422706,2,0.5,2.6047647830525937,4.501481532466167,-4.385888722922063,1.9425728118126098,0.7072064313338761,-3.6416970401579603,8,188.4,7.893661892328685
GR0330,grid,8,0.008800078216722258,1,10,0.01909517935628994,1,0.5,1.3163269952653496,0.4760833140821287,-1.1086796469722504,2.4691161786208093,0.33145791834075133,-0.6488438529085397,8,97.0,7.893586381251717
GR3535,grid,4,0.004976826109059088,1,30,0.030965160081912774,2,0.5,1.7067409329802417,4.518289323246181,-6.935669641128643,2.6767537066383094,1.6944766305560972,-6.0222535951072675,8,364.3,7.890784362619364
GR3035,grid,5,0.005056261499928651,2,60,0.07734605222634841,2,0.5,2.4158844827688446,5.65698938269459,-6.6702120382268175,2.2252797770390074,1.3454032568578662,-5.743691300164646,8,256.7,7.889152027036957
GR0682,grid,8,0.004213995937040262,1,240,0.042338931171799564,3,0.5,2.4382636134838043,10.405792880225114,-10.691406961272696,2.1708647608912637,2.606043892496549,-7.130599304292209,8,923.3,7.889015779588401
GR3126,grid,3,0.007041594533826716,1,60,0.04344465240882442,2,0.5,2.188418583071411,5.694128496678097,-7.641465951788595,2.1193601054724795,1.468441734347447,-3.9935938779413664,8,215.0,7.888097328455353
GR0451,grid,6,0.0031766286364006326,2,120,0.06392695708361076,1,0.5,1.8793183038086343,2.7289950730128014,-4.407550361176764,2.2927237918556025,0.6847483214558888,-2.756359376736782,8,543.5,7.884919500589875
GR2214,grid,8,0.0019730853555066817,2,240,0.06348112900792857,2,0.5,2.315909599673774,8.379450228643647,-10.083156638255659,2.425104661842215,1.6526944954639258,-7.224513602720727,8,1369.9,7.884814721205
GR0256,grid,4,0.0055091440929366355,1,30,0.04054128730492415,3,0.5,2.2821075958820254,8.449189371746098,-10.849367397918758,2.5825836479035438,2.691050758426049,-9.621212387180785,8,340.9,7.8848062377644395
GR2003,grid,2,0.01149057172410943,1,30,0.02802796693110122,3,0.5,1.6884917974155038,7.300794393765114,-13.512208977508235,2.480617757486465,2.7353858575298164,-5.997400673837074,8,77.1,7.881812358265722
GR1564,grid,8,0.005691213549535188,2,240,0.026245848609050458,3,0.5,2.0588617368536535,5.800610957743652,-9.82350656182437,2.336575260289599,1.2834894336217184,-4.833218587603369,8,250.8,7.881803427619952
GR3385,grid,6,0.00422969150202757,1,30,0.026241818864044947,3,0.5,1.7130327688823648,5.745526957587894,-10.482547007047414,2.460473503197481,1.950817515481369,-4.93499213875064,8,528.8,7.881088780017047
GR1354,grid,5,0.011709531667954916,2,10,0.017315561802888714,2,0.5,2.0187805962805965,1.7391863563015992,-4.27142176017318,2.0388155217432624,0.5729439311536626,-1.4647474491153116,8,33.8,7.881051831214021
GR0221,grid,8,0.0036719583691305195,2,480,0.07376859116378402,3,0.5,1.8711655352973928,10.979475395914159,-14.28770348426002,2.489367699278677,3.4793019383905213,-7.981492364295463,8,657.2,7.881019738478137
GR1312,grid,6,0.003992350405148089,1,60,0.059723122929798374,2,0.5,2.1872493343937385,5.3220205862277385,-8.128859571071771,2.2405312973243388,1.3569279271756278,-4.8749572098713365,8,692.7,7.880470685695845
GR1328,grid,3,0.011770690828501877,2,480,0.05837621767867935,2,0.5,2.2363909176065784,7.3491974420182355,-9.980320979853241,2.1849351354783826,2.060398650558673,-5.664030647679429,8,80.9,7.879128139431174
GR0184,grid,5,0.0068901697240035175,1,30,0.03229860740924893,3,0.5,2.033516262881549,5.290444820222902,-8.434046987085495,2.3265882198214296,1.5419430430784324,-5.043568713691821,8,219.9,7.877760898408873
GR0673,grid,4,0.009882029238932687,1,240,0.04596509763424309,3,0.5,2.1088977303315564,9.830814143654646,-12.36101714076336,2.672141566151927,3.146569942072092,-10.155568493137217,8,203.3,7.877524509645368
GR0120,grid,5,0.0033015779948531326,1,120,0.036368980825855386,2,0.5,1.816630543749659,6.454819299051719,-8.747659625693306,2.5799096364066783,1.7990713814459358,-6.240791819501338,8,933.9,7.875426700853497
GR0026,grid,8,0.0045330251127740214,1,120,0.028326071546330316,3,0.5,2.547731171918351,7.353623925339352,-8.601575458023163,1.9036829852729305,1.5222945822150231,-4.500294700140639,8,679.0,7.872742579517087
GR2650,grid,6,0.011973569658538874,2,10,0.02031791816677179,3,0.5,1.6219480505048907,2.2450378731656477,-4.731386752521648,2.3328287100106464,0.8469497903491066,-2.198524325884682,8,34.3,7.872201858331106
GR0374,grid,6,0.004130633877436033,2,240,0.05788287975372545,3,0.5,2.5497193609660256,12.740463256510905,-13.2915617441205,2.272888529875387,2.7712121404211487,-9.002076494966241,8,468.6,7.86928802826945
GR3384,grid,5,0.0034536034609526913,2,60,0.07566465926953335,1,0.5,2.0562871936873597,2.5515465985453774,-4.216742798834202,2.1235578467054994,0.633179601496362,-2.6087598695455383,8,405.9,7.866615965070659
GR3410,grid,5,0.008404968813315141,1,30,0.03230390541534171,1,0.5,2.285214500788383,1.8144190282277979,-2.0866804505814978,1.8600297990195997,0.42372291084171776,-1.5138401275624527,8,163.4,7.865645185008925
GR3763,grid,8,0.003539164978206148,1,60,0.030814084326113572,1,0.5,1.7103543409621047,1.8446901684217756,-3.7184309149722683,2.312427786784043,0.7021046998235196,-2.502617639143882,8,867.8,7.859710123978701
GR2900,grid,5,0.00394443088888604,1,120,0.038798991086209635,2,0.5,2.0476243271555923,6.713386847246935,-8.020807696121409,2.3127623619477404,1.5142971949641926,-5.289097836076126,8,734.6,7.858828266455729
GR1748,grid,4,0.007075416687180934,1,60,0.07924283223911373,2,0.5,2.1117748412795097,4.848153779457203,-7.053617253701868,2.306531859588592,1.6361546161176956,-5.730962491451865,8,242.4,7.8585064090010235
GR0943,grid,6,0.004658247932601191,1,60,0.023894051665254958,2,0.5,1.4644774871925599,3.068456125196379,-6.0141451343274275,2.689038534001413,1.5228961488764543,-5.240037000999528,8,483.1,7.856840058308549
GR3249,grid,3,0.010480427540277549,1,480,0.059881413528547776,3,0.5,2.210467450499814,12.520703405867854,-13.154447135292429,2.45160976423045,3.5677607023910682,-9.925208611655272,8,174.6,7.856272968545617
GR1957,grid,6,0.002620984785959737,1,120,0.05554122915332142,2,0.5,1.2656772628918618,4.350082185937193,-10.271215378984852,2.683030291186431,1.930614999601452,-4.775956684501852,8,1242.8,7.854958608799458
GR3123,grid,8,0.009962828584460673,1,10,0.06456398035234741,2,0.5,1.44983300083929,1.2079006835984512,-2.463473965543253,2.3762192032852236,0.4001362090906205,-1.3789437649485263,8,81.7,7.853522812560476
GR1100,grid,3,0.008919761493713005,1,10,0.01634412477578744,1,0.5,1.1968282692318166,1.3564329307150893,-3.2322229916607466,2.4957324201273847,0.7525250662104591,-1.5246870279277027,8,92.4,7.850848853448044
GR3421,grid,6,0.0040003954869157815,1,60,0.045545387490433534,2,0.5,2.0921766177492427,5.149384147242026,-8.125802608647192,2.2578625791269777,1.44970367563686,-5.151504098101195,8,686.5,7.85057719409679
GR0279,grid,6,0.005343052756816402,1,10,0.020641512075123332,1,0.5,1.6444235775056555,1.0637058154075185,-2.552977416728281,2.2972651115969884,0.4424233855320635,-1.9061554705124581,8,261.8,7.848120916082159
GR2698,grid,6,0.0026789611074624973,1,30,0.04085441323049897,2,0.5,1.7041148755399493,4.584832465154495,-8.855048447396875,2.4935408727156423,1.4847706168704808,-5.092979193669617,8,1113.6,7.846530753113485
GR0020,grid,4,0.006205521597235966,1,480,0.04429916263612397,1,0.5,2.283723439577417,4.4937520004993,-4.965594954443622,1.7868268293305527,1.257297682409886,-2.44685435982914,8,422.3,7.8429616580750166
GR1904,grid,6,0.006538515460359218,2,10,0.042146675122091956,1,0.5,1.7611337147192276,1.6164512298654703,-2.148136596470049,2.2462097344932745,0.27990265823086335,-1.989855252772104,8,116.9,7.842135392429885
GR2496,grid,2,0.005924134728151137,1,30,0.07638007726964571,2,0.5,1.3345651580422129,4.303822804220822,-10.106909396751252,2.583474965433113,2.637815184226449,-5.604510653921533,8,198.0,7.837687857360389
GR1374,grid,3,0.006191550033103195,1,120,0.07947151013207253,3,0.5,1.9070771921851992,8.896677759980074,-13.357834460375742,2.57495065441202,2.50544943310421,-8.257732165363395,8,280.1,7.835822976867502
GR1648,grid,4,0.00722892636207679,1,60,0.0413613946220041,3,0.5,2.1917755706295567,7.580965308242969,-10.467987883938532,2.094823402071241,2.1432069632809014,-5.615095958771653,8,236.0,7.8347540016571
GR1197,grid,4,0.007397646762255764,1,120,0.06111605358751649,2,0.5,1.9584418935301247,5.5071787258804275,-7.18116753697479,2.2669129992889556,1.6029155580585008,-5.050333739054877,8,254.9,7.832856638040455
GR2228,grid,3,0.005753689908709176,1,10,0.03481825293946504,2,0.5,1.7759004780927587,4.595302699035976,-7.36047491311112,2.548071022971827,1.5223918739340188,-6.162397342982313,8,222.5,7.831449613100932
GR3057,grid,8,0.0025011053761845843,1,120,0.07894874634186985,1,0.5,1.2930218625493384,1.998423285305633,-4.073062031670142,2.463842291950952,0.860408988415973,-2.2639500870573284,8,1527.6,7.829631303992568
GR1016,grid,8,0.004543059256302178,1,30,0.01617993451275321,2,0.5,1.287058570834347,1.8129047223837262,-4.338164856312778,2.571005772610822,0.8333759484863185,-3.013330173858394,8,400.2,7.828940434372576
GR2099,grid,2,0.011099868643784533,2,240,0.07182688007192602,1,0.5,1.5087138109153004,2.496949379473046,-5.090912213220945,2.342055757690845,0.7958159751138211,-2.362894947444966,8,53.2,7.828430815397878
GR0961,grid,6,0.002363648673654371,2,30,0.046372594367086045,1,0.5,2.079082438857585,2.751074453773819,-4.378467111158552,2.0424924959829376,0.5192855662128514,-2.6090193004231153,8,741.8,7.827848042121238
GR2663,grid,3,0.0119983349860962,1,60,0.06953650562726948,3,0.5,2.4151723560483935,7.887215749241184,-9.862447687661625,1.893926292349,2.282531163573213,-5.551036022459303,8,101.3,7.826358870109867
GR1056,grid,8,0.004254787906307485,2,60,0.07817740932146311,3,0.5,2.485646160259237,7.623380630172258,-9.466292156607432,1.9991325053714817,2.1377263185443063,-6.5881776990487735,8,404.1,7.821030919035556
GR2471,grid,4,0.006542761399149961,1,30,0.035993559207080986,2,0.5,1.696867498490094,3.6902635344172325,-6.961837610656603,2.278291236966924,1.5077519137230082,-3.9051877497070016,8,226.7,7.820600194297565
GR1615,grid,8,0.004731301329622012,1,240,0.010997286766761245,1,0.5,1.4253420913095278,0.8633761260430093,-1.561404919799843,2.2915561824632533,0.2864992220798194,-1.020148897398467,8,343.5,7.820513913423801
GR0544,grid,8,0.0037573529455951194,1,60,0.06832285684856093,3,0.5,2.0748119669823053,6.0588063723218895,-8.919192793467483,2.233028734789664,2.009478252542316,-6.175200033661659,8,804.2,7.817552778933726
GR1284,grid,8,0.0033114993176533852,1,60,0.04023531352437477,2,0.5,1.9553564612222192,4.469898778407267,-7.127867004224718,1.9810349947542896,1.6265683598691265,-3.1966588333976143,8,1008.1,7.81639862479177
GR0518,grid,5,0.008650045609555318,1,30,0.021355662318679827,1,0.5,2.3706034561493334,1.526274549439075,-2.3256129995507218,1.7542286723618787,0.237109431794459,-1.7267733570026211,8,137.7,7.815946292531045
GR3663,grid,4,0.00769698977404312,1,240,0.054401279598286195,3,0.5,2.737411672091768,12.999352261625791,-12.420019592200497,1.8457808714297688,2.6360257702191667,-7.447429289900337,8,296.0,7.8158611979944395
GR0134,grid,4,0.004558324818707502,1,120,0.03463877949565206,2,0.5,1.9860559728520513,6.436202546298304,-7.804486914373629,2.3162121665923485,1.732242410280762,-6.022960919145989,8,520.1,7.815314004495875
GR2452,grid,6,0.004076627527724365,1,60,0.07783423080772577,3,0.5,1.976807886709429,7.102576702684469,-11.966537732917677,2.4636670372329035,2.3510580032747983,-7.922090605827398,8,657.4,7.814451736679976
GR3002,grid,4,0.009370937010636356,1,240,0.026552883782077888,1,0.5,2.0188259716138566,2.4999115943062487,-4.660653715027693,2.034233622570161,0.513786369946707,-2.6411276197623557,8,179.9,7.803688174050725
GR1914,grid,8,0.0042255777016370006,2,480,0.014592301175806281,3,0.5,1.7457399535634104,4.517269695155663,-5.902522657657245,2.4265366656676908,0.8382424362806251,-4.652677917683413,8,291.0,7.80356220546093
GR2492,grid,5,0.0034075661128438895,1,60,0.06635967040761609,2,0.5,1.526979993003798,4.223325698132822,-8.25322714437778,2.433181654174605,1.767843029662075,-4.896978643630064,8,750.1,7.800634466034875
GR2499,grid,8,0.003117395817261436,1,30,0.03859021312574108,2,0.5,1.857429062374131,3.743313745052254,-6.833718875529557,2.224642493214681,1.1888371332276675,-4.219495005358331,8,955.9,7.800255110995559
GR0365,grid,8,0.007934836686829568,1,60,0.01187876245182256,2,0.5,1.4705374467880261,1.0583359725165264,-2.329129080046623,2.210143235857269,0.46360454736304746,-1.2304220292888202,8,120.2,7.7989887322038935
GR2723,grid,5,0.0034878329598173616,2,60,0.03549695295755963,1,0.5,1.9621365497277155,2.5382633938921897,-4.2545704353474685,2.0802216033360015,0.497004219633569,-2.7605063341574168,8,398.6,7.798870643940756
GR0040,grid,5,0.009144227089334486,1,10,0.01897228102541721,1,0.5,1.2276333016130594,0.7019998830167407,-1.778290793179167,2.3456632850013768,0.4792934155169569,-1.0563534613700905,8,88.6,7.798800734293689
GR0688,grid,3,0.006812514706213249,1,120,0.06083243336642709,1,0.5,1.6599746804992748,2.702941916009579,-4.4848879596793445,2.287246344379045,0.7604604919104185,-3.1553553378186736,8,243.9,7.798768778204066
GR3488,grid,3,0.0076292938658387745,1,30,0.0571152553439132,3,0.5,2.5275740121398997,9.877818850451222,-11.482798948143754,2.2328753401058217,2.2191953218622382,-9.104971740468844,8,189.1,7.794303428010439
GR3394,grid,8,0.004074674394041175,2,10,0.03832361516033391,1,0.5,1.7307636782084468,1.523516385774292,-1.91892839504897,2.070048455738173,0.4535559363363809,-1.5582459484082027,8,275.8,7.793540626547131
GR2582,grid,6,0.004423583875946616,1,60,0.07467488128433136,3,0.5,2.3808505471324684,7.493075846298413,-9.917688929497162,1.965380297337847,2.609528967504657,-6.914396267961929,8,591.8,7.79257483926443
GR2147,grid,2,0.009265320440528987,1,10,0.06445417853027775,2,0.5,1.4635320075928995,4.443983099099865,-9.646828494516011,2.5087216475873797,1.8452234161372474,-5.410724082121578,8,87.3,7.790958772055875
GR3983,grid,5,0.00518977454771005,1,10,0.0218179996155106,2,0.5,1.9525915702771646,3.0397809079560485,-6.07824115875832,2.2287271545740923,0.9490022135440505,-4.561620535529965,8,284.1,7.790927635593218
GR1049,grid,6,0.010929625092910757,1,480,0.04739319272903735,3,0.5,2.173131446311154,7.297942217578384,-7.015716001373148,2.068519666165867,1.8354303925214572,-5.678508440567839,8,189.8,7.788897208635633
GR1576,grid,6,0.006582834454376882,1,60,0.02017943464169699,3,0.5,2.068635410228388,4.008895846467303,-7.0884891375220835,2.018176434433639,1.220158349807416,-3.9811977066964213,8,240.7,7.787510824146462
GR0499,grid,8,0.0040767671318479885,2,480,0.013051386900602419,1,0.5,1.602796645720833,1.3581047562153163,-2.639350843885186,2.1540068270052033,0.2666126488965892,-1.4083497894736865,8,284.3,7.786970090411898
GR2427,grid,6,0.004146538840050468,2,120,0.03864495637818727,1,0.5,1.9568743178389447,3.1759389937892935,-5.8799070894898975,1.9990583821174024,0.6771817853633656,-2.5642782130502018,8,422.2,7.786956417350572
GR0008,grid,4,0.008350930849877038,1,30,0.02945057032092495,3,0.5,2.247656333478421,6.452387564939626,-8.015826985166205,1.8827439605975431,1.4496089874311457,-4.185045722012546,8,156.9,7.78639765798616
GR3655,grid,5,0.0025417191315548256,2,10,0.028049857414138492,2,0.5,1.5268664327083734,3.8548796341468448,-7.485621362960501,2.636861384580907,1.5233807628429314,-6.350127930368325,8,506.5,7.785510338079256
GR1114,grid,6,0.008441400192183361,1,10,0.031820130051607096,3,0.5,1.8480293738938876,3.2510598507180837,-4.475953394386943,1.9942459023466572,1.0198378963102952,-2.4713570497166986,8,115.0,7.785125076945984
GR0855,grid,4,0.011973785332081367,1,30,0.06675019035321798,2,0.5,2.941792594828723,4.782318703142932,-4.413538553008038,2.965593604075022,1.0111726507848506,-1.9073274740397574,7,96.1,7.78350906390278
GR1051,grid,4,0.0033896407374781772,1,60,0.04744968789213618,1,0.5,1.4814148791654378,2.2301435258783475,-4.6236279759787795,2.2381115165137584,0.8005610884108572,-2.206622235828527,8,660.1,7.78322219910398
GR1644,grid,2,0.0058929201172243,1,30,0.07501932943183519,3,0.5,1.3777179339162704,6.680566808455832,-15.216374806211935,2.5697271450427634,3.9356987805286243,-8.408957924986806,8,200.8,7.780011022387208
GR0739,grid,8,0.011323796035218344,2,30,0.04951584011865343,3,0.5,1.825463622994415,2.7990713592739285,-5.9033721001917545,2.1366227165881067,0.6407260178201486,-3.04849619248027,8,53.4,7.7774676192397685
GR3020,grid,4,0.008071584571623014,1,30,0.03951546892382494,2,0.5,2.3302990359682285,4.626204792967419,-5.465920152840754,1.8420911711348829,0.9323201921083983,-3.7798476074657814,8,170.6,7.775825496721891
GR2409,grid,8,0.004202446029191173,2,30,0.0101831357989301,3,0.5,1.5475914760813179,3.198080289942962,-6.583318185223742,2.3453118321194255,1.0653940045761738,-3.8301549351216457,8,225.0,7.775089991536931
GR3790,grid,4,0.003285744868553338,1,30,0.05412920008637807,1,0.5,1.6988426724462524,2.420585431124584,-4.667460367214789,2.2586597563189477,0.6558345374044657,-3.3922377609041905,8,676.6,7.774982189415508
GR3697,grid,3,0.004429750477388786,1,30,0.04464426289152395,1,0.5,1.8673776676511875,2.8281920742623483,-4.542104555049446,2.0959921173878855,0.6121502691516343,-2.9991486782806533,8,392.3,7.772432853955197
GR0273,grid,5,0.005158180662988661,2,30,0.03554810461621806,2,0.5,2.109333029339002,4.778182200097077,-6.728402224432248,1.9612466313733623,1.2659083987230826,-4.115280967468498,8,215.4,7.769716706769451
GR1924,grid,8,0.0024932476101340723,1,60,0.06040435364298592,1,0.5,1.3296375511593121,1.7562431811833394,-3.4262196238275644,2.3354426412259146,0.7826085052180151,-2.4353215212320722,8,1429.3,7.766329843042972
GR2665,grid,4,0.004927846794928373,2,120,0.026526155504546553,3,0.5,2.357488883204468,10.360521934863499,-13.07623859923,2.246316226885708,1.6624066147982048,-8.093392440281551,8,261.2,7.765477949826872
GR2251,grid,8,0.005499844049879889,1,10,0.023319307255084964,3,0.5,1.6823930953123245,2.4434285211303375,-5.722295605400541,2.299594481096327,0.9840879516789774,-4.229001914914461,8,248.6,7.764522366326496
GR3796,grid,8,0.006534885532298483,2,10,0.07958283780720014,3,0.5,1.6572814688913375,3.548086190269971,-4.833897034420861,2.3374849578825208,0.807644017741306,-4.202390445573583,8,120.6,7.761520766399425
GR3721,grid,5,0.010097053575857577,1,10,0.0760405338558011,3,0.5,1.3775595778571859,2.7060920704844214,-6.051709009654915,2.3777165691780233,0.9397194338694408,-3.287372073409406,8,78.1,7.761175559792257
GR2936,grid,5,0.00794694446685835,2,30,0.03823002778539978,2,0.5,1.6257578917029272,3.465911315109186,-7.112133284910669,2.166734877641475,0.7799607274820555,-2.785883613196329,8,99.0,7.758001903856327
GR3256,grid,5,0.006406074891920265,1,240,0.04499822466271523,3,0.5,2.2193287092439706,10.972125397855226,-12.213432362440873,2.219769866387133,2.4289269497023436,-8.40797810905993,8,420.4,7.7545305220799925
GR3484,grid,6,0.010017674740930333,1,120,0.025447209987151064,2,0.5,1.9914634152133097,2.6185678837909925,-4.143083490928384,1.8735049569339104,0.5696028804958659,-2.2455760582009496,8,137.1,7.7513499221318645
GR1292,grid,8,0.0018842036818349725,1,60,0.041353250934674506,2,0.5,1.2737351693829297,3.8062576822342145,-8.196236222990557,2.392702196147421,1.5177348796085661,-3.8603502809989734,8,2150.6,7.7486343125899655
GR0578,grid,6,0.0029169635710538664,1,240,0.07913553996041779,1,0.5,2.1694967803389726,3.839721666733572,-4.552626692740833,1.8109617229622015,0.7472504106832293,-2.9720669944093605,8,1234.4,7.74723782262478
GR3590,grid,5,0.0035443953471208448,1,60,0.0325112760858228,3,0.5,1.7438901804675084,7.196089534402925,-14.401802696184477,2.625202607559069,2.050525231992,-8.719769534106108,8,718.5,7.7453640740548275
GR2574,grid,5,0.00473012974288358,1,120,0.03872880629633731,3,0.5,1.9671851252927428,9.634756485385223,-11.499608166099916,2.2403037636556227,2.432038386004811,-7.464442092139707,8,566.8,7.744988776584857
GR0245,grid,8,0.0025288121716926623,1,120,0.05111692942583424,3,0.5,1.2282487141606726,5.9344388129416386,-12.540204390566123,2.500638380915369,2.9559621822645656,-6.420944929998296,8,1509.6,7.744982164441385
GR1182,grid,5,0.004282754241568147,1,240,0.013181184097251851,3,0.5,2.159010351794337,6.789629921417578,-10.501732060411104,2.0653820699916343,1.523667458816737,-5.933192366714629,8,499.1,7.7430268917369975
GR0019,grid,4,0.00599735425728386,1,10,0.031196149290566903,2,0.5,2.017114608363338,3.894991539591588,-5.663715724647882,2.0903081277509274,0.9685203538912901,-4.70972717369863,8,215.5,7.740671037886305
GR1670,grid,4,0.011803998928631298,1,120,0.036550793519541165,2,0.5,2.6752161875275,5.4192246034585585,-5.851628052171818,1.4485328910212911,1.4087346013290045,-3.836469687390927,8,129.6,7.736915244080696
GR0801,grid,5,0.008752115645066423,1,60,0.023135397567487885,1,0.5,1.7496461229902855,1.2264805912489685,-2.101809425251431,1.934164836759821,0.3655109353959015,-1.4992979896707765,8,145.5,7.734551008890431
GR1539,grid,6,0.0025385888360714226,1,120,0.034731012574855974,2,0.5,1.7162778792612876,5.577836835599151,-8.919968392602804,2.4522301543267138,1.6653758999855746,-6.96260904674451,8,1361.6,7.733860462419583
GR2947,grid,5,0.008819215283130866,2,60,0.03474376842643714,3,0.5,2.1392456908520545,6.157895426367395,-8.288274341319248,1.9983941201947162,2.030929995232884,-6.211083775029238,8,105.3,7.730860434460115
GR0068,grid,8,0.00540358429122322,1,240,0.0779453175764356,1,0.5,2.6880404301840817,3.1237464666371797,-3.837422252004762,3.010216472094784,0.8444066880870906,-1.679139809428052,7,617.4,7.727813687979162
GR0807,grid,8,0.0030119604749885673,1,30,0.020536704654888667,1,0.5,1.578466461556065,1.5938633116726306,-2.988172014695701,2.0095931759144072,0.4999794002274921,-1.5341527737926481,8,958.1,7.725806053218943
GR2531,grid,3,0.004856042826077647,1,120,0.05955715842966012,2,0.5,1.9055227354214523,6.22915924399824,-10.352992183804945,2.1685338463221524,1.6332251753474902,-5.88458800095943,8,389.3,7.725079785441637
GR2713,grid,8,0.005573204908980249,1,60,0.049775902267503246,1,0.5,2.583545154474414,1.7905117893465612,-2.625824450694654,1.3163863906758235,0.5358754937378507,-1.4251650095425248,8,416.0,7.724797561072921
GR0214,grid,6,0.0036421142318492864,2,10,0.014492315324274845,1,0.5,1.515318934548938,1.4472423217669017,-3.4470471906860984,2.2623748152569774,0.4060130336810598,-3.0596858485577285,8,293.4,7.721564239011343
GR1387,grid,8,0.009141927818061698,1,120,0.016414877609295234,3,0.5,1.5191034719721173,2.0945933261978937,-4.616450581831177,2.3827697228148965,0.4800470632962278,-4.113071866030732,8,123.8,7.719596869960193
GR3209,grid,8,0.00205285448825095,1,480,0.013649782770254597,1,0.5,1.5896816358517385,2.3745090915928246,-4.304071936079272,2.127497311949152,0.7433602179645422,-2.9255860309113997,8,2033.5,7.718211936715119
GR3180,grid,5,0.004316433179681862,1,60,0.033465321324448974,1,0.5,2.1889973290355003,2.607559495053794,-4.21172033760231,1.780437026983569,0.5732416531769722,-3.1137651043628467,8,547.3,7.716929286845644
GR1486,grid,6,0.005211274378079297,1,60,0.05519823595875949,1,0.5,2.45713511541368,2.4258825753457005,-3.563160138313215,1.4878897120976227,0.6542635798073134,-2.3933402663200467,8,452.1,7.715431575473417
GR3335,grid,4,0.004368997882771813,1,30,0.05166081638789061,2,0.5,2.2621170013741496,6.086348295315592,-7.8043639603476,1.9719278302047012,0.9610580536088491,-5.4672222283206064,8,474.2,7.714853934593831
GR1273,grid,6,0.002629792480716934,1,120,0.032970421045613714,1,0.5,1.630616294472377,2.663949946537801,-4.560250330518775,2.1575318009981737,0.6792576438209381,-3.373300926438387,8,1314.5,7.712016754710263
GR0857,grid,6,0.0049909363793289845,1,240,0.010991526343077887,3,0.5,1.5739280229413568,3.329186689212456,-5.691835404454923,2.230979423913657,1.0197011242431855,-4.0970335872760915,8,307.3,7.711873222346443
GR1106,grid,6,0.005139240543869437,1,60,0.05459775943150504,1,0.5,2.372062304468419,2.3864268593097315,-3.5411573713431426,1.5360543094699763,0.6609521970689293,-2.403364683222408,8,458.9,7.7115174253741845
GR2568,grid,6,0.0025028655327903014,1,60,0.07210482478783674,1,0.5,1.2979129878884836,1.945428980237939,-3.8505057257864426,2.20561438978469,0.7961655723228396,-2.313307621149852,8,1242.2,7.706795160286492
GR0203,grid,6,0.0029638369683267084,1,240,0.04636523100019467,2,0.5,2.088859405137477,7.206350282802704,-9.103892483218514,1.9386689883313397,1.7939043574080533,-5.602360314898597,8,1225.4,7.706429595989074
GR2182,grid,8,0.00438611193794875,1,240,0.02683350931417558,3,0.5,2.065391347465893,7.5459675538977296,-9.065920805451169,2.104831514673355,2.091512194691984,-7.1280980962362985,8,764.2,7.706426675643959
GR2910,grid,8,0.01193657600919694,1,240,0.021965270666117587,3,0.5,1.885547216332285,2.4351432374962205,-4.4949590084986815,1.888234574456045,0.5983604195512562,-2.6437750299955587,8,93.2,7.704612055169274
GR3607,grid,8,0.002886515516509654,1,60,0.0605652776078546,2,0.5,1.933624445321031,4.549184031340619,-7.435287466258488,1.8720141462851203,1.5733463608482927,-4.07521283321461,8,1229.3,7.7038486382996005
GR1757,grid,6,0.00358390134924595,1,60,0.07584301681402739,2,0.5,1.7189901636597829,4.171497988992878,-6.833565609102534,1.9981215068749019,1.6238823455747333,-4.051168741433558,8,764.6,7.701692190351606
GR0373,grid,4,0.0035377194876291904,1,240,0.06798078137055248,2,0.5,2.172181167760964,7.927885962864688,-9.98159000692196,2.088924880673166,1.8688219835385393,-7.331086146624184,8,740.7,7.701311136516847
GR2596,grid,4,0.0030917871523100634,2,30,0.06775656116120428,2,0.5,1.9374443439831022,5.116335776151905,-9.68007743149492,1.8570776668180418,1.5312657455030059,-3.9728670705135847,8,398.7,7.701047488672476
GR0691,grid,6,0.011099246623868114,2,30,0.057871208411463,3,0.5,1.9497839325505417,4.127325682640925,-7.5863647651875725,1.9723659805134033,0.7157458054787129,-3.8321113101591253,8,57.8,7.699832856824944
GR0956,grid,5,0.011885234763908537,1,120,0.019913647968926966,2,0.5,1.852106199522467,1.8802661303409838,-2.9001413107251572,1.822918827451414,0.36983606511315154,-1.7914998378196652,8,71.3,7.698042227149749
GR3911,grid,4,0.002991116586875976,1,480,0.04532585856523005,2,0.5,1.9669468688581166,7.85878743058345,-10.134711513142639,1.892147028031005,2.7866015135243054,-6.148867538215254,8,883.9,7.695546292060418
GR2338,grid,6,0.0028755699086867935,1,30,0.05213129086757331,3,0.5,1.8616662074138002,7.292131442791538,-13.139333366792197,2.369298670468985,2.061270003621452,-8.23412462245431,8,1016.1,7.69553838687764
GR2394,grid,8,0.0028808944852291457,2,60,0.06677014739714228,2,0.5,2.5040956520503417,5.796061691561672,-7.578982621263913,1.591451580601404,1.5286809208363958,-4.9289313655338995,8,722.0,7.693940498620613
GR0877,grid,4,0.006877649419286437,1,120,0.03685814959869399,2,0.5,1.7826556187971156,6.229295684742248,-8.825116078702305,2.10109854019917,1.816859400620526,-5.540599600633541,8,302.6,7.693203804740391
GR2815,grid,8,0.00410779518024514,2,60,0.03462936560119393,1,0.5,2.1940151464174176,2.4419577566279678,-3.3936646789307088,1.5913940369131572,0.552538488161521,-2.1043456903760487,8,409.5,7.692274198166506
GR1677,grid,5,0.007969179224502746,1,120,0.01731039917798919,3,0.5,1.6486022551751247,4.121435456822555,-8.297153022461897,2.272028772715559,1.0464120431584616,-5.157065965664187,8,171.7,7.691282629787365
GR1509,grid,8,0.005528575620880555,1,60,0.051628152775062594,2,0.5,2.636370984573335,3.6688028255044025,-5.261469804896751,1.3463160693224605,1.0316685854429415,-3.1749658310904123,8,422.4,7.6887890635371186
GR2657,grid,8,0.0031044603294965506,2,30,0.03298027182472906,3,0.5,2.3695724999846353,7.4233973888701,-10.233092856428229,1.9347359576648475,1.7613626019843072,-7.260905723022333,8,569.9,7.686757595721978
GR1597,grid,3,0.006166965703398487,1,10,0.020341862056430276,1,0.5,1.6491836838158747,1.6343335378460193,-4.122197815768468,2.1058680676923167,0.609466747290442,-3.4236382272754238,8,184.3,7.685734781753015
GR1169,grid,6,0.0018923726131865907,2,30,0.05716662843100029,1,0.5,1.4324308461013573,1.9462803880128525,-4.259775867027038,2.1189606889397195,0.6758998095685583,-2.558260441848815,8,922.4,7.683837922107837
GR0021,grid,8,0.007797826757643966,1,10,0.03232122051140682,3,0.5,1.9755716329312893,2.6909774180199273,-3.633621398546784,1.7856630231846098,0.6837017200243626,-2.8112067512333123,8,136.3,7.682243582840412
GR3240,grid,6,0.0046881733163016345,1,60,0.07761687141119096,2,0.5,2.195262296861978,4.600637548485303,-6.919519717985004,1.642034470510503,1.4284638102194458,-3.8605903055535054,8,533.7,7.680135887272665
GR0555,grid,6,0.0035571960708581903,1,60,0.0639334410660473,2,0.5,1.7654936224249962,4.267970024330813,-6.807940033239192,1.927070089554738,1.554855190753113,-4.060214437201758,8,773.3,7.677605176055275
GR2996,grid,8,0.002376603790484801,1,120,0.01903052034684905,3,0.5,1.0857118726598218,5.465152701397738,-12.749243254843831,2.7273837805094425,2.5443429671289612,-7.988749143764963,8,1675.5,7.677258751771616
GR1295,grid,6,0.008790798024525023,2,30,0.019848230930379858,1,0.5,1.6905995761665273,1.0338089989563541,-2.0972268633565547,1.8224217761668762,0.24176937111458394,-1.1774178220701652,8,74.4,7.675966152490009
GR0315,grid,6,0.002718725171079351,1,60,0.07649142938285909,2,0.5,1.9015179369038755,5.145627564572371,-8.711668455123855,2.06854308962593,1.6965102769530624,-6.052073480151794,8,1182.2,7.673896184749968
GR0918,grid,2,0.00953845753584559,1,30,0.051980841625267275,3,0.5,2.574525309876866,11.639659910127602,-13.556107274300011,1.6186455606714976,1.9437400440871808,-6.374661306584621,8,116.8,7.673767620397131
GR3864,grid,8,0.00253184608905476,1,30,0.029812390495218354,1,0.5,1.219351824965396,1.4322047481333864,-3.9971649281867396,2.2696391350184815,0.5269461735451241,-2.607425558506111,8,1197.0,7.672853318621179
GR3765,grid,6,0.0036394395495835657,1,30,0.04337481538562324,3,0.5,2.3350933815933232,7.981408865847411,-10.108472512721418,2.119581669221353,1.5346988316487387,-8.421221352099256,8,730.7,7.67184239103355
GR1784,grid,4,0.004997615347101992,1,60,0.05476624579494614,1,0.5,2.310790982224888,3.0178043385371582,-4.238248768234425,1.5506095782969698,0.8162949449283188,-3.109535368202269,8,422.5,7.669743078403232
GR3810,grid,3,0.010785678750745186,2,60,0.07405654259205065,1,0.5,1.8692247194908052,2.492535454844657,-4.4619567794416986,1.7081073759492007,0.8252202759162557,-2.1006782926996133,8,67.6,7.669392659535705
GR0389,grid,8,0.0025465465673195084,1,10,0.035138758238399286,1,0.5,1.2092624478831178,1.2836005793340735,-3.159506533406948,2.209220745655769,0.49184363335440134,-2.126792136982749,8,1000.0,7.6686680323594185
GR2134,grid,3,0.010405388189515552,1,60,0.03521112734272883,1,0.5,2.23169657249025,2.6270014215773028,-3.741324996132753,1.5496661769977425,0.626754518762311,-2.5152720454102564,8,120.6,7.666082790172429
GR1902,grid,3,0.005230767607789822,1,240,0.051311953135535715,2,0.5,2.072023837709657,8.295079130757575,-10.084534499510847,2.0013700504904786,1.7424537137500884,-6.606248049454261,8,390.5,7.6652450881663645
GR3657,grid,6,0.006804083235930841,2,480,0.01629674493871093,1,0.5,2.1234186611870394,1.578133523834584,-2.053867825288271,1.51783981494193,0.2375374230157413,-1.251292630430089,8,127.8,7.663978951095435
GR1852,grid,6,0.005339069455615751,1,60,0.015180393969626914,2,0.5,1.0529612506378894,1.7624920856347672,-4.643332852243274,2.287920146850122,0.7978294017342523,-2.442733401334481,8,294.6,7.662714789332594
GR1215,grid,8,0.002993685609658981,1,10,0.03132168457860399,3,0.5,1.5420080793490036,4.1766289417350615,-8.869132558113634,2.204365495273115,1.3808214935582983,-5.051924379105767,8,760.8,7.661917153415921
GR2752,grid,8,0.004772898233269365,1,60,0.05193257195258411,3,0.5,2.40427608290352,5.91201026911782,-7.704426568045237,1.6948578852974574,1.932000568349633,-6.297823670169909,8,554.8,7.660659498512688
GR1259,grid,6,0.0029736320752630136,2,60,0.07040052046072173,2,0.5,2.242867679269524,5.554116229204084,-8.376966601441964,1.608336767873168,1.4892828704389305,-4.297716635281286,8,574.2,7.65789148084202
GR0504,grid,8,0.002419314876325994,2,10,0.019460041126696786,1,0.5,1.2852214602555754,1.175453952292162,-3.6848421924579084,2.2281290751500205,0.5139115595185648,-2.880457438844496,8,615.8,7.656510000324998
GR3654,grid,3,0.005754226729227777,1,10,0.02206967657444677,1,0.5,1.4245594018745533,1.5815522801011554,-4.286594616234943,2.125669043380007,0.8067950461994859,-3.2005198544620908,8,211.2,7.656431302511603
GR2031,grid,8,0.0022609344426703067,2,30,0.05336737919774711,2,0.5,2.2004300432701727,5.461043630711432,-8.30163184093026,1.9877391427047493,1.0380159257442303,-6.37123446744652,8,927.3,7.6553788332109365
GR3830,grid,4,0.0036911561356710106,1,240,0.013516397996156301,2,0.5,1.9363220472965197,6.034531731876155,-9.98114277526638,2.1748532938244356,1.423974056601201,-6.980464187865437,8,636.3,7.654670669666123
GR0932,grid,5,0.00876777354851545,1,60,0.02634195298342141,2,0.5,1.6778007867707114,2.7003640547625998,-6.739264051456903,1.9839339346437932,0.8783000424079747,-3.591369948206211,8,162.9,7.650892313121187
GR1897,grid,2,0.008813922053026545,1,120,0.06221989714876943,2,0.5,1.8625610836515616,5.628917060894381,-8.76373789160003,2.1007019794704704,1.654548891003595,-6.440280806751271,8,132.0,7.650031278732392
GR2707,grid,3,0.0050303227379862436,1,30,0.01595416280457467,2,0.5,1.0416354960981216,3.3064988372924695,-8.478222549026286,2.3994924231463433,1.900203113010397,-4.908834652969308,8,299.5,7.649748409107965
GR0946,grid,4,0.0037590145034870556,1,120,0.059514678064842584,1,0.5,1.5769335784469736,2.7334962700608303,-5.0253779884532195,1.8989586997408459,0.6851286101111018,-2.2323049470592013,8,628.1,7.648483480402809
GR3862,grid,6,0.008789908419458401,1,30,0.07778705198801487,3,0.5,3.109654264134662,5.9324557710070405,-5.496772550088645,2.5664310399619463,1.162422600354219,-2.2185326892079136,7,168.5,7.647672093899137
GR3252,grid,6,0.002944102820511584,1,120,0.03311105008285825,3,0.5,1.9810451248739078,9.630678870454403,-13.120045876552194,2.20212179232091,1.9232440556929447,-8.203084731719446,8,1172.4,7.64694278455885
GR3036,grid,4,0.0038808608047805906,1,30,0.04381562586082885,2,0.5,2.122460155728272,5.714417116059225,-9.030281481296715,2.0439969092935706,1.3257374693714756,-6.936628493302852,8,561.6,7.646397943852136
GR0882,grid,8,0.0022576036687875804,1,60,0.05900655149952458,2,0.5,1.433040270542155,3.8489980007195883,-7.535810663667908,2.2552451161887688,1.437973975194347,-5.271442869930542,8,1668.5,7.643523729267308
GR1231,grid,3,0.003981120553372724,2,240,0.04512790447264828,2,0.5,2.108256530842011,6.879990392369163,-9.452093057912226,2.0645554752463466,1.1378047214930411,-6.889452365952111,8,258.4,7.639184158875776
GR0747,grid,4,0.0052095993717619655,1,30,0.014417308804779063,3,0.5,1.5842187997131045,5.74848410957272,-10.013469556253968,2.1348386558164547,1.7615491558605352,-5.6345029607369,8,307.5,7.638796789855965
GR0644,grid,5,0.0025190400661189325,1,60,0.051368471223997625,2,0.5,1.2958324950948588,4.149193632079126,-9.405923933143058,2.2413089304424885,1.4332790443283723,-4.55590049631086,8,1101.4,7.638647060995195
GR3662,grid,5,0.006962240505153078,2,120,0.04739007460625072,3,0.5,2.210804554904783,8.806612970284919,-10.552340021167057,1.87865419196042,1.59312003771106,-6.642085132504053,8,176.8,7.637560247920265
GR2623,grid,8,0.00449626088749905,1,480,0.04121791567539437,2,0.5,2.3586109953791192,7.213847866520257,-6.606786613032874,3.0854422876072642,2.9547608535035144,-4.971113467419273,7,897.8,7.63414638827213
GR1529,grid,5,0.009834514581645805,2,240,0.055746005025024,2,0.5,2.7279961214154453,7.181065663894865,-6.651042061734389,3.02377036936741,1.800803259385075,-4.845236263304342,7,127.8,7.632445587592514
GR3230,grid,8,0.0030670094205635158,1,10,0.01628933403822252,2,0.5,0.8683499598289977,1.443197655685235,-5.882560336250845,2.354443651043705,1.0309743961185214,-2.864532522382815,8,683.6,7.630610631264879
GR2117,grid,4,0.010036872047082554,2,30,0.03387800298133698,3,0.5,1.4447258967025423,4.772832649573168,-11.176824870231957,2.0601392891783044,1.548765627004008,-4.250853563782421,8,61.8,7.629330485474375
GR3217,grid,4,0.008159494820934393,1,240,0.011089864280599267,2,0.5,1.7727038343888224,2.2911336013012167,-3.934288579797212,1.7461316878135915,0.5157676120252054,-2.1820897688667173,8,109.1,7.627906432662777
GR0276,grid,2,0.007239605423933134,1,30,0.04306971470864738,2,0.5,2.253720709566944,6.765171434830627,-9.150049671601955,1.7930146388189947,1.5078871589381888,-6.280810724547173,8,163.0,7.626755129580856
GR1203,grid,5,0.004030656066927947,2,30,0.03314004297109275,2,0.5,1.7880027453284524,4.7593304411360915,-8.108799555078422,1.9549966163135717,1.5245139460341015,-5.19117439712576,8,318.3,7.626639952794826
GR2453,grid,6,0.0027392996341354366,1,30,0.02875216900963331,1,0.5,1.3518591793147912,1.8124404718155223,-3.848975783600836,2.144101861920227,0.5711023120075187,-3.167193844530975,8,1015.7,7.6260601459472825
GR2788,grid,5,0.0065387601152985374,2,10,0.0701472495554269,3,0.5,1.6123402306727599,5.341929822260707,-7.733228155578181,2.323742590708823,1.2705686341325273,-6.752169801834443,8,117.4,7.625901537641334
GR0776,grid,8,0.0041869733363524494,2,10,0.04011604928547111,3,0.5,1.7138046504598072,4.554812754343105,-5.719397648485811,1.9643576850107973,1.3249046894516487,-4.641372472198091,8,264.2,7.6256123802170475
GR3715,grid,8,0.0030851679783059248,1,60,0.07863578088687513,1,0.5,1.7694347127645522,1.9890359718417367,-3.7168227844777175,1.6472060940359785,0.6811367654405058,-1.6971699531106423,8,1072.6,7.624733900194158
GR2611,grid,8,0.006647208122934141,1,30,0.017634675331488672,2,0.5,1.6246521861249517,1.5414075905703701,-3.0429842090742385,1.7871891401116335,0.5013361517489539,-1.7899367712324783,8,203.8,7.624341454753688
GR0294,grid,3,0.010096508069540402,1,10,0.02637353693542637,1,0.5,1.6795893913747633,1.6085618336990557,-3.3621346025358254,3.4781414532243033,0.7430398146255576,-1.7457135003486473,7,79.8,7.623740846512492
GR3579,grid,5,0.009607141776309058,1,240,0.032613788168714596,3,0.5,2.1298617631856223,7.087206528499334,-7.52456880337446,1.839557132301819,1.5275107470054992,-6.094086169439033,8,186.5,7.623314928085604
GR1208,grid,4,0.005980023935280092,1,30,0.010232270495759116,3,0.5,1.3342601631491888,3.6234502577117302,-7.814210209852426,2.2357180321692702,1.5985535352885165,-5.192613186621256,8,195.8,7.622678655046735
GR1582,grid,4,0.008279799056581808,1,30,0.0438226699038648,3,0.5,2.4910335035398377,7.850531435381855,-8.334807513985215,1.6109818549861283,1.1116116916422487,-5.667146901587493,8,170.5,7.62115200704184
GR2123,grid,4,0.010454547801821491,2,60,0.03608906255258567,3,0.5,1.993642350059297,6.21686916466321,-9.31875679723542,1.8562296858090392,2.101146136423198,-6.37723380645577,8,72.3,7.618853726158368
GR1553,grid,2,0.0091319376189805,1,240,0.04852688502335653,3,0.5,1.797911035038085,10.934691473898305,-17.925746330511956,2.2421642218339817,2.6888369393208578,-9.12676413221763,8,143.0,7.615848317549329
GR2975,grid,4,0.005426161350290242,1,60,0.07691905429662228,2,0.5,2.122550339939667,5.099042589247595,-8.461176197574714,1.732627454935106,1.588952150674544,-5.463497671381629,8,359.7,7.615753768473764
GR1283,grid,8,0.0030638750036565627,2,60,0.05031800749514567,2,0.5,2.4569500572435925,5.685261033888535,-7.393927671251567,1.6073816435112644,1.6403689707483047,-6.274392898490805,8,661.7,7.615172700503563
GR1694,grid,5,0.003586714409683099,1,60,0.06330742748602802,2,0.5,1.6820350380740259,4.422851562088015,-7.681613072518521,1.963391658340256,1.564845804552877,-4.974972235115711,8,699.1,7.61482608793261
GR1236,grid,2,0.01194251567895097,2,240,0.0660694608745297,2,0.5,1.397517435881459,4.567560166341269,-10.178821873287234,2.1618188754828775,1.280714727022596,-4.683344466648904,8,47.1,7.613530234894607
GR1647,grid,5,0.002973273095959756,1,120,0.06220743751369978,1,0.5,1.3729433652985965,2.3992774940147448,-4.669654224905207,2.09336773440189,0.6824825467857736,-3.249452217900744,8,957.3,7.613529960739248
GR2684,grid,8,0.002480132741933781,1,120,0.0524286156682358,2,0.5,1.3326896666298675,4.49273901713168,-7.267160490464776,2.2333697667234444,1.6118493253168744,-5.34237968982874,8,1613.3,7.613228459650136
GR0386,grid,3,0.008073438066295194,1,10,0.02789969178361206,3,0.5,1.7590246951920023,5.907187101614869,-9.895365379910182,1.8520892226508743,1.939663505484716,-5.054769051348649,8,120.3,7.613034496108353
GR3965,grid,5,0.010819700637239265,2,240,0.057190822564437374,2,0.5,2.387201724802889,5.81334379180109,-6.07944925863636,3.205753313802429,1.6354135967375663,-4.686718112537419,7,100.8,7.608379509638721
GR3617,grid,2,0.009246340182145311,1,120,0.07777038038205748,3,0.5,1.462349166434336,6.995295013340595,-18.949653417542777,2.1904532605317186,2.777054433263891,-7.334860852217188,8,120.7,7.606481420697655
GR3055,grid,8,0.01172808015423695,2,60,0.062388492403967086,3,0.5,1.9695715653382944,3.0411194278869695,-4.259988804115692,1.6105212223651555,0.805412586976139,-2.9230983157023185,8,60.5,7.604653127681761
GR3749,grid,8,0.0065895463531915315,1,60,0.05219649724268449,1,0.5,2.5943285052578298,1.6694581276040812,-1.9414615687941843,2.82274522059316,0.46001213706142696,-1.3724457010796505,7,307.9,7.602988129744407
GR1450,grid,8,0.0049641246732414854,1,240,0.012715116846005337,3,0.5,2.0656361783551866,3.639071571580162,-6.274612777389575,1.6529450831522503,0.8976831239838521,-3.8913246110812905,8,369.2,7.6018513141789
GR0829,grid,6,0.0026604876668910155,2,30,0.04715874077933117,3,0.5,2.016900571753333,8.123565553034986,-13.221471798402417,2.1296122441977317,2.0038605455719933,-8.72899932908669,8,637.4,7.5999645653155365
GR1011,grid,4,0.006845351637867411,1,10,0.03276334976902477,3,0.5,2.153097188510204,5.422419200615151,-6.614570880746397,1.9294253981106562,1.2373768293246012,-6.894973030319725,8,168.7,7.599462350229641
GR0819,grid,8,0.0029554866112373344,1,30,0.0478967542248873,3,0.5,1.8660317947123573,6.067346297100161,-10.29176416910608,2.106769273185965,1.5134232327468018,-7.16782145823141,8,1041.0,7.598860282473252
GR3560,grid,4,0.004736944367750752,1,60,0.0130680080510585,2,0.5,1.4269737742646444,3.692665325565465,-6.904663507570476,2.0645603171030436,1.114926552364801,-4.173272028607553,8,361.4,7.595942077448495
GR1524,grid,6,0.00872193981222684,1,120,0.014155440868577434,3,0.5,1.4531980643831663,2.5152525980099143,-4.424609016132926,1.8323450222450615,0.8650284280279321,-2.240088777824385,8,115.0,7.595311626898
GR3827,grid,8,0.008068785441192914,2,30,0.037206818082168115,1,0.5,1.501184611693191,0.9985586980417848,-1.7198211838312636,1.7335155746182789,0.19834858005846218,-0.8643344192511359,8,94.5,7.594445213335792
GR3095,grid,8,0.0024986174719253303,2,240,0.01614071202422454,3,0.5,2.250892225234788,8.881171706667036,-11.338381331355812,1.8393892862514618,1.7689221644786848,-7.639092660275237,8,889.1,7.5861610599253755
GR2608,grid,5,0.0046240790498746215,1,60,0.05835849221736755,2,0.5,2.282967871685122,5.367293808447682,-7.151026919724863,1.5270600447679539,1.4519287784638784,-5.085347074085584,8,513.4,7.583100859483092
GR2835,grid,3,0.007127419891981072,1,120,0.021720803081865372,2,0.5,1.9930900083576932,5.959452342945333,-7.689819158646824,1.969384916558964,1.42426474396111,-6.945064982703479,8,239.1,7.581387495513522
GR1024,grid,8,0.002342979773805059,1,10,0.03138242543858532,2,0.5,0.9988244893049874,2.346398030691338,-6.865438734287654,2.282705753981414,0.9835365943361414,-3.7765708966003877,8,1117.5,7.578953609834001
GR3735,grid,2,0.00802977560793985,2,480,0.03575084414960194,2,0.5,2.203574404183375,7.273886391250611,-10.128415579193652,1.7694929413319223,1.0307491297140459,-6.07853515898003,8,85.8,7.5750919656927
GR3150,grid,4,0.00360561549414257,2,60,0.06356176386700646,2,0.5,1.545153907068953,3.983596307285275,-12.362632580890276,2.067323500257287,0.9704780695310948,-4.9517872689740585,8,310.1,7.57437275666051
GR0690,grid,3,0.011833558480040886,2,60,0.07272578774837002,1,0.5,1.7933364603501663,2.309923499631819,-3.777291548898047,1.6333121845981076,0.686383882256503,-2.5954782837086166,8,56.3,7.5721734347322025
GR3833,grid,6,0.0030126687315100943,2,60,0.04116780569048019,2,0.5,2.2788172879160564,5.804255723347554,-8.26545238264589,1.4336896430723507,1.2769707189235198,-4.3554327985611785,8,571.6,7.569637215357586
GR2385,grid,6,0.0023111552157218103,2,60,0.05011201670149103,3,0.5,1.7278417615938975,6.563671663284902,-15.175472888492713,1.9514131225081588,2.002525135658929,-6.488975191495465,8,735.9,7.567351932969828
GR3629,grid,5,0.008249393919400027,1,60,0.014814898287703859,1,0.5,1.6971780618461263,0.9400771036221048,-1.9205431808878348,1.602642056540769,0.31819793146573466,-1.4870152247399893,8,129.1,7.566577265030044
GR2693,grid,5,0.008879973901713691,1,30,0.05757041100657679,1,0.5,3.065497134421304,2.3301033678521925,-2.194493345082992,2.3695789857567915,0.4071287186468635,-0.8824800344931647,7,162.3,7.565581179339107
GR1589,grid,4,0.005048955481046138,1,60,0.017518880492966654,3,0.5,1.4217487012341752,5.58905203504199,-14.082711191100843,2.1462879625703244,1.8339784504978396,-6.234225515105009,8,369.0,7.565018938660426
GR0421,grid,5,0.006472126452873874,1,60,0.027765136368390626,3,0.5,1.7599606915421162,5.732524692330363,-10.447141965027985,1.8789604415368129,1.7083785657336503,-5.795498932670908,8,284.2,7.562460755452639
GR0881,grid,5,0.0073336712161321425,1,60,0.030167098092697908,2,0.5,1.9502254049347882,3.8246793006174484,-6.11010472605245,1.7125726092582425,0.8741121227815493,-4.443557474190183,8,230.8,7.55904081701776
GR1036,grid,3,0.007535483671255221,2,10,0.06132162469118302,1,0.5,1.5438367167796838,2.2802565587281203,-4.665522775779263,1.8663014391497683,0.4957162404548926,-3.0984662427482546,8,84.1,7.5567359873227975
GR2790,grid,8,0.00221384668395704,1,60,0.07724937702066809,2,0.5,1.2638860802590435,3.3894949782851236,-7.55000529146313,2.09335948227146,1.409944454388084,-4.681217148780251,8,1677.0,7.553100118524102
GR0904,grid,2,0.007509193113740352,1,30,0.05243097952334606,2,0.5,2.179007763506697,6.601004695002958,-9.104585816839263,1.7536267302330721,1.4811844672374173,-6.811648339555905,8,155.5,7.552630214662532
GR3880,grid,6,0.0014673254349850623,2,480,0.04761917324203417,3,0.5,1.8255304118733744,11.061261943090466,-15.285754319668113,2.178966842573713,3.095317904539761,-10.406177699930668,8,1398.6,7.551448973087524
GR0083,grid,3,0.005492873225229897,1,10,0.05122479221109171,2,0.5,1.4128887198734257,3.816652907148793,-8.268345357339332,1.9221179059863218,1.5322026766751915,-4.335871816394265,8,237.3,7.551243578806233
GR0764,grid,2,0.006998532463482741,1,60,0.07663548586085278,2,0.5,1.6152793062045465,4.606501269653074,-13.056911621810633,1.9983904814763185,1.5115579546038171,-5.921893326173358,8,157.6,7.5494705453236115
GR2270,grid,8,0.002105338731027816,1,60,0.0339500523692186,2,0.5,1.1813695500061012,3.3409816079070005,-9.976799090598778,2.175189718620353,1.2848642016711511,-4.813806430314617,8,1748.2,7.547206988695804
GR3132,grid,5,0.01039746779075453,2,240,0.05841168241308964,2,0.5,2.4311808655959157,6.14312458084358,-6.629828696599488,3.0103481935739547,1.753594071279344,-4.699878667628308,7,109.7,7.542305752431704
GR3368,grid,4,0.002737586953252121,2,10,0.03299539893638413,3,0.5,1.371860803800978,5.4931925911608745,-12.497967278284285,2.270361273680229,2.179033231150561,-7.7565309403143505,8,400.6,7.542151616369581
GR1277,grid,6,0.003074030157113673,1,60,0.06800432670355262,1,0.5,1.7946278558781337,2.3306139441917617,-3.784244082605728,1.5308757513360283,0.68273952148631,-2.332992100155607,8,971.5,7.5419220805742215
GR1018,grid,8,0.0020532372443351067,1,30,0.054214444385982205,1,0.5,1.2094348945236502,1.68814917057365,-4.424564686445811,1.9557167365865176,0.7035230385512878,-2.642535655015836,8,1748.2,7.540632703604182
GR0616,grid,8,0.0017852809632143939,2,60,0.07269714617025437,2,0.5,1.6277962482580013,4.354839707690544,-8.810626180650598,1.7929323950028635,1.218063390622403,-4.209201932895557,8,1244.9,7.540051407504748
GR1108,grid,5,0.008854618610678459,2,120,0.03520010030324111,1,0.5,3.1547208416771104,3.260012594333986,-2.671398752827718,2.355194523178665,0.5930428067495741,-1.8998828322200643,7,130.5,7.539704242540295
GR3127,grid,6,0.011998326294613346,1,120,0.01776960596393149,2,0.5,1.3415717151653785,1.0944110961009046,-2.404817018477297,1.7789802924344957,0.27421442474767904,-1.4540198217908802,8,60.2,7.537708610817498
GR2169,grid,6,0.0024280934467449775,1,60,0.035555160958386824,1,0.5,1.0770542631911586,1.5931263075276711,-4.900565421570263,1.988884701883472,0.6230819171441745,-2.1980199140851435,8,1235.2,7.536079753331336
GR0073,grid,5,0.005068238168703716,1,10,0.04076247918876362,3,0.5,1.9928238624295425,5.440382381929761,-7.782764107699731,1.845455618101178,1.4316955061030021,-6.779844088608606,8,302.9,7.536047182046117
GR2607,grid,6,0.008065644773541405,1,30,0.011273978710286337,1,0.5,1.07778412949142,0.4575495917988883,-1.6056174908495997,1.8503938243735365,0.2330049940250301,-0.7683741763811122,8,99.9,7.528550408754654
GR1172,grid,6,0.008478439338862933,1,60,0.02038061666982819,1,0.5,1.788899915438007,0.8589619303963772,-1.968478004504741,1.4532507388847096,0.17126973264951267,-1.2738439840285174,8,135.1,7.527903746699772
GR3878,grid,4,0.0032088009256939607,1,120,0.05196229259381497,2,0.5,1.6499983448184785,5.81297798772381,-9.538639213770947,2.029902561213194,1.626478950174129,-6.874315344030692,8,783.6,7.526115051363569
GR3996,grid,5,0.0032870469804841007,1,120,0.06227086487289965,1,0.5,1.4538959508695335,2.468770306209197,-4.871829618055126,1.881086947646383,0.6410831497488543,-3.492847106328463,8,839.9,7.524373737301933
GR2668,grid,3,0.00867647639301232,1,480,0.0393619553812849,1,0.5,2.5501056987539563,4.548295311957005,-6.193332361566699,2.691517123247719,1.4707809995606131,-2.856517350423801,7,229.7,7.522485854027082
GR0047,grid,8,0.002366914397947542,2,480,0.07444191109564538,2,0.5,1.522793946217216,6.4169766936441475,-9.802837133988378,1.9948010037763733,1.7366144671391652,-6.192514691440156,8,1010.0,7.521876911449257
GR0205,grid,2,0.005767063702816621,1,10,0.02963520221706356,1,0.5,1.2603255524894306,1.980880893494137,-4.3600760260682,1.9915863366868902,0.7183338178187114,-3.5185750596241996,8,176.6,7.520663719103975
GR3144,grid,4,0.0036622019932966085,1,30,0.04509437735269512,3,0.5,2.160931224704516,8.667314943103404,-13.7857604367185,1.9853525861815846,1.8125646739563692,-9.440236189908028,8,609.4,7.520279033715096
GR1981,grid,6,0.00817708983829511,2,30,0.01166397689185622,2,0.5,1.4273276088290385,1.301749821151874,-3.276148667777216,1.6231485172587157,0.5763322497165918,-1.4101218448703732,8,59.8,7.520114384700239
GR2007,grid,5,0.0030552970978368946,1,60,0.06809784833939367,1,0.5,1.8187140427941493,2.5350521713290437,-4.523944391517961,1.4579227082693378,0.6191450817093409,-2.1960608893101563,8,889.1,7.519447384737585
GR0011,grid,8,0.0018659646885115344,1,60,0.012278634512461258,1,0.5,0.5839058284811218,0.9851177283573325,-4.254325156271971,2.3280350627293975,0.6067538532274994,-2.5365346985930226,8,1921.3,7.519135753115185
GR0410,grid,5,0.003286962615844639,1,30,0.013120593377161581,1,0.5,0.877351244585282,1.1735481308162417,-4.038019256158241,2.054379689293146,0.802787619897761,-2.237261680679039,8,649.5,7.517663542308579
GR1809,grid,6,0.003000207270796589,1,30,0.028773508025049632,2,0.5,1.5578637770440253,3.6263718998936554,-7.391918722676729,1.966322829843299,1.3562348833321503,-5.741826843568306,8,892.1,7.516193586595167
GR0385,grid,6,0.003406316166177037,2,30,0.010982525163168163,1,0.5,1.0287924494495162,0.9934962389721932,-3.7140324023326863,2.0143413967657144,0.40866260257131765,-2.3179679792885324,8,324.7,7.50870629282782
GR3152,grid,5,0.006362409446591004,2,120,0.059189173730160936,1,0.5,2.3275996926371003,3.0621006885378628,-4.179129121142924,2.9696642517713974,0.885325663982305,-3.2985640444604907,7,205.9,7.507541031539214
GR3734,grid,6,0.0028495231110510083,1,240,0.02781658715870599,3,0.5,1.6237404956719501,8.656740693706606,-16.35033959553435,2.22852194720492,3.151199468619189,-10.60703178920714,8,1246.5,7.505631075080906
GR2855,grid,8,0.004311737846992874,1,10,0.018916445599485236,1,0.5,1.212561517883084,0.7631397755508987,-1.7806424185867944,1.7986320201130404,0.31741099469227263,-1.589784086998643,8,370.0,7.503158698771258
GR3284,grid,3,0.003591141823088155,2,10,0.03194122562088199,3,0.5,1.129867127784204,4.656156303960609,-15.539044100168267,2.2469853897973624,2.0657815298777678,-6.9034838894511275,8,228.4,7.501157052767229
GR3345,grid,3,0.005817844523755322,1,60,0.024711237614314343,3,0.5,1.5455510100243697,6.748839860473561,-12.012503533188628,2.1936427379434233,2.7244345475570935,-9.484215000437707,8,276.9,7.499706398860157
GR2026,grid,3,0.010575990507019198,1,120,0.017656067003722457,2,0.5,1.2129219423903734,2.631164674583284,-6.274749947132059,2.418499459491641,0.5822937704060968,-6.667069230517572,8,84.4,7.498760687289785
GR0269,grid,8,0.002937110778417274,1,10,0.021273223433985806,2,0.5,0.9405771880129559,1.6029020966145928,-6.868135847082011,2.1618546783232877,1.0368503400511728,-4.043548421524247,8,746.1,7.495342883562006
GR1227,grid,4,0.002763110969043035,1,10,0.025114239988883243,2,0.5,0.5591235979811258,1.6709029022364903,-8.574853960904656,2.4100472069593164,1.9013779756124751,-5.160986518667323,8,671.5,7.494709369454989
GR0076,grid,4,0.0034691995830946824,1,60,0.06453692924441183,2,0.5,1.3506620257169217,3.9509226780156608,-9.456882266974844,1.844770164900752,1.4753342776292775,-4.365597942839285,8,620.2,7.4914360475604
GR1681,grid,4,0.003016051676504278,1,30,0.03921080146102942,3,0.5,1.3630853392846185,5.462753068684553,-13.351262140188084,2.207310551048585,2.174306118298329,-8.147052530814598,8,726.7,7.48733668737224
GR2687,grid,3,0.006210304229885348,2,10,0.05524431100637558,3,0.5,1.5873117432210002,7.548149045960457,-13.234949651017287,2.345859899413436,2.003006044798598,-10.108308717590626,8,116.6,7.485572438230797
GR2415,grid,3,0.007344159971353174,1,60,0.07201610845395091,3,0.5,1.9496290145889934,7.579194116368262,-11.517163517925892,2.2116509537266675,2.666795387714836,-11.807230842829231,8,199.7,7.485041414001132
GR3958,grid,2,0.006115340988884995,1,480,0.036559183699153265,2,0.5,2.640027213149924,11.084434916439665,-10.67302638774362,1.5513211658312915,1.2948149732901384,-8.545999651777073,8,254.8,7.480927907325645
GR3676,grid,8,0.009166181648161216,2,10,0.011268237058532044,3,0.5,1.2373525046504426,1.3641315534484186,-3.7666558406016883,1.7760562754201572,0.4972140795496943,-2.2036927159896003,8,45.2,7.477986638738803
GR3104,grid,2,0.008689125984344605,2,10,0.01724311028127945,3,0.5,1.252938389545182,5.4256287292396275,-16.325966633695188,2.1455014176712295,3.4223287433078027,-9.011556510191694,8,54.1,7.474450063668732
GR3753,grid,2,0.009124947286486105,2,30,0.050162264273608204,3,0.5,1.8578888291718811,8.829486232000093,-15.314111601754957,2.177807847075829,2.4876425706104657,-11.074938794908666,8,67.7,7.471895257890004
GR3698,grid,8,0.0026551857756806655,2,60,0.019844744249742363,3,0.5,1.6058980644987841,5.502701985265583,-11.40314131136336,1.7913240975041735,1.812092246515307,-6.0437726944928185,8,720.4,7.47020628127817
GR0869,grid,8,0.007696584219198173,1,480,0.05084501498025697,2,0.5,2.4757477740787532,5.615207281462311,-5.378855616243982,2.6141952520725265,1.9527579559339814,-3.42065757035858,7,380.6,7.470093377909468
GR0958,grid,8,0.003989907899887126,2,480,0.0298133942251584,1,0.5,2.6035837403609063,4.161819948320082,-3.8042094682026253,2.646762301096133,0.9750615911222742,-3.1005580594792446,7,604.1,7.464089601322559
GR1899,grid,6,0.0043293547864640125,2,10,0.012125839567216152,2,0.5,1.0774595694568014,2.04060755395699,-5.690119877504912,2.0848506588176576,0.7101751331234791,-4.247586306075901,8,202.0,7.46337949959031
GR2086,grid,6,0.002766215552413695,1,120,0.012970326379679306,3,0.5,1.0003409225938515,5.361432252112555,-13.26249379186851,2.323615998108059,2.069719183495441,-7.496559627421321,8,1074.4,7.461513432961139
GR0186,grid,8,0.00396136006677044,1,480,0.04119094943369524,1,0.5,1.987580078895639,3.1910116991709017,-4.2868089352015515,2.90709035384728,1.5747316621978245,-2.8569993890007024,7,1015.3,7.4590232525357525
GR0834,grid,6,0.00873432087852349,1,30,0.05920244937838032,3,0.5,3.1642645608322177,5.908877867275698,-5.503279198491546,2.1148689159345566,1.0348232370186563,-2.1238229526611576,7,168.2,7.456326862222039
GR3354,grid,5,0.003477392089169515,1,240,0.011405907404976738,1,0.5,1.5266938291083951,1.7335862536137916,-4.138985218695343,1.5697553355962888,0.34707427628215004,-2.3373155686625613,8,611.9,7.451925057733667
GR2637,grid,8,0.003268121790302579,1,10,0.012169802866712508,3,0.5,0.9024981031976091,1.8023997775755922,-7.604682759052703,2.3244655702867,1.3921352998918592,-6.273539214265547,8,571.8,7.451717408723714
GR3570,grid,6,0.0057011487308340604,1,120,0.01340530487224664,2,0.5,1.360593111242686,2.1610634733283898,-3.866983931737432,1.6362124936837716,0.5955725806752634,-2.355936791360291,8,261.6,7.450763154502907
GR1211,grid,2,0.008168860750796586,1,10,0.011921470680502927,1,0.5,1.2065784492059997,1.3422790734098637,-4.817901652598412,1.7041552387034202,0.7731409454945533,-2.332299871907362,8,89.5,7.450756675503461
GR1366,grid,5,0.004003758856197152,1,10,0.013237041372956485,3,0.5,1.1521904118156403,3.1206698174642113,-13.941948309522395,2.244386266641899,2.1027072906146094,-7.981960293330176,8,413.0,7.444929909182905
GR0403,grid,6,0.0033413315706572887,2,30,0.04252680372734144,3,0.5,2.2845899401195355,8.95746524143047,-11.844266576252721,1.5928019395716628,1.933072322019105,-8.543973399238984,8,484.9,7.444145236650298
GR1255,grid,8,0.0018643135971147305,1,10,0.029051334443403347,2,0.5,0.5554547832142935,1.626262877499472,-8.056541118712849,2.2977451363992563,1.4505260413896157,-4.5496972961848225,8,1582.4,7.443681991884033
GR1808,grid,8,0.001434220690734293,2,10,0.02457561828291662,1,0.5,0.5284771038836709,0.783696913357495,-4.148308743089093,2.17229854813284,0.7647522450398665,-2.6036299505062925,8,1307.2,7.441039860397691
GR1246,grid,3,0.002481577671575147,2,480,0.03643005862772349,2,0.5,2.1589147134208537,9.489984650180359,-11.811983982582197,1.661380860848464,1.439386780656747,-7.874741369583135,8,458.5,7.437962261685618
GR0453,grid,5,0.008172908588868655,1,30,0.01952177809047485,1,0.5,1.710397928238353,1.1425487396870648,-2.0506707865708083,1.3538057853939875,0.21234275593099844,-1.7462188427506224,8,140.4,7.434546271808243
GR3168,grid,4,0.009329729893918002,1,60,0.02237919207093319,2,0.5,1.3795352935497147,2.3182858132691546,-6.142830745841693,1.7582005348358962,0.6757752211283495,-3.7858376154146027,8,119.2,7.43196258950646
GR0572,grid,4,0.006116416332552301,1,10,0.014710304136084214,2,0.5,1.5404971408869357,2.754408090012859,-5.62571594645513,1.8617677484375885,0.6739741218096278,-5.382548089267911,8,186.7,7.4309096734516915
GR1921,grid,5,0.002905489062306605,2,480,0.023203461841702633,2,0.5,2.3480594985202323,8.386290595636442,-10.478417733187735,1.6182869051081834,1.119509531801594,-8.195729868914386,8,612.8,7.430463927264017
GR0975,grid,8,0.0037407117987576215,2,480,0.052249698482042355,1,0.5,2.377964678258747,4.159926618621329,-4.265563497847833,2.561008153413449,1.284742846333193,-2.3751847308348077,7,662.4,7.426111416370244
GR2252,grid,8,0.008746383362265327,1,480,0.05074921793832591,1,0.5,2.320491908768759,2.370036090442214,-2.6875029597016327,2.5780415216288928,0.8321337115015416,-1.6202408055836897,7,301.4,7.4256225059487315
GR2135,grid,3,0.008872800527526294,1,240,0.056637201983094444,1,0.5,3.005023597967011,5.074125062888273,-4.46615713638399,2.244429823962289,1.1783760635999063,-3.0032705130819703,7,220.1,7.4255743544762085
GR2842,grid,4,0.010006119767653896,1,240,0.03315806764844513,3,0.5,2.025742458420885,7.97204314918915,-8.45238999406156,1.6056996986508814,1.8215385711277192,-7.599172428109869,8,170.0,7.420060341922788
GR1829,grid,5,0.008516174508470847,1,30,0.012889365443983265,3,0.5,1.1188524278292264,1.9971580723679707,-5.777442817350329,1.7336803697578245,0.8610383403747838,-2.795591180764786,8,101.3,7.416959491123885
GR3642,grid,5,0.007486772449917397,1,60,0.013920481076851298,1,0.5,0.821220211737575,0.7808851462994643,-2.2849766627987083,1.8512796455031058,0.27738951199395157,-1.440216942150455,8,145.6,7.415220048428159
GR3060,grid,3,0.005602596623263561,1,30,0.02661080096456496,2,0.5,1.4876098878137334,3.9764514929726777,-9.470945589506627,1.7602162941416282,1.1306172709896891,-5.231312563384654,8,255.9,7.414950926583948
GR2318,grid,6,0.0020461676730049593,1,10,0.028427340403197013,2,0.5,0.5617347853198753,1.7081332314540796,-9.043692711239801,2.1668619036801653,1.6116208062687367,-4.367228391676799,8,1227.3,7.410504253252928
GR3100,grid,5,0.0032143613656333454,1,240,0.023417751993595894,1,0.5,1.6320893633114182,2.634432885507376,-4.2961743998892965,1.3665077188328225,0.8573684835010335,-2.781145881145821,8,910.6,7.406276008279529
GR3714,grid,6,0.003132482285148418,1,60,0.05356101364985126,2,0.5,1.7684649697919401,4.718655715623906,-6.953796450978916,1.6047923773990498,1.719652511467617,-6.41245328001707,8,955.9,7.40552106488354
GR2076,grid,8,0.011623030567577209,1,30,0.0709237455385522,2,0.5,2.634309389232471,2.135099498344962,-2.870263153572432,2.288525395558862,0.48613095548063023,-0.8942032952253611,7,97.6,7.4053675234961585
GR3541,grid,8,0.004106496947650924,1,240,0.03654067114587945,1,0.5,2.321363430280162,3.4164243908207395,-3.0099480683985713,2.617129212550174,0.9472373474692815,-2.4170244911084047,7,965.8,7.404874693062665
GR2210,grid,8,0.005395852648817931,1,240,0.06455023938600908,2,0.5,2.3575249107117817,5.753838740770921,-7.603540511455376,2.613247167802052,1.7259834859483636,-3.6529080053903997,7,600.5,7.402122897276904
GR0589,grid,3,0.0076300209486129126,1,480,0.04025650541050811,1,0.5,2.437220782631015,4.5668094816372555,-5.477610355484266,2.5095801278518257,1.4744443784256256,-2.941955509096715,7,266.9,7.4019155120508735
GR0677,grid,4,0.009049676509131665,2,240,0.04551416774503421,3,0.5,2.013997578387459,9.387210969722737,-13.431585299824347,1.7903760067861363,2.13939330521183,-9.66748713667319,8,121.9,7.400970712786554
GR1162,grid,5,0.005952988028506354,1,240,0.0609526498602577,1,0.5,2.69635096976242,4.059271172061297,-3.8418678700508644,2.3154111753708477,1.152885157467572,-2.4271537301893114,7,461.7,7.397441908631656
GR2814,grid,6,0.008320472553369785,1,480,0.04194830526359068,3,0.5,2.6347891010306475,10.140667185636953,-9.316497464104632,2.568535747729364,3.117252779928207,-6.657837413626658,7,323.4,7.396187794364066
GR2046,grid,3,0.010073349374444948,1,120,0.035342375560352426,2,0.5,2.540426321493075,7.8399128720236435,-7.960452164795496,2.6046282004964363,1.8666838435847786,-4.791339032201067,7,163.0,7.396064952226037
GR3625,grid,6,0.008063373118363954,1,480,0.03370389782229066,2,0.5,2.657185767521939,6.451424292446468,-6.157371528962285,2.5256918838907674,1.5821436472713324,-4.433448222395709,7,318.6,7.394281676445392
GR1895,grid,5,0.0037779192604795397,1,60,0.02233581477124082,3,0.5,1.0826323829300772,3.9050260309075,-13.65595595117482,2.0075924047793303,1.9411459689803088,-6.487418611498215,8,589.9,7.394252857858254
GR0934,grid,3,0.005942610605396515,2,10,0.040643277080312366,3,0.5,1.664688087947723,7.326290175258372,-13.475226169416693,2.027852750262217,1.796145546622769,-9.359306711841764,8,120.4,7.394073405021631
GR3945,grid,8,0.001526313299106348,2,10,0.025984342306979102,2,0.5,0.7724714605911103,2.1852992880592175,-8.078193097700169,2.1253168418304402,1.4868008831393982,-5.2417475102565,8,1228.3,7.392573237036793
GR1331,grid,8,0.00731336967572558,2,480,0.053884960739830214,2,0.5,2.8461921559752823,7.223707763091288,-6.502978880426927,2.2606380001439295,1.8797910235435065,-3.8880271557476225,7,259.6,7.388246399395977
GR0388,grid,8,0.005506104213428683,1,480,0.03840463987852324,1,0.5,2.383611373122052,3.3761648754828406,-3.5126184536277103,2.5016587740695524,1.0438030202976862,-2.3119995962210127,7,660.9,7.38561412611847
GR3018,grid,3,0.009121460348168006,1,480,0.039484253793624455,3,0.5,2.4561264290842737,14.119100309270701,-18.62025736100669,2.717071416548971,4.4938460980950135,-8.977905511853423,7,223.5,7.380353423308715
GR3664,grid,8,0.0054505803382243695,1,240,0.0660007383569519,3,0.5,2.4866785503064213,8.787263164443482,-11.365675596647561,2.6398925317240938,2.7405384400128536,-6.229151686865898,7,602.6,7.379449178356844
GR1758,grid,8,0.0022652945445688004,1,120,0.06579603635716952,3,0.5,0.9903144492466781,5.111075893839285,-11.837698258768322,2.1303198194273048,2.0462340795256937,-7.4829296052114485,8,1695.5,7.37046120356566
GR3552,grid,5,0.01082739165793994,1,480,0.016823433150285925,2,0.5,1.7637136337564552,1.9740168708824366,-3.221832242383025,1.5030728837796743,0.16098225215642378,-4.2155288785125595,8,80.1,7.365443735289551
GR0194,grid,3,0.01198728834516497,2,480,0.03662474833064824,3,0.5,2.9211981116751433,13.872684345848455,-16.89706472420232,2.6970727185854915,3.092778949691056,-9.536867415424677,7,86.9,7.365252427915818
GR0735,grid,8,0.009737384032342845,1,240,0.02899050123364328,3,0.5,2.6258208362707363,4.570415179593963,-4.659812006614938,2.4778263715162563,1.2127974233783352,-3.9103774363056254,7,181.0,7.365169265755466
GR2732,grid,2,0.009928076195260226,1,60,0.014696957013306634,2,0.5,1.8092139605340904,3.8548450750453775,-10.306942846733273,1.4261872404797757,0.5866797637874006,-4.4421845457410205,8,77.4,7.364951754734657
GR0538,grid,5,0.0030901911257748245,1,30,0.023888841362993726,2,0.5,0.9756587602825414,2.801031643361579,-8.475048946952102,1.8541528525912905,1.3171645019126843,-4.476805060063289,8,745.1,7.363831268300061
GR0535,grid,8,0.007967659765852583,2,120,0.06204626981903603,2,0.5,2.4974045397748075,4.200450434131019,-4.298471526800749,2.3994723229268256,0.7951309112733416,-2.146330542598535,7,155.8,7.36381454759547
GR0053,grid,6,0.00514361823500131,1,240,0.032192631251718916,3,0.5,2.347786938682566,10.021648919895451,-11.144855631063692,2.677677358238165,3.3995035037298154,-7.063124369967881,7,590.8,7.357463710912257
GR3423,grid,8,0.0028189988882042502,1,60,0.01825426022355811,3,0.5,0.8005824661561839,2.924250137782426,-11.987129437055792,1.9688198797701877,1.8479826122110794,-5.296770394684318,8,1072.0,7.356176071039268
GR2221,grid,4,0.0041607629671978315,1,10,0.016054756575870032,1,0.5,0.665773784027417,0.8998365055977647,-4.196801127857689,1.8822418444114064,0.6475690522968508,-2.378652703739699,8,362.5,7.355827327152725
GR2918,grid,8,0.003768415576532435,1,480,0.02879880390067647,3,0.5,2.407719823098039,11.1490632187195,-12.36424519731294,2.6454876772331293,3.3834344223164594,-7.223497021622624,7,1094.3,7.35005033417228
GR3786,grid,6,0.005346354871450551,1,240,0.06541713271023086,3,0.5,2.4207596342859947,10.847354272178972,-12.335655443525303,2.679482413971998,3.0997008381384097,-7.168818409215619,7,572.7,7.349841939071334
GR0562,grid,6,0.00830561019857204,1,480,0.04381863248873731,1,0.5,2.556510614671531,3.146206879030206,-2.9723841294631894,2.2866381103804403,1.0275524447220434,-2.1692536378636578,7,316.7,7.347989311378602
GR3549,grid,2,0.009799877790477324,2,30,0.02822747078530661,3,0.5,1.1678981144955256,5.931508762371289,-13.60588942362142,1.7012778382215383,2.173960296329515,-5.743897449561428,8,53.8,7.345227438281025
GR1946,grid,2,0.011560176438033492,1,60,0.033874842259571714,3,0.5,2.1340675353500025,8.864077267308584,-14.790153222350746,1.842255224609427,2.113180534004494,-11.57495432503065,8,86.0,7.343792294897764
GR3277,grid,5,0.0030187287321062086,1,120,0.06702065908524736,3,0.5,1.3616527242479202,7.046424744810926,-13.96319116200044,1.9537365104181,1.7250390984375101,-8.038423749569846,8,922.1,7.343374949863331
GR0223,grid,6,0.005836325772990204,1,10,0.01179567369523672,1,0.5,0.6396690300779007,0.45409709879122423,-1.916604648426528,1.8483003548447556,0.2325897222040858,-1.6683537699989754,8,177.3,7.342141820279899
GR0536,grid,8,0.011167167925554802,1,30,0.06429749782215716,2,0.5,2.876509178204946,2.346127616438318,-2.893141360965037,1.9993573863052625,0.37613691305478825,-0.8946064272589137,7,105.2,7.339078144707701
GR3949,grid,8,0.0017075482697674446,1,60,0.07480480135331248,2,0.5,0.8638871407743007,2.97046171913997,-9.611989975981668,1.8934093783630779,1.2421089633504199,-4.562590145191589,8,2338.4,7.336813670852214
GR2651,grid,6,0.004792411555688115,1,480,0.05627780920812569,1,0.5,2.3240037139642915,4.0075869612981965,-4.379869887582791,2.3978800897216273,1.3846014927395829,-2.515753930131941,7,703.2,7.33607003817527
GR2248,grid,6,0.004926539866182601,1,480,0.07633324202520873,2,0.5,2.0026552083820532,6.687942432297858,-8.80213567256529,2.7064255891094016,2.735115242337784,-5.035945207333571,7,639.0,7.335340584560855
GR2997,grid,5,0.011770677366142249,1,120,0.06764269567288113,3,0.5,2.69796604724781,6.78748922033901,-8.276238549698792,2.3620993202516023,1.5968295744292083,-4.412523334746092,7,130.8,7.3353294741571355
GR1407,grid,6,0.002374599209601262,2,480,0.05020341143441354,2,0.5,2.050720756738156,7.903353986568485,-9.812910899241288,2.8785049021762186,2.59453079681322,-6.443059721949866,7,851.2,7.331522313428811
GR0488,grid,6,0.003377837440516583,1,30,0.012775962705811588,2,0.5,1.148327167219152,2.183153081072056,-6.715394630506016,1.6436786700956767,0.9487207461153829,-3.812495163579442,8,621.1,7.3313015015832645
GR2746,grid,8,0.0016858112489530524,1,30,0.06487543566454819,3,0.5,0.8294875549644342,4.030199259712477,-14.663400511138317,2.2167615525449564,2.106686046281835,-8.086823743717122,8,2248.5,7.32971442421408
GR0225,grid,6,0.010260528828258654,1,30,0.03258604533636177,2,0.5,2.4923836507649404,2.7970509003365804,-3.741183486148511,2.259612263868468,0.6225812837192588,-1.4159979116922115,7,113.3,7.329387241966301
GR3107,grid,5,0.010548297029738538,1,30,0.06759940419657567,3,0.5,2.804566086016969,5.984040634706419,-6.835564573324354,2.1496330228966305,0.9795924552432662,-2.630968895320766,7,120.3,7.329213948808791
GR3902,grid,3,0.007592669654262752,1,480,0.010183780659117852,3,0.5,1.3462696417055282,4.337843630734693,-9.516777759046818,1.5622432018898882,0.9994942205247715,-4.315015162258241,8,114.5,7.3279489612685955
GR2828,grid,4,0.00834675672089216,2,60,0.05231214365569671,1,0.5,2.168215087191687,2.8326680180799926,-3.451174632398888,2.5474958727749555,0.8053645529769492,-2.2268486606132862,7,114.4,7.327655913507596
GR3371,grid,6,0.00310188055235036,1,60,0.048181881560173466,3,0.5,1.8435841103301427,7.244727053452723,-10.448201176517124,1.468358726533387,2.159959997233942,-7.655186282680697,8,957.6,7.327322282856941
GR3290,grid,6,0.008535425537424776,2,30,0.05763281635682704,3,0.5,2.076275180973224,5.927545640821373,-7.016087309883787,2.6828895122919127,1.2139204495702616,-3.3511619595657973,7,101.7,7.326226753215001
GR0046,grid,6,0.006203557782378701,1,240,0.03195483059293921,1,0.5,2.3079758774229946,2.892350598889243,-3.4873510142215123,2.415672897221833,0.8524000339281557,-2.0313571417000458,7,427.5,7.325756141188974
GR3424,grid,3,0.00454868078761782,1,30,0.019281561331850182,3,0.5,1.285739716166647,5.219634455336707,-18.99688904922752,1.9335832315249046,1.7784317480853242,-7.899107125737137,8,348.8,7.324162481338799
GR1428,grid,6,0.01045989029960509,2,240,0.05991452978794955,1,0.5,2.33947225114471,2.5286969447236443,-3.0973185861596355,2.5519226576203087,0.6723751378611615,-3.0078275504067458,7,108.3,7.32352722927704
GR3411,grid,8,0.008310599192485578,2,240,0.05572412011304106,2,0.5,2.528893500728543,5.441461241375601,-5.234507309739129,2.3621753959538663,1.339319361068945,-3.4614311574727616,7,177.7,7.321106657834953
GR0947,grid,6,0.005509834105536863,1,480,0.0453288839368093,1,0.5,2.4138523162401695,4.168430750480331,-3.970086209278488,2.323510662423728,1.3573625008452348,-2.6344407112474437,7,621.8,7.320258050355501
GR2751,grid,3,0.011196630016214454,1,10,0.025573541246320636,3,0.5,1.662054219752838,4.1270702122745275,-8.225908178774443,3.3035105943300236,2.010977632609211,-7.137094519702751,7,64.9,7.317848572800934
GR1279,grid,8,0.005473934295052352,2,480,0.027947812696893684,2,0.5,2.532868922000099,5.456763139373697,-6.759456331364054,2.3653866794929286,1.2418487646458343,-3.4345721621266785,7,315.0,7.317558253815914
GR2988,grid,6,0.011171716491159887,1,30,0.059115310729537504,1,0.5,2.8695781593217107,1.5590118740974246,-1.928608559082095,1.9850436565039142,0.2514884382623586,-0.9863460350521747,7,105.6,7.315081406181133
GR2222,grid,4,0.009920187445294456,1,240,0.028615963434951243,1,0.5,2.6587150521167313,3.0173164479963357,-3.1723402003647787,2.2593141278453652,0.6913125119037923,-2.5976069744969754,7,171.4,7.313754455647919
GR1753,grid,8,0.004635099582578511,2,480,0.032161102760513635,1,0.5,2.1582305598253555,3.6762420961868663,-4.0890282796453,2.7587056439892965,0.8950683826361565,-4.129575156832761,7,481.9,7.312717668943717
GR3588,grid,3,0.0063890660443899575,1,120,0.015905784800298806,1,0.5,1.4293659127991063,1.883014823699457,-4.554447467128102,1.2758492890970614,0.6453863925554251,-2.3644338738894475,8,225.9,7.312706832904477
GR0122,grid,6,0.010050858564140506,1,30,0.07868885459766581,2,0.5,2.940723406342152,3.499737437571368,-3.8359717283512147,1.9568650522790847,0.4948052832198774,-1.5117587296428974,7,130.3,7.31168519430725
GR3158,grid,8,0.0034971192619017272,2,30,0.042192525260929,1,0.5,2.5818172410529483,2.901409674466213,-3.297469336905178,2.1966896400274223,0.5834509018917652,-1.6404624673192665,7,505.6,7.311303834440411
GR3255,grid,4,0.005269856392516581,1,60,0.014546147964641383,3,0.5,1.4208249057456885,4.811309084572256,-10.204436716938053,1.7348232965426402,1.4812043589205586,-6.9181059604816975,8,307.8,7.310327946252637
GR3472,grid,5,0.003701720601384532,1,10,0.022018799800697215,2,0.5,1.0975539359638748,2.411921702700127,-8.116906031184918,1.898035729829001,0.9217597064888599,-5.783952089768428,8,474.0,7.310085910345217
GR3313,grid,8,0.005189133959898946,1,30,0.027990135725812527,2,0.5,2.214519025204139,2.9448108577359142,-4.286270071241997,2.638177772826991,0.8626924117571599,-3.5150941353420966,7,380.7,7.309645450153435
GR1770,grid,8,0.0036536769712991026,1,240,0.07646483270512451,3,0.5,2.409367528157955,10.213081367332373,-11.510223944135669,2.569001030824622,3.0867196123761476,-6.943439522291356,7,1097.4,7.309191919971077
GR1889,grid,4,0.010108786705823916,1,480,0.05159187040447376,1,0.5,2.339698093904217,3.6707746953455427,-4.151853981252934,2.3394408207010624,1.2388472944674924,-2.4256160122662003,7,208.2,7.308228620308171
GR3052,grid,3,0.007905823408555878,1,120,0.06215910320055575,1,0.5,2.300626152704498,3.2969626126624645,-3.854750719305175,2.544671260077355,0.863088429273148,-3.316779680843683,7,202.8,7.30533020633739
GR3473,grid,6,0.010120129035002067,2,240,0.011518348875974787,1,0.5,1.3568049537521112,0.49807240379746515,-1.6032789146461983,1.1769352307816925,0.11357719645084216,-0.704989278579651,8,38.7,7.303449158978683
GR2104,grid,3,0.0030341441590155255,1,30,0.05756381959698642,3,0.5,1.1351784466771373,4.914455358499298,-14.593233719876897,1.9104607800365365,2.0508912809763387,-7.692899431239549,8,570.5,7.302758221623317
GR3795,grid,4,0.007601976174871188,2,120,0.060626234577918915,1,0.5,2.4151989224814865,3.3742229557661423,-3.670777021318354,2.4020950462815387,0.7649218756677856,-2.745441555318139,7,146.3,7.301969704305473
GR1640,grid,5,0.007422861346435899,1,480,0.056595676488425,2,0.5,2.1838580142297954,7.679875548400955,-8.497881209611604,2.4860530119064332,2.99374705110801,-5.190838243556355,7,365.9,7.301930729102093
GR1089,grid,6,0.004342349010453965,2,240,0.066163468314304,3,0.5,2.6789791562443663,12.977867296125117,-13.320507617309648,2.6387121627831625,3.1765134201783765,-9.094122671130462,7,443.8,7.299587933472176
GR1579,grid,5,0.00301994957387778,1,10,0.02278711751956434,2,0.5,0.765841820698683,1.5445219998009432,-10.553539212863798,2.1030376207210546,1.259729944927458,-6.302554440533058,8,620.6,7.298744604696293
GR2093,grid,8,0.004963797536125453,2,240,0.014875078073390998,3,0.5,1.281057473841714,2.8330604997999345,-6.178053413662274,1.4471261498955315,0.8167168314226055,-3.378164471365799,8,208.4,7.298171487837364
GR0633,grid,8,0.004942909242613518,2,480,0.025252655811129524,1,0.5,2.115761240157108,2.4319001231089095,-3.5849135199508053,2.4806592219178065,0.5857162818394027,-1.677648184208356,7,343.3,7.297223433404796
GR1493,grid,5,0.005163901257008519,1,30,0.029293712191194476,1,0.5,2.2701853290208955,2.4032534190245283,-3.562393817427037,2.520909868731054,0.6290936257954091,-2.8330504768462923,7,380.8,7.295809501088099
GR2670,grid,8,0.003376079152921701,2,480,0.031231849078333228,3,0.5,2.7181891670303595,13.239591334040494,-12.94390247712522,2.5278315952065182,3.4147009776366994,-8.866853870202975,7,774.2,7.2941458139507995
GR2845,grid,4,0.0044133781463349874,2,480,0.05530852193068139,1,0.5,2.579204895273313,4.6737346807763975,-4.681087801563026,2.2922909931987965,0.7398375840140088,-2.8641995911826235,7,321.7,7.292627446771617
GR3587,grid,4,0.00954267556966035,1,240,0.014775830839561098,2,0.5,1.5228230941248726,2.049092077721758,-4.715568319715276,1.3597026539864903,0.6617166459439341,-3.850777846957444,8,94.0,7.29060378338945
GR1745,grid,8,0.009267568477984532,1,120,0.03830346432390529,1,0.5,2.2134029450176635,1.612706697302063,-1.9290570309206123,2.334049148913871,0.41027413288280706,-0.944403810103704,7,202.1,7.290500702540943
GR3349,grid,2,0.010573830340535969,1,120,0.013395541802450322,3,0.5,1.581967864117646,4.492453737887779,-10.848573000031811,1.2989962321238457,0.8696693864859517,-3.995778653874186,8,65.8,7.28896549537745
GR2578,grid,2,0.00933972486638444,1,240,0.07643658517755933,1,0.5,2.219195471516758,4.397416988556166,-5.583703670899977,2.519442229610557,1.0310971780574927,-3.22490145999669,7,145.6,7.288501331424576
GR0084,grid,8,0.010213291746790963,1,30,0.07293863619994197,3,0.5,3.0049366350002034,3.867033571483546,-4.30133870858097,1.8694114282117469,0.5763453937416199,-1.6823025756503556,7,126.9,7.287885610155655
GR0874,grid,5,0.011576598980509474,1,30,0.04959183702721045,1,0.5,2.671875495082396,1.685098844713448,-2.2980729037696803,2.021809461509795,0.36284320722849955,-0.9236942001085118,7,95.3,7.284982710775896
GR1669,grid,2,0.0019839395796924677,1,480,0.049432665953196786,2,0.5,0.9181879944997278,4.599280353973811,-14.231186986518916,1.6821244685354901,2.8478677769059413,-6.267011175796161,8,610.4,7.284221160795595
GR3991,grid,8,0.009617691468190779,1,120,0.041186838805343656,1,0.5,2.633750646158879,1.7284552880704669,-1.6725850474426078,2.046270566673401,0.3929884991173477,-1.0069062529753319,7,190.1,7.281971653601563
GR2834,grid,8,0.008838436445408372,2,240,0.05876602154621915,3,0.5,2.5770246235668415,7.256542031024357,-7.94577303257749,2.2324160013100878,1.9225589145409756,-4.186558424951436,7,155.1,7.280305795325785
GR1307,grid,2,0.010672199488511109,1,30,0.05344130570990748,1,0.5,2.627376192922816,3.95348820702036,-4.594781346965901,2.1091774303024957,0.79855363378909,-2.0985002684751635,7,101.5,7.275316976107586
GR0360,grid,2,0.010417286637355213,2,30,0.027983540077850456,1,0.5,0.9833388681014353,1.6226622160577953,-4.905986838108911,1.435383120515815,0.6015452430133154,-1.9035171237017492,8,47.2,7.274836656681508
GR0079,grid,5,0.009892604152653089,2,240,0.049872057348420235,2,0.5,2.3613417083046153,5.909668678332816,-8.538794276982136,2.581491333333424,1.4133741393292385,-5.153806907125381,7,118.2,7.273915129210242
GR0590,grid,8,0.008708974530739173,1,120,0.02926306166634266,2,0.5,2.619747305035811,2.94651579588887,-2.632443392677742,2.2177674841355612,0.4699648119062748,-2.4636079966689612,7,197.2,7.273700264524111
GR1396,grid,5,0.0022994262756484943,1,60,0.07303082074785468,1,0.5,0.9416549350490623,1.5120195610614902,-5.553266979999207,1.5781275293500867,0.4470506899360644,-2.6282872179848162,8,1162.4,7.270720690838054
GR2493,grid,4,0.00877972983278955,1,60,0.020358691394123767,2,0.5,1.6775500293787442,2.488158436927637,-5.775194197129077,1.2497624631334934,0.420259911188552,-3.8491716559617632,8,127.3,7.268328610761074
GR0648,grid,8,0.00922699212928069,1,240,0.0769287453475449,3,0.5,2.8085614249690507,6.980435602027638,-9.598774496114565,2.1731631783088927,1.5336021860230011,-4.608015837693274,7,250.7,7.266699082349961
GR0112,grid,4,0.008081545586083365,1,240,0.010013046584408805,2,0.5,1.2339200236758352,1.604494515587885,-3.710240520237403,1.3246881792298655,0.3940062567238528,-2.223249945827556,8,96.1,7.264411191544445
GR1818,grid,8,0.002311425005076013,1,60,0.017526679041846762,3,0.5,0.5146135894287454,2.5436755136990237,-14.059602472541211,1.9191650738085524,2.1979107161719913,-5.517150059879186,8,1471.9,7.262812213743481
GR3931,grid,8,0.010241906002359946,1,30,0.0544210117134317,3,0.5,2.9738649825396863,3.8343842765006806,-4.298850643199894,1.8380455140777496,0.5464748306287328,-1.6790584588015374,7,124.3,7.2622544550191
GR1502,grid,5,0.0028161138038073005,1,120,0.0413339472179658,3,0.5,1.9744087500518888,10.72034706738462,-12.975428183617932,1.930077528439615,1.88889138874582,-12.520307053680407,8,1136.3,7.260750400692236
GR0220,grid,5,0.002246719278734673,1,60,0.07010919431912917,1,0.5,0.9164143801676972,1.4713851424822588,-5.361535861825251,1.5716782341334299,0.44238120314229673,-2.6275274519066625,8,1187.2,7.2599183685473365
GR0056,grid,5,0.010555835317341264,1,10,0.024900178163338157,1,0.5,1.4922190265677568,0.8139986762531244,-1.646721907019637,2.8072683504693607,0.4061986204158948,-1.4235030112451204,7,72.5,7.258022174640104
GR0528,grid,6,0.008349539337229117,1,480,0.05699300990856284,2,0.5,2.3665357924047212,7.1915714619170314,-7.908796137582685,2.434216506960049,2.460742918059963,-5.756843950848779,7,338.9,7.256806962247309
GR1137,grid,6,0.007630150046685675,1,10,0.02280983230920724,3,0.5,1.775388283703095,2.948989280338812,-6.026159773924846,1.4010816177084722,0.4217132058184997,-5.6677360136130845,8,137.4,7.256776108728436
GR0165,grid,8,0.004087591104658745,1,480,0.012765594929524705,2,0.5,1.9763396085192286,3.308646731900699,-4.854132562138748,0.9382887986440925,0.4439500057697313,-3.253665936956713,8,565.3,7.2554278861897865
GR3374,grid,4,0.006762248845145638,1,480,0.03712393161316663,1,0.5,2.50032026709416,4.917474664913791,-5.374316404371857,2.1561068777188206,1.274190054029137,-2.783232166068301,7,394.6,7.255285449459951
GR3976,grid,6,0.004267849870562536,1,120,0.010174272894491528,2,0.5,0.9950244990926255,1.8284055937849586,-5.455486631973891,1.6344207808517524,0.6076988664233303,-3.792030987940598,8,388.2,7.255090751148507
GR2473,grid,3,0.01103713806119806,1,10,0.03299696411939079,1,0.5,1.572012827462348,1.525688619159571,-3.1321420429291904,2.8086294669236187,0.5519421330459063,-2.1124844447010402,7,65.8,7.252893412315943
GR3812,grid,3,0.007644064208785706,2,480,0.053417450901336094,2,0.5,2.3653423006301795,8.416262054056867,-9.743841365218305,1.202205816557259,0.6467733910985607,-7.5000816160457,8,131.2,7.252332281964963
GR0703,grid,5,0.011231517022375705,1,480,0.06574845842586871,1,0.5,2.2538463994888085,3.255824436285315,-3.864454242223437,2.4794740622685127,0.7814141953097242,-3.3782485923775125,7,191.8,7.251735467949601
GR0189,grid,5,0.002975900734368688,1,240,0.05446534898858331,3,0.5,2.3091375801069405,12.328147973436336,-15.203596959143962,1.2984077497793836,2.030135587209645,-9.824314240509866,8,1095.5,7.249976753978985
GR1730,grid,5,0.011437838820533569,1,240,0.02970987628986728,3,0.5,2.159648470694332,4.990464580775626,-9.584876058464307,2.3915078662015024,1.9961777559543172,-3.944617565705667,7,121.7,7.247090247532982
GR2912,grid,3,0.0038748630726141366,1,30,0.05572782000323334,1,0.5,1.8477550106129974,2.7428747344265685,-4.41426019987146,2.6286536992908136,0.9376958357497515,-2.782734020328535,7,466.7,7.2452722935050335
GR3141,grid,5,0.01128101443039876,2,120,0.07991799603926952,3,0.5,2.240962960844418,6.937852233512987,-8.528278296049175,2.212447322178183,1.9879083874174306,-3.0293713498397845,7,81.7,7.245160573236515
GR2898,grid,4,0.00884738788621569,2,30,0.024381792375800754,3,0.5,1.3979535065679762,5.15936038474385,-10.09509704961034,1.6409403697367249,0.801135651363811,-6.338230526276274,8,76.9,7.241606238884447
GR1260,grid,8,0.008245179493251731,2,480,0.07144343268725449,2,0.5,2.5017545253762363,6.298630573640255,-6.501884399635638,2.343916041941258,1.4843317730064245,-4.722486644058172,7,212.3,7.240685919683461
GR2466,grid,8,0.0038081465036406085,1,240,0.03212994483726945,2,0.5,1.9938760672670408,5.945151547821536,-6.6987130259369945,2.5480373195519936,2.321896687104219,-4.888736845682051,7,1012.8,7.237207138205925
GR1472,grid,4,0.009196504229354967,1,480,0.05071350586415187,3,0.5,2.2739914685942155,11.799473205932838,-13.070875656255193,2.6022909058474633,4.008320241419951,-8.97675173143385,7,246.4,7.235288863637189
GR3000,grid,4,0.004549805457603317,2,480,0.049310170162077324,3,0.5,2.479489217573419,13.1663061884062,-13.876762894422717,1.825514340487787,1.6685713960473385,-14.428576851852887,8,302.5,7.233099319064145
GR1109,grid,3,0.004091302143346323,1,480,0.051260132972608376,1,0.5,2.0261065853597717,4.310823358707966,-5.470394687492517,2.622331819368262,1.3720468358323583,-4.493902680587289,7,504.5,7.228010880355002
GR1050,grid,2,0.011413315621983612,2,10,0.06745274374022979,2,0.5,1.753628881945841,5.028653116630107,-9.159453842601252,2.550997107522979,1.875433190952554,-3.269111076231402,7,37.6,7.227925353671413
GR3469,grid,8,0.009288591583919464,1,120,0.05295763704377805,2,0.5,2.567588855276467,3.4918253290178667,-4.341625324348351,2.0255103700128396,0.8151896693178422,-2.0194723991799584,7,203.0,7.225803152683349
GR1191,grid,8,0.003341654927455398,1,480,0.05614660591434334,1,0.5,1.7993592062415078,3.0780381461588435,-4.178975088211227,2.4547850532720967,1.428466458713809,-2.2732333146626478,7,1183.3,7.222344353662242
GR1549,grid,8,0.0016706062851121356,1,30,0.04489458698675399,1,0.5,0.6611352483371475,1.082380514807368,-4.874869138598115,1.6600639008991298,0.37810246035811723,-2.713469390415157,8,2191.7,7.212809363309494
GR2888,grid,3,0.008614604350084652,2,480,0.0737172488095609,1,0.5,2.146939334456259,3.751689538766589,-5.222639109734646,2.400039951573194,0.9006852769710478,-3.0656710769599704,7,116.6,7.212214336084902
GR1512,grid,8,0.009410134001599818,1,30,0.05270958426771048,2,0.5,2.854642914657563,2.6066170493630563,-2.8466352079132413,1.7442754490834567,0.3768008383378346,-1.0265004791534555,7,139.8,7.209870864802644
GR1765,grid,3,0.010693473455614581,2,120,0.03974436456129044,3,0.5,2.1095403400895223,9.156960808145936,-14.220940451851295,2.8505302597738953,2.925341592083291,-9.052784344591965,7,79.3,7.206460985616255
GR3738,grid,8,0.005340453935380068,2,60,0.0626132517235846,1,0.5,2.491939047187002,2.1305321857435007,-2.396707536095964,2.0323178234845627,0.47817528846643115,-1.5918861916643439,7,265.6,7.204865586301608
GR2833,grid,8,0.00839554738748512,2,60,0.06910057211726936,3,0.5,2.297579759288742,4.822000182632442,-5.1754656076187535,2.2944086289431356,1.1718809916990067,-3.5490400139835945,7,122.4,7.202565889307939
GR3461,grid,8,0.00897777584836168,1,480,0.07675731685596626,1,0.5,2.668314906584357,2.5560896603652017,-3.72355397210662,1.9458305296435916,0.729350800415612,-2.2176055504304895,7,297.0,7.2014099413223445
GR2812,grid,6,0.009164467035789988,1,240,0.06511383718322186,1,0.5,2.5650625453006914,2.8195249205457076,-3.545598185954095,1.9182937406394671,0.728852304014079,-1.5498829322089296,7,242.8,7.1980661552665595
GR3748,grid,4,0.0066350709542868916,1,240,0.05857052579791924,1,0.5,2.5690923201868974,4.216307373878435,-4.278132834824992,2.110364909489845,0.8536790773579742,-3.1991321641297144,7,358.7,7.196738301667355
GR3918,grid,5,0.011615868763140118,1,30,0.06613656165477945,3,0.5,2.662289328123713,5.138060222497115,-6.8894932726451765,1.9035158971156207,0.8773660476329062,-2.1461031019185066,7,95.6,7.196692049834666
GR0704,grid,6,0.002902608225870554,2,240,0.0711618906301954,3,0.5,2.830605204660243,14.36276625045981,-14.429275295796742,2.67333412476581,2.002499828922228,-10.269121687364441,7,722.5,7.196234602614599
GR3426,grid,5,0.003634326109426318,1,30,0.016087039937625863,3,0.5,0.8875234343911487,3.4788345196406008,-9.972020761579115,1.8009896759456758,1.8180188539051325,-7.100150925196849,8,560.4,7.196134837293499
GR2056,grid,4,0.011241425411814929,2,10,0.049525434705825135,3,0.5,1.727401432666083,4.523295879219503,-6.8763977459874335,2.5569918123525293,1.4299210810420155,-3.152518138865835,7,41.6,7.194109343509874
GR1430,grid,8,0.0024860329191487827,2,120,0.013509306072015196,1,0.5,1.5831803824521917,1.8466404468717044,-3.5547892388071887,2.7007323885765016,0.43091730049268157,-2.187323212884694,7,735.3,7.193517680861417
GR2766,grid,4,0.010397514706449982,1,60,0.052222024459445876,3,0.5,2.574267209900964,7.220707731182972,-8.370417641970217,2.2043663191143947,1.9595417730746452,-5.460914409115994,7,135.5,7.19335348387078
GR3635,grid,5,0.011350954756839024,1,10,0.028089100809784204,3,0.5,1.5048675541877814,2.451034846628629,-5.571989155486917,2.9191622944030517,1.1319415947922153,-4.3773736578415985,7,62.3,7.192996206850589
GR3440,grid,4,0.008963878488823206,2,30,0.05371237600970585,2,0.5,2.0916736505279396,5.0955385408424085,-7.2820155156361395,2.426799711514902,1.0993607807436638,-3.577167145470539,7,88.2,7.192880799071348
GR2883,grid,4,0.01162989576406839,1,30,0.06119606749629939,2,0.5,2.6058057939935435,4.223265438768199,-5.739837983118723,1.9066403734921906,0.7324748467613136,-1.7883944538356444,7,94.8,7.191024226780316
GR3961,grid,5,0.008144004131985502,1,480,0.03053828732031673,3,0.5,2.663864698876812,9.475451975495599,-10.327015123454949,2.3032006905665265,2.3957518933186224,-7.277694178390084,7,272.4,7.190598221180066
GR2615,grid,8,0.0031720095256656776,1,240,0.07352642872078508,3,0.5,2.260482354633053,10.491090335462367,-12.753274846387594,2.488050220679409,3.1882665611555643,-7.7488428979577115,7,1332.2,7.187898056710633
GR3640,grid,5,0.005409647980148295,2,60,0.04761446256969503,2,0.5,2.3973767446376195,5.817631147422855,-6.6250037531137425,2.3060456103028413,1.5964706657996686,-4.979799876401667,7,235.7,7.185863208707438
GR1082,grid,5,0.004189035467323253,1,60,0.013202823413088784,3,0.5,1.2765719502716244,4.501562334783149,-10.532794845204625,1.485212826442573,1.087038761964903,-5.882673750791619,8,453.4,7.18532003289034
GR0416,grid,3,0.009908256327687383,1,120,0.05277529945902415,1,0.5,2.2456528754722633,3.5629679151128713,-4.202459276456139,2.2523572129063547,0.9939251237947193,-3.032807599385524,7,159.6,7.184802162389985
GR2083,grid,5,0.008316110977085697,2,60,0.02935001312408568,1,0.5,1.8707849504554805,1.747277652934148,-3.6154260669748695,2.42578656609136,0.5794471187587096,-1.9660920093026835,7,103.2,7.1812296888202924
GR1223,grid,6,0.0037716712760270184,2,120,0.05735198628034629,2,0.5,2.005122380384413,5.8416827397294195,-8.480406878243667,2.586032600932767,1.9221066632743788,-5.630989356831815,7,458.0,7.181160556187111
GR1810,grid,5,0.006503300529775628,2,240,0.023603083278773394,1,0.5,2.0641386736642984,2.3049883372642346,-3.31442661422685,2.3730253983169995,0.5980332533255932,-2.5798357352494894,7,174.1,7.180155547493018
GR1738,grid,8,0.0043443814543789126,1,480,0.054146097582605426,3,0.5,2.3963559843964806,11.107134014590605,-14.183460281211445,2.239752184246642,3.778052864282894,-7.496623055343098,7,916.3,7.17924212405198
GR0740,grid,5,0.004484920445574813,1,240,0.04563339141396249,1,0.5,2.468868046835937,4.101658054145295,-3.894705085255864,2.146433454085683,0.8676047576196417,-3.349343096493631,7,674.8,7.175003263209292
GR3973,grid,5,0.005837983431067771,2,480,0.04467949676766965,2,0.5,2.2101236602202676,8.189656375533042,-10.241129326383598,2.709272732314871,1.9045426184279735,-7.667484788008733,7,281.6,7.174524149801487
GR2503,grid,4,0.007359759278303232,1,10,0.023391707440028293,3,0.5,1.94021670955621,4.7878804954173315,-9.050167513218348,1.4742209567212572,0.5455269832463128,-8.59131838265903,8,144.9,7.173627499091593
GR3687,grid,6,0.004926104156631692,1,480,0.03853574527616642,3,0.5,2.4054953636733463,12.437783945558897,-13.013705116629506,2.4863171738630525,3.667243834975248,-9.355701888840048,7,702.1,7.172528730807995
GR0375,grid,3,0.003907690504544097,1,480,0.04532965219311621,2,0.5,2.477716991233277,10.447678059588617,-11.436929736476687,2.1397665444644804,2.8857006856483967,-6.082112802606844,7,580.7,7.172139329074461
GR2795,grid,2,0.005405446622472963,1,10,0.029447245343654886,3,0.5,1.3496074783981782,6.075977329266623,-12.777443193441831,1.8303865776307204,2.113698967815701,-10.489386132892378,8,194.7,7.168288952904992
GR3330,grid,8,0.003674864858667091,1,480,0.05471733676435442,3,0.5,1.964186096824332,10.20751437771147,-13.25805063941336,2.567685843804802,4.147093779592005,-8.482392763866192,7,1105.5,7.16753839529485
GR0827,grid,3,0.008908309323275816,1,480,0.07665115051393673,2,0.5,2.4710704963221617,8.855864542348396,-9.238937923214397,2.1602438158863317,2.679028404621879,-6.015950654663829,7,217.8,7.166796099135419
GR1196,grid,4,0.009918405584182595,1,30,0.048857529028744046,3,0.5,2.916144532244989,7.727761481353229,-8.653993733552598,1.7470229732583422,1.0649972039083313,-2.993076463186171,7,130.4,7.166618886161247
GR3946,grid,4,0.006690334846244434,2,30,0.028242731964257972,1,0.5,1.756041968966553,2.2316406566333735,-3.5235508223733087,2.528198169991861,0.5699261807732892,-2.4198736450669824,7,130.1,7.164903442944148
GR3118,grid,6,0.00422294456563382,2,120,0.017695423983542638,1,0.5,1.522198222286517,1.7951534753815703,-4.042184832070543,2.639655054552607,0.48782187920487374,-1.981893950092108,7,314.2,7.164616354565492
GR0772,grid,8,0.005568570456009308,2,60,0.05672115457619432,2,0.5,2.6907886611059313,4.447811283718276,-4.823714812542894,1.945310791789667,1.0871407203772834,-3.449887049037934,7,254.7,7.1626044893250365
GR0437,grid,4,0.002865729490637115,2,480,0.054789087976883664,1,0.5,2.4413183384301367,4.895214221574908,-4.831536545467861,2.171434627915592,1.050730767881165,-3.850363710356815,7,517.7,7.162577722900143
GR1630,grid,8,0.011502066206522674,1,60,0.05577686024163835,2,0.5,2.545696788715858,2.2097091031421914,-2.8646644153615126,1.9215425191297804,0.5501807112359747,-1.8528817742530372,7,112.9,7.161244720666855
GR3800,grid,8,0.010607186276403708,1,120,0.031635699298963926,3,0.5,2.7075630164759277,4.424883471991396,-4.581886663259065,1.809404490020404,1.1013290611032156,-2.5569372716741237,7,154.1,7.16119101403977
GR2791,grid,8,0.006045292491769642,1,240,0.07008523306127444,2,0.5,2.7022374051656297,6.054063775237859,-6.351976050548165,2.006694486632555,1.2376778996893738,-4.201728343876257,7,516.7,7.160594271876914
GR3310,grid,4,0.006982892772003349,1,480,0.03526466500184767,2,0.5,2.482304541658862,9.23202858945872,-12.348628978278912,2.1873398842051825,2.1175344769516156,-5.645682078512491,7,365.3,7.159656143835371
GR2885,grid,8,0.007187904787321991,2,120,0.05509850790853723,3,0.5,2.7195745642404816,7.957799812229538,-8.458176313149943,2.146160664686101,1.3711832656676888,-5.565300226653471,7,200.8,7.157421316035097
GR2676,grid,5,0.011499368718800912,1,30,0.04877231885489249,2,0.5,2.563984586337186,3.2163144249028406,-4.60234307430188,1.8795030385715195,0.6483939447050016,-1.8514649091491264,7,92.9,7.155755364285793
GR3775,grid,2,0.006601631046876606,1,480,0.05123082364679346,2,0.5,2.146877630748775,9.322166966345396,-10.620955761062469,2.682435544178594,2.46830921263721,-8.228236518141511,7,217.3,7.154929830027487
GR0696,grid,8,0.006012956006639649,1,240,0.018438568432089724,1,0.5,2.2680420579639016,1.463178492028319,-1.6739132790503573,2.0423121090134893,0.30418285211398693,-1.150715798613237,7,335.3,7.154744746697566
GR2078,grid,4,0.0026086490026399588,1,30,0.06909191708485639,1,0.5,1.1938278442106582,1.8729551065979013,-4.668413426867628,2.881123847606557,1.0183049213058768,-3.028008847229994,7,883.3,7.154437947556819
GR1859,grid,5,0.008493235540684957,2,60,0.06776637453700111,1,0.5,2.092486674414393,2.33196198242098,-2.7588644530569764,2.2092224872569384,0.564568684762422,-1.8889562427732562,7,115.0,7.1537242418045395
GR3746,grid,8,0.011192228960303354,2,480,0.07939435975344915,3,0.5,2.808511028784614,7.588702196577917,-7.74118945319362,2.1949939570319517,1.2720128707649874,-6.332711626217716,7,122.1,7.152098921387899
GR1750,grid,6,0.00664567236231618,2,60,0.028827329979684027,2,0.5,2.1229784487918026,4.183920773214624,-5.772274655897909,2.319687370830682,0.9229426680168817,-3.3913946503160335,7,162.2,7.151104585933736
GR0941,grid,8,0.007772206299569934,1,240,0.032101794742020275,3,0.5,2.1371176720391905,5.8045778451304155,-6.459859570468179,2.406881574775042,1.5783441734822936,-5.0272829184559304,7,295.3,7.148862569031754
GR2233,grid,5,0.005367371369558437,1,480,0.04239959883039023,2,0.5,2.2796913781281516,8.108265710680191,-8.700732877152495,2.3277824920389545,2.675283470282413,-6.623868002602302,7,560.3,7.14800013232243
GR1990,grid,8,0.004868456371083929,1,480,0.02342981168980143,2,0.5,2.4765101760622894,5.370811618511916,-5.794183537024037,2.118715601666813,1.390421839922943,-4.365953589168603,7,657.6,7.145651605412472
GR1863,grid,4,0.0031592173139766617,2,10,0.012270697918243301,2,0.5,0.8697107705507066,2.0535873359311028,-9.618244336895405,2.107285498766814,0.9559453738340199,-9.008316212710032,8,306.3,7.145168362754399
GR2728,grid,8,0.003758678844238775,1,480,0.06593172171167598,3,0.5,1.7037241051215972,8.140111920231698,-13.735206106309034,2.513557568771985,3.71358100509205,-6.570969822001007,7,974.5,7.1450464285711766
GR2869,grid,8,0.002883863291837802,1,60,0.017774582582176693,2,0.5,0.8046290115236227,2.0116391602755614,-7.369608131894129,1.4563996204291132,0.8600657828031144,-3.7057118524482395,8,1003.6,7.143231084127542
GR2235,grid,6,0.002763821970555212,1,60,0.01751377462780816,2,0.5,0.721534166166181,2.0957051302433705,-10.161988620990906,1.5657353627907082,0.9821072471575881,-4.293223932551537,8,1011.6,7.142016306925188
GR1729,grid,8,0.0060971948836360925,1,480,0.026689518291843607,2,0.5,2.5673447033386427,4.721076637061418,-5.358113088180489,1.9259429669776682,1.1148288078034256,-3.081937813265595,7,453.1,7.141147781969882
GR3466,grid,5,0.00560547739095136,1,480,0.06728527804997188,2,0.5,1.9717036692567738,7.52116456374173,-8.807962030196595,2.3236506104584933,2.746541335466931,-5.266030636289015,7,502.7,7.140915344143369
GR0101,grid,3,0.010753405870916454,2,240,0.06514430884220651,3,0.5,2.031887589054212,10.117551587642241,-14.98164732472489,2.790996180407001,2.5284728700811687,-8.819973018185246,7,80.9,7.1385940064147935
GR3486,grid,8,0.004306560138990394,1,60,0.037259418449695256,2,0.5,2.2231450583182704,3.847216618711516,-5.829703189558385,2.132248607105223,1.234210346093958,-3.134946919372778,7,640.0,7.137095403217982
GR3487,grid,6,0.004521900079826722,2,60,0.0599288263255845,1,0.5,2.652660756539358,3.0341335567397,-3.2891488651713185,1.8218050843487255,0.7348754220941591,-2.3146415324256306,7,336.0,7.135522056740729
GR1038,grid,4,0.006884401966669654,2,480,0.06570665629198535,3,0.5,1.968889129246809,10.610775003851419,-15.488429510429015,2.915627180628996,3.0345141842045495,-10.183580173840946,7,186.0,7.134445294362998
GR3741,grid,4,0.006560411733819995,1,480,0.061109275376163216,1,0.5,2.031390963864369,3.8481788847074,-4.789476266418169,2.274588595118068,1.2922408530510876,-3.3772387280145812,7,361.3,7.133727101525654
GR3338,grid,5,0.004503762578916538,1,30,0.04714334191226159,1,0.5,2.357332237094398,2.8287932433169187,-3.382936077779923,2.0957430388762703,0.500036614564584,-2.628536979118399,7,494.7,7.132574749040704
GR2289,grid,5,0.008508995886728439,1,120,0.02935853471475062,2,0.5,2.3193769191214244,4.2151457392004374,-6.695129195667141,2.20127485300411,1.0604275453356151,-3.980333380129996,7,203.2,7.132400960407327
GR3011,grid,8,0.006405242608222667,1,30,0.04137037952363326,3,0.5,2.2872480564672792,4.226465413901353,-5.167580734031181,2.104301335768278,0.9524710342834677,-2.974339750338004,7,270.1,7.130847315758307
GR2100,grid,8,0.006716891096185641,1,120,0.019374140690040342,1,0.5,2.199191036157481,1.1849864290043788,-1.4516639967028095,2.025519078892593,0.23328704807449863,-1.061882217401144,7,261.7,7.126190927150803
GR1945,grid,4,0.01064503693968289,1,60,0.04101482382662173,2,0.5,2.6194792978242187,4.656141046583933,-4.985222252862295,1.893390809903846,1.3041077559461247,-3.628433121661874,7,128.8,7.124492286979974
GR1349,grid,6,0.004442005771832673,2,480,0.01279976613167713,2,0.5,1.559958213854053,3.0703538840064883,-5.625855824254886,1.0083044436040853,0.34138067855291954,-3.776574998297947,8,238.0,7.122440418164412
GR1178,grid,2,0.009579624674502017,1,120,0.03257662342252953,1,0.5,2.327220741649614,4.369621053358527,-5.993039407187007,2.0466417507084462,0.9024718788337689,-2.82817808713653,7,142.8,7.121662075392195
GR0500,grid,5,0.010344367167069213,1,480,0.026063032863005237,3,0.5,2.3716776876238006,5.748747799766403,-6.6483876423099355,2.076311971753589,1.0496141118218714,-3.57889635618767,7,140.6,7.115079041150746
GR1988,grid,2,0.008366368000870244,1,240,0.016049649282700296,1,0.5,1.650317819868058,3.33747542172119,-7.057017118197819,2.4601831544321984,1.0755239853379572,-2.8937271856732516,7,156.0,7.114596053141549
GR2000,grid,8,0.0033049320464385505,1,240,0.058137239347435796,3,0.5,2.2882360317206305,10.316593098001478,-12.34564427798754,2.638536424584468,2.722638001170315,-9.63981256223551,7,1233.8,7.113234486938695
GR3720,grid,5,0.006987419534423691,1,120,0.019013008435026107,1,0.5,1.4554803818523667,1.428228696255101,-2.2052625347572574,2.571016191318099,0.35297139821199375,-1.8128524762549387,7,220.7,7.1130679639305185
GR3387,grid,8,0.011360860961253,2,480,0.07658240022797408,3,0.5,2.686233233431111,7.210621717213813,-6.990584065871699,2.1534715037540826,1.4109822335666142,-6.31195952633272,7,117.0,7.109093153824037
GR0701,grid,6,0.004586992891582695,2,60,0.013539503759773497,1,0.5,1.719135826654394,1.5936019409149957,-2.751252880894772,2.3313883550923,0.35682456765625464,-1.4291196841255622,7,226.9,7.107664292152821
GR1637,grid,8,0.004276094707453299,1,480,0.050170868447474336,2,0.5,2.0861437667190197,6.35056123827354,-9.45156806758754,2.2259162131747203,2.4280241530484656,-5.267871347149448,7,890.4,7.1056750773592405
GR2038,grid,8,0.011542009380233115,2,480,0.07595377499903795,3,0.5,2.733329023003521,7.271021386024262,-6.763429330051986,2.1197778523840674,1.3572827277158341,-6.289672610651123,7,114.9,7.105101002052087
GR1383,grid,6,0.00974909770208979,2,480,0.03831642313245148,2,0.5,2.20735224930184,4.937560380403184,-5.579229550894324,2.2000752694674923,1.327791887503825,-4.281415341441898,7,125.3,7.101577976564716
GR1977,grid,2,0.010456032635404938,1,30,0.07069879947211107,1,0.5,2.432916922040058,3.795347033401513,-4.606386314212177,1.871427654452583,0.7310043455089162,-2.206952568966026,7,104.5,7.098080714618432
GR2952,grid,5,0.005164311717575021,1,120,0.021522476037426266,1,0.5,2.2685768207692973,2.9143677348380135,-3.1858387423217027,1.9676851959663293,0.6012067106574104,-1.9594987968041095,7,479.3,7.096557993459984
GR0960,grid,6,0.003790842773934631,2,60,0.010493956827471925,3,0.5,1.5650271379139513,3.6446960578789445,-10.89900287230288,1.222506441086487,0.7082859234212393,-6.370392759233619,8,268.3,7.094075348182788
GR0322,grid,5,0.003084335740227672,2,480,0.040314644714272416,3,0.5,2.468595004515701,14.284344364709693,-13.345750457259056,2.4254793335644758,2.9475145739938142,-9.64598471971045,7,595.3,7.089086284195604
GR2098,grid,6,0.0024537694418341875,1,30,0.021498181849218742,3,0.5,0.6518230751889156,2.9411138056998207,-11.598773322201014,1.8031744727428702,1.6101436980793493,-7.482290092771454,8,1102.8,7.0868495255710275
GR2821,grid,6,0.0031273092578023424,1,240,0.07999407727179172,1,0.5,2.2163393442393278,3.8601661392646336,-4.741929942424049,1.974316528838362,0.9698435154279433,-2.433668673861939,7,1150.7,7.084911602051581
GR0942,grid,6,0.002604774491002877,2,240,0.030247025266892533,1,0.5,1.811288133026185,2.97001446403262,-4.516434163805971,2.420808798764726,0.958311163931452,-3.8130405806407546,7,726.7,7.0806328576280535
GR3681,grid,3,0.007950664872998055,2,120,0.07694940339675077,3,0.5,1.5730410164062498,6.5245245936007095,-15.708088447205991,2.5041002705426516,2.6340882469555784,-5.486817100529316,7,102.8,7.080275460390757
GR3302,grid,8,0.0036663325213307034,1,30,0.0386455229626194,2,0.5,2.0507166871257794,3.632940932508743,-5.8692198014652055,2.2840840339035315,1.1686411789019204,-4.298880224737496,7,726.3,7.078611302222227
GR3892,grid,4,0.006568580969304408,1,240,0.031513060596438436,3,0.5,2.2707197650865414,10.488381772218005,-13.27219790483301,2.3353997888440197,3.225998631278481,-8.530376803341824,7,344.7,7.078403116807541
GR1866,grid,4,0.0037236122473074855,1,10,0.02225184191178068,2,0.5,0.8494248736271697,2.2372944978686404,-8.702977473495284,1.7788625823538027,1.020589300544787,-7.6547768501877185,8,434.6,7.077676157179682
GR2577,grid,5,0.005157603705109286,1,480,0.04875425594253527,1,0.5,2.1864678911976134,3.884312053762458,-4.618323419547414,1.9995612945248484,1.227602444972936,-2.959536419160504,7,569.6,7.076378960343671
GR1759,grid,8,0.003716969102580623,2,120,0.0320268626223247,2,0.5,2.783895514587862,7.803578750143489,-7.633625758602193,1.7386473994470752,1.537321074425885,-4.409175817154246,7,607.4,7.075995121052359
GR3265,grid,4,0.00924465021077841,1,10,0.016836718827329882,3,0.5,1.4002560870861802,3.2765300240384514,-7.95967347729751,2.5197824804529065,1.5366942137779351,-3.378957091178763,7,89.7,7.074177053961171
GR1380,grid,8,0.009971952389557026,1,240,0.028554361509791987,3,0.5,2.5112325397102846,4.348843874970929,-4.756233386660915,1.956015064954005,0.9155843945451853,-3.8924557796165207,7,167.7,7.073275945929012
GR1980,grid,6,0.010054349825932375,1,30,0.03754596084516773,2,0.5,2.4817227192155853,2.6777392597041887,-3.8357016903878502,1.7238853621522991,0.515180784002865,-1.4815774364632126,7,113.5,7.072585045265647
GR2367,grid,6,0.010633473349623529,1,60,0.07521794149678626,2,0.5,2.472367936954711,3.001237480993039,-3.71120757166922,1.8306975228852143,0.6509152424313598,-2.423306742469031,7,127.3,7.072199081231127
GR1445,grid,4,0.01194744399614858,1,60,0.0460778274321801,1,0.5,2.6744477739284194,2.1551863435372196,-2.381665183286259,1.673629547101963,0.3968211536942855,-1.932015326583005,7,103.1,7.071292401074972
GR3112,grid,3,0.011094318438027396,2,10,0.07174232988154312,1,0.5,1.645985136645158,1.7565602576737547,-3.2397881139980744,2.216512153377606,0.5691837954388557,-1.0937482222453583,7,40.7,7.071135820313858
GR1607,grid,8,0.0035135667417809744,1,10,0.0351809425133018,1,0.5,1.5635574268876822,1.3780305667269823,-2.2635622385066743,2.343323126220138,0.3835351741965224,-1.3908808548767957,7,582.8,7.070792597508482
GR0237,grid,8,0.0013714967206316518,2,10,0.03212834537163235,3,0.5,0.641924388923124,3.058708113950108,-12.086165014079944,1.9271488383537725,1.673155761676537,-8.7870680844673,8,1408.0,7.06642266980222
GR0670,grid,8,0.001518072427684157,1,30,0.06589291869837217,3,0.5,0.5038589786287035,2.876847138247801,-14.46387226664061,1.720644703739095,1.699367632858679,-6.583063301789753,8,2484.7,7.066413422792514
GR0127,grid,5,0.011133550252459717,1,60,0.058508060257632694,1,0.5,2.5853461930040345,1.8153118196739233,-2.215332359723907,1.6621053795280787,0.3989193693449033,-1.485018406045947,7,119.5,7.066363723873681
GR3848,grid,6,0.006810725116693664,1,480,0.04961930455651191,3,0.5,1.9300368870488511,9.609293569332447,-12.456638302744068,2.2869856770821624,3.9663981473324297,-7.682508590672696,7,429.4,7.0645159571478615
GR2121,grid,8,0.0047428903733884266,1,60,0.02580452980136525,2,0.5,1.687061468787109,2.8730980918655984,-5.072171342403854,2.476251126016068,0.9694285485005094,-3.9365383117561215,7,495.7,7.061793432518037
GR3269,grid,3,0.006322652020224743,2,240,0.06251109505881122,2,0.5,2.2420316980318438,7.329157686265148,-10.144403425456074,2.3422760116692576,1.2462361559256863,-6.080514348696761,7,155.3,7.061501746212969
GR0302,grid,8,0.009690930348195634,1,480,0.06316247340461731,3,0.5,2.403008240747452,7.04996772047992,-8.679516421914231,2.2928511160526486,1.719500793162333,-7.167853505962449,7,252.6,7.060174327543168
GR2604,grid,4,0.004139761484098789,1,240,0.07206166040925542,3,0.5,2.287263521914247,12.744032466106972,-15.581913923380524,2.6295631720246027,2.723074227979656,-10.466781538546801,7,635.9,7.05932152991091
GR0501,grid,5,0.006115662082683431,1,480,0.0250795010551298,3,0.5,1.897482848399957,8.98234902543815,-13.465979809759082,2.3908607452552326,3.5178200045166124,-7.792890050161513,7,423.4,7.05898438723648
GR3551,grid,8,0.00614319994441871,2,240,0.039787213357013,1,0.5,2.5127636717302875,3.039524007104869,-3.094504825872027,1.798222904152686,0.45985531918494055,-2.406601700472511,7,289.4,7.05542173189424
GR3008,grid,8,0.007586870550313159,1,30,0.03189920178320602,2,0.5,2.1080645260505007,2.2964322720874044,-2.6457383356773607,2.016757211896132,0.648314262735399,-2.296348445145395,7,194.2,7.054044337478519
GR0889,grid,8,0.003282659234330798,1,10,0.02879583513125293,3,0.5,1.656734312710448,4.296862336774389,-6.77088371934722,2.442854091818176,1.3221877574560605,-4.146456547908802,7,656.8,7.0532922628532715
GR2001,grid,8,0.00419692984837862,1,480,0.043400877449729605,2,0.5,2.278890859947533,6.9802691196866204,-8.391728995102676,2.0647404373514497,2.3402672983490285,-5.779267355754455,7,968.4,7.053265797315067
GR2051,grid,8,0.00751451936980193,2,480,0.03152480878990868,2,0.5,2.2401751029163313,4.102175570818014,-5.287579314025988,1.9773627145914514,0.824691658255022,-2.9100544776969945,7,184.0,7.053237816439635
GR0041,grid,8,0.0062556520473307274,1,10,0.06342062205244364,1,0.5,2.017177386952805,0.9925947785248281,-1.5676450152470716,1.9450385816514917,0.2971498912515963,-0.851384080242642,7,212.4,7.053109524314583
GR3558,grid,5,0.011373649786293901,1,60,0.07266754460552666,2,0.5,2.518771059329983,3.4795060011789225,-4.5937702536246805,1.8132997092008516,0.8520115642723814,-3.1115656251254586,7,115.5,7.053083174573642
GR2972,grid,6,0.011392613109687626,1,120,0.043732266277306114,3,0.5,2.487155275609949,5.633156269082913,-6.280775663875065,1.8535449260947097,1.236854242641397,-3.7780665811876135,7,136.1,7.052506143965659
GR0656,grid,4,0.011913826699513044,1,60,0.04984469590246549,3,0.5,2.5815762241922346,6.441200570112589,-7.151056214565142,1.963299709842913,1.7532313974398204,-5.794638345276999,7,105.8,7.050537947765548
GR2400,grid,4,0.01043241809956708,1,120,0.02294665849711222,1,0.5,2.0471443449464726,1.7737489934527546,-1.9757392158511904,2.1117633004879472,0.3505476854556727,-2.3782803212647012,7,120.5,7.049783784264091
GR1528,grid,2,0.009177084115880745,2,60,0.035943124104908734,1,0.5,1.8708212363862906,2.6550270739055,-4.674770044651068,2.3141958510679683,0.6505381906286929,-3.4152643631456523,7,66.1,7.04976169735803
GR2022,grid,6,0.0035183773108910413,2,120,0.06046630423056962,1,0.5,1.8976621571907333,2.754468386004033,-4.283782855275586,2.273823353029533,0.5898063148526489,-3.1711313907211656,7,482.8,7.049435777765452
GR3581,grid,3,0.011167900212689591,1,60,0.07564963679700669,1,0.5,2.4471292639766427,2.7476080822451587,-3.690918416399127,1.805654162047908,0.7064199958528298,-2.600643489908907,7,114.9,7.047158142388244
GR1844,grid,8,0.01105950350198476,1,10,0.024203100034398725,3,0.5,1.1577040758064134,1.2155688766535242,-3.0853330805512087,2.6734666004989944,0.7246650994015345,-2.6874839552329286,7,63.4,7.047095363604619
GR1968,grid,8,0.003447774958345795,2,480,0.06338382477250795,1,0.5,2.0173112196944447,3.7235205617415814,-4.352985612158936,2.01282592066757,1.233671944630194,-2.719033393229238,7,690.9,7.046516782185402
GR1458,grid,5,0.00568579431908367,1,120,0.042972415886551284,1,0.5,2.4225953295159117,3.5634757107838113,-3.6653367783336397,1.850948528762022,0.6623953654205506,-2.8196053969800596,7,458.0,7.043520742212524
GR1928,grid,6,0.0031985366323449486,2,240,0.04552996565588684,1,0.5,2.1267112397186785,3.7966192197286,-4.517680956637196,2.081796956488998,0.6790043354064055,-3.112599111561685,7,614.1,7.042386402474465
GR3909,grid,5,0.010594390030542949,2,480,0.07477749535544352,2,0.5,2.7607658527263164,7.809277322537487,-6.377067599204548,2.0286820840611357,1.3643358573985953,-6.833410406695002,7,127.6,7.040278937835594
GR3161,grid,5,0.0031838361041058067,1,240,0.0480784441596208,1,0.5,2.163631638077979,3.7905062652089816,-4.909587434736404,2.0617702520506898,0.802902651258566,-3.356758976100919,7,978.5,7.039712778380835
GR3716,grid,4,0.0050394244271741205,1,480,0.07849211972532102,1,0.5,2.0048153657307966,3.7946088943347123,-4.881023799191643,2.0812278831048348,1.1429014820824852,-3.1748383495580312,7,489.3,7.038938974709532
GR2052,grid,5,0.005548794664720989,2,240,0.04233703528446775,1,0.5,2.268452983388527,3.958846378331976,-5.212528998550551,1.9800166706443147,0.5836699864509592,-3.0061239114032285,7,279.7,7.0378695610383835
GR0397,grid,2,0.009141815403508006,1,240,0.040093112810919776,1,0.5,2.3840792082147315,4.738187004559778,-5.840271087700512,2.0363487383132033,0.7656485388841064,-4.270507370857303,7,157.3,7.036602135564651
GR3589,grid,8,0.005633827107090462,1,240,0.037335287681092906,2,0.5,2.569835742262542,5.994377413850464,-5.7736527327167275,1.8025456133527527,1.3918970170171943,-4.330121126529048,7,590.4,7.033640742457134
GR3281,grid,5,0.003997633245142603,1,30,0.0366624592564604,1,0.5,1.7075862964602713,2.112776580016649,-3.6120122369478667,2.342158382640619,0.8219354611391264,-3.3415725648295846,7,559.2,7.031507644127715
GR2653,grid,5,0.008090670303095598,1,120,0.04273559523696915,1,0.5,2.4914803762150433,2.987347672119118,-3.4010208711540146,1.6620539421974354,0.6628680366338775,-1.9571931739102184,7,255.1,7.030966239349457
GR2450,grid,2,0.01166588617073841,1,30,0.04100865703563598,2,0.5,2.2613769027291246,6.667450705819972,-8.561801828768202,1.8895960146619704,1.7176458603141598,-3.966761756559954,7,84.4,7.02813724084816
GR1479,grid,6,0.008813376428091685,2,480,0.025092128038848718,1,0.5,2.4934163269811327,1.7602706315896175,-2.165347794898662,1.6536372108950363,0.3285219947614569,-1.5167384343265622,7,106.0,7.02743909651843
GR2368,grid,8,0.006507575351334064,1,10,0.0637379413831301,3,0.5,2.017500003975757,2.8153006881577856,-4.7613672586752545,2.022560873944312,0.8939607816812079,-2.6934979633738476,7,196.2,7.025309379199734
GR3447,grid,2,0.010196175282571024,1,240,0.06694183884917457,2,0.5,1.7042047546133194,6.96768853688407,-11.138019061355772,2.617990738599121,1.9382394640270069,-6.987688330749952,7,120.0,7.0251551160307635
GR1325,grid,3,0.004398476842237248,1,60,0.04754230955847731,1,0.5,2.020981199174253,2.8553349710730127,-4.719469946048194,1.95396414895083,0.8761414586007797,-2.220346340317574,7,406.3,7.022448763049158
GR0149,grid,5,0.002060904941238863,2,480,0.025031981265702996,1,0.5,1.8222375157899584,3.7476414846568935,-5.124031623394421,2.338433818470837,0.9820674441000555,-4.290195875288882,7,859.9,7.020120116059536
GR3533,grid,8,0.008891571413762149,1,30,0.039025473822920834,1,0.5,2.586762372908823,1.1035599104287304,-1.3393824116893847,1.5214553101683248,0.18261488095804818,-0.963502709814311,7,143.3,7.017482629336179
GR1764,grid,3,0.003614654097316422,1,30,0.05607774357287638,1,0.5,1.705735312668508,2.478486489247111,-4.440974284549957,2.246345063871179,0.6876526477818333,-2.691880679325641,7,490.6,7.0160752436055915
GR3399,grid,5,0.0056533026316199055,1,120,0.024906241956395896,2,0.5,2.646316213540289,6.560191393809582,-6.037140281140291,1.7885429261670631,1.4983717116626214,-5.058944229322606,7,444.6,7.015072264010919
GR3989,grid,6,0.007217328324152633,1,30,0.031031607990474795,2,0.5,2.0000119806358074,2.7568880717795476,-3.893441780382309,2.074816701143066,0.8566850436930254,-3.194001258012577,7,199.2,7.01056583771981
GR0435,grid,5,0.005258634809318959,1,120,0.04288647511404604,1,0.5,2.1584964320108284,3.191698113685846,-4.017860947117824,1.971981374724678,0.7236682704124523,-3.082297720007082,7,487.3,7.007896146661926
GR3226,grid,3,0.006718301310518479,1,480,0.076669058263246,1,0.5,1.8773884262712852,3.752861055073887,-5.3646517711968595,2.2140187281058927,0.995524636186483,-3.8733838051757443,7,284.2,7.006763898113412
GR0372,grid,5,0.005765972271600757,2,120,0.01792876911839674,2,0.5,1.6456593006389113,3.34551412894536,-6.284810031473607,2.4856432954529413,0.919952057730223,-4.6709213668349,7,172.7,7.005578155753821
GR1451,grid,3,0.00482983133786133,1,60,0.05113990250196668,1,0.5,2.0896337836643855,2.935415877245487,-4.682258972644668,1.8659121884349328,0.8945096252753973,-2.2184813705570376,7,366.0,7.0050025076836455
GR0585,grid,8,0.0030036584532898607,1,240,0.05990765011446108,3,0.5,2.104786121517076,9.754049542069982,-11.062833334325424,2.3719169044769304,3.153806722212299,-9.139306400043388,7,1384.7,7.0027445972441225
GR2395,grid,4,0.00932466524923521,1,30,0.04748064775589726,1,0.5,2.670709735608229,2.453832200808014,-2.8522482908886744,1.4173495220055332,0.29184805054167734,-1.0330039624043275,7,136.5,7.000387811884034
GR1605,grid,5,0.010417550245238372,1,10,0.06239860902021127,1,0.5,1.4936425456449018,0.9267616219247156,-1.9226405998009066,2.2342170288608356,0.28706138946654386,-1.2907112687524023,7,75.5,6.999012661713027
GR2538,grid,3,0.00540605606409306,2,10,0.021829077835706874,2,0.5,1.833782962547576,4.182331755372682,-7.5617087718456055,2.3703964188770135,1.5722045951947168,-5.794951063473254,7,138.4,6.994892581066112
GR2199,grid,3,0.007588076547396741,2,240,0.06072732590114136,1,0.5,1.8766909199452755,3.1833263772717855,-4.909372863443404,2.13831453269516,0.606320896143896,-2.9898412090748026,7,121.0,6.994364014843429
GR2823,grid,3,0.005503989473709433,1,120,0.07337559326688811,2,0.5,1.9036929496159352,5.877016967122939,-10.104433471171651,2.2158095913032967,1.5396812374562379,-5.01114204658923,7,325.5,6.99072817717241
GR2968,grid,6,0.010307840029728076,1,10,0.05867068833555639,3,0.5,1.4252364655414955,2.1996044294918375,-4.825796313858282,2.363364573312002,0.7565917948279657,-2.7105955600735614,7,75.3,6.988976607634673
GR1962,grid,4,0.0035216325094934867,2,30,0.05377382641669535,1,0.5,2.00376085458361,2.7760056356349305,-4.918187135841308,2.040137580687397,0.5936856702704372,-2.9820897192368285,7,340.9,6.987759638151838
GR0479,grid,6,0.002896717084951269,1,10,0.035662351584695426,2,0.5,1.2090820591376432,2.9804721976458097,-7.836144902414343,2.72410448811926,1.446898168226522,-5.299940787667274,7,774.3,6.986327043593046
GR2554,grid,2,0.011026683355371927,2,10,0.059290134076308676,3,0.5,1.681192353954944,7.114077398547387,-14.60092975545327,2.17449235664292,2.4476093711649245,-4.925727526683695,7,39.1,6.983144364767971
GR2678,grid,5,0.004788984347779077,1,480,0.04372013783064976,3,0.5,2.2095154567891724,11.793204964715452,-13.64953230287543,2.0472882433979924,3.43642268017449,-7.941445723708475,7,625.7,6.982561417557299
GR0814,grid,6,0.003777228312359857,2,480,0.04988002187114122,3,0.5,2.4743079256894416,13.46023158020579,-15.136361120978808,2.017402444662642,3.3336465227764203,-8.923424976693223,7,540.7,6.981409701025542
GR0795,grid,8,0.010206118569855862,1,480,0.03692448284736685,3,0.5,2.432038048834639,5.903136927376556,-7.11389687609575,1.8013813812273782,1.210067129253368,-4.2687973709835205,7,208.2,6.98091056428397
GR3529,grid,5,0.010680155079687533,1,60,0.06942481177277367,3,0.5,2.3996281191230078,5.266673421204852,-6.676979082105482,1.8396386342347129,1.1774360280664298,-4.358827871708363,7,125.3,6.980391031085336
GR0272,grid,2,0.011043788642733126,1,30,0.05183010916180706,2,0.5,2.529631559637781,7.4200277326339,-9.149708627712789,1.9362557024025566,1.5614357788915423,-6.272418589068329,7,94.3,6.978774280939708
GR0771,grid,2,0.011350946854386446,1,10,0.01948914625354468,2,0.5,1.04589115529009,2.746520283919095,-8.356766825040431,2.704173979309723,1.4051866156458583,-4.44829211709477,7,55.2,6.976163039502385
GR0495,grid,2,0.010403945482128417,2,60,0.03279421267796314,1,0.5,1.6380682946896077,2.348781869277969,-4.572364248851354,2.0548110187956947,0.7536339314596535,-1.682289765970472,7,53.7,6.9754387754234894
GR3276,grid,4,0.006754570494987539,1,10,0.060685428073006684,2,0.5,1.960668808019009,3.444282784188921,-6.679812047295145,1.9707724741721537,1.1864028188979647,-3.261417550313199,7,180.2,6.974275428276218
GR0955,grid,4,0.0058537466131168645,2,30,0.0131267916732314,2,0.5,1.7937898551430638,3.561079588920653,-4.235479548172589,2.3100761121155187,0.904173640875246,-4.602848880570418,7,129.2,6.973834165430698
GR1078,grid,8,0.0031136612335308706,1,480,0.032872547163275485,1,0.5,2.2466062471448023,3.579387307272769,-4.583523503809847,1.8422998542321014,0.9059415892532543,-3.372113002669648,7,1375.1,6.973165355527969
GR1504,grid,8,0.004742344778942666,2,240,0.041729026898763996,2,0.5,2.5021223408540187,7.643343768247981,-6.80948551275711,1.9793876825340888,1.5636637655480627,-6.5549026006603155,7,464.4,6.9731601046007725
GR0498,grid,5,0.004849496368400163,1,120,0.03788652020250889,1,0.5,1.940604938720621,3.1543017146984127,-3.686477869515729,2.0105473927786703,0.8014831586208601,-2.9649044180175768,7,546.6,6.973152195975203
GR0461,grid,6,0.006088840954315219,1,120,0.021049904456968405,1,0.5,1.824526637182864,1.6241919419310704,-2.012599226989041,1.9956194381989296,0.38522080235648354,-1.7306446642224,7,315.4,6.972365722679553
GR3530,grid,4,0.006099816989472798,1,10,0.06624165169837447,2,0.5,1.9105268514790983,3.673017100120353,-6.286034172325654,2.01841088982657,1.1981644647519842,-3.434463906714518,7,212.0,6.971228278642974
GR0613,grid,5,0.0042924886967414125,1,240,0.04771511416861638,3,0.5,2.495044836570415,12.06222529173253,-12.303508083013458,1.95809359444863,2.824698864744602,-8.073521023755038,7,713.7,6.971220216227274
GR0475,grid,8,0.003612137363022799,1,30,0.027053534926545865,2,0.5,1.6482512771931752,3.034335141798629,-5.858618357141222,2.3128398290901018,0.9356685447104848,-4.003895231910264,7,691.6,6.969873075910721
GR3173,grid,8,0.00340299293508745,2,240,0.059424033374069235,3,0.5,2.5712229235753012,12.578066850321981,-12.53277810118403,2.1695395777871154,2.133512096160506,-9.19162318248058,7,708.2,6.966843263820799
GR1814,grid,8,0.011995962409182057,1,10,0.07560455274698805,3,0.5,1.9475380564253317,2.066546581087761,-2.294371328403213,2.00014841763523,0.3967560631566794,-2.517769231679322,7,61.3,6.965002536015229
GR3454,grid,2,0.007901582338534791,2,60,0.04140016060756056,1,0.5,1.6439267471921526,2.23146821785923,-5.033192647830547,2.1580908148321165,0.6279617898680372,-2.5041062018095546,7,75.4,6.964309461912968
GR2439,grid,4,0.010718574904203053,2,120,0.05386916990775192,1,0.5,2.0179828625165923,2.7451905437611783,-3.5375646807256453,1.8615871031173874,0.7000433716483677,-2.246844619236508,7,85.7,6.964301847735482
GR1609,grid,6,0.0021895295758815824,1,240,0.025288230937397346,2,0.5,1.6928356019286326,6.079167217102688,-9.765328875351234,2.518959663855822,1.8890118694588072,-7.168650246487542,7,1703.9,6.962384464081162
GR0299,grid,5,0.006392010648905762,1,10,0.06972773066196862,2,0.5,1.9438699615370614,2.899028652344419,-5.182466742130564,1.9401158922989812,0.9302897811304977,-2.840158454093453,7,198.8,6.9602268152404925
GR2094,grid,8,0.0018650521046720857,2,240,0.07657227112467625,1,0.5,2.202702864906226,3.9950591477368578,-4.9811634967009555,1.9001643397882773,0.4697855369345999,-3.2401276563208197,7,1406.1,6.959059995952112
GR0906,grid,2,0.010754427119723457,1,60,0.04784400550842034,1,0.5,2.3090957915709636,3.317281991818804,-4.416738486982612,1.849705830219604,0.7228797064223091,-3.7393620309312423,7,101.4,6.958565015728022
GR0401,grid,2,0.010026644172332474,1,10,0.052234639911461586,3,0.5,1.5602642011054428,6.588891301996983,-15.172279081573853,2.6514890982805674,2.2353803711906677,-8.034542503475732,7,75.0,6.958007234044598
GR0715,grid,6,0.003462462115153092,1,480,0.025292743045579144,1,0.5,1.5393719204096683,2.8909851224612972,-4.779075708606925,2.193393560577656,1.2253618543960858,-3.173785313652152,7,979.3,6.956440507915404
GR1511,grid,5,0.00950952890892532,2,480,0.0775943320797126,3,0.5,2.5190451347496623,11.48212472140936,-11.61570419911175,2.3385587126602148,2.5821017275861706,-10.977050477773101,7,146.3,6.956010070662503
GR2675,grid,4,0.00719870661666887,2,480,0.07247173896752238,3,0.5,2.136473582747233,11.817939201641543,-15.908761981780936,2.281902657580897,2.555976179989538,-8.60659046053188,7,183.2,6.955880937502824
GR1657,grid,6,0.004123253808475174,1,240,0.04317166972138849,1,0.5,2.526284237661468,4.03101443510866,-4.143254157684478,1.5320648448932146,0.8583360331365295,-2.680454800247371,7,854.8,6.955154046136467
GR3460,grid,4,0.011974354521361913,2,240,0.04960167046675159,3,0.5,2.1183241404117323,8.36252049220634,-14.310523550423204,2.237827118721457,1.6144498103970768,-6.972896605783481,7,78.3,6.953301634032933
GR2027,grid,4,0.005566612541290293,2,120,0.04789942339813656,1,0.5,2.0544708133563527,2.941154880914853,-4.2329746235986025,2.004003023382376,0.4349873366947376,-3.340531300127641,7,207.9,6.952509713456895
GR3084,grid,6,0.006688879363632559,1,10,0.060560369655028645,3,0.5,1.9336293724353628,3.582933553748828,-6.430481968889799,1.9266165274574356,1.1172310273145214,-3.1048115579327167,7,185.1,6.950156037795654
GR2818,grid,6,0.010571233676195049,2,30,0.0467578542877291,2,0.5,2.2198533756798517,3.0863427772343415,-4.964031350548648,1.7746069110483222,0.48324081917113837,-2.5558999134228726,7,64.5,6.94983439340402
GR0971,grid,5,0.004199696821286748,1,240,0.03245439466551394,3,0.5,2.043017390956121,11.018628377795272,-15.539959349980508,2.170922805746579,3.1018074556486193,-8.142472145460578,7,722.4,6.949416747597052
GR0398,grid,6,0.006555875840245058,1,10,0.07322901636785062,3,0.5,1.9053310319200825,3.5396692645639964,-6.504772878228851,2.0082870649595996,1.1738489003287924,-3.668331367938153,7,189.6,6.949136518757859
GR2128,grid,6,0.009134847618746802,1,10,0.07639827769205833,2,0.5,1.5070492250029857,1.7406240838102292,-3.1302596046351208,2.1154898905552586,0.7321909243829321,-1.9145322315433442,7,98.6,6.947788558308797
GR1619,grid,5,0.005409177325960306,1,60,0.06987373990073996,1,0.5,2.177320568740033,2.359356391652409,-3.8168687795632104,1.7845048388549274,0.7568638444605948,-2.828077051683067,7,396.9,6.947087832562591
GR2200,grid,3,0.005253286959610046,1,120,0.0681360721928853,1,0.5,1.8498523182276898,2.850068158671294,-5.260322103100061,1.9968181439327242,0.6787297759710726,-2.680156134223507,7,336.2,6.947012874262309
GR2202,grid,8,0.007347454059185526,2,30,0.02667695726976938,3,0.5,1.4581521744349328,3.0045348610142644,-5.030913374171651,2.2322660938788847,0.8363363219930671,-2.711300296770023,7,107.7,6.946194282529222
GR3605,grid,3,0.006637049318017795,1,10,0.06342682114001469,1,0.5,1.9221671471584902,2.0921925207904026,-4.16372943786122,1.8876511718966267,0.7177708522157609,-2.3026176819232385,7,176.3,6.945357778762896
GR2661,grid,8,0.0030208857659371584,1,120,0.02912742097618372,2,0.5,1.8791099358479246,4.837341470860967,-8.08160398118249,2.105315207641901,1.3883228249679143,-4.62776106489091,7,1249.7,6.944524986297212
GR2340,grid,8,0.010810869685227008,1,120,0.03860045074860957,3,0.5,2.2135582064727517,3.970467602828027,-6.167384040606576,1.757064050782559,0.8914002978803748,-3.0357677804669763,7,149.2,6.943912241796389
GR1301,grid,8,0.007080756744927152,1,240,0.02390185471659263,3,0.5,1.7099461086404788,3.6037540430991952,-6.4975000675456975,2.317019646250549,1.00193105051587,-4.873047787242867,7,263.8,6.943414290211589
GR3188,grid,5,0.005008006490640671,1,120,0.03891741764287055,1,0.5,2.045798201216736,3.2273066638600545,-3.601622088439217,1.9108535050767155,0.6784536683682145,-3.07689163977333,7,520.3,6.943286332732601
GR1401,grid,4,0.006712039196166757,2,30,0.028354633611333446,3,0.5,1.7429969107141496,6.66396553929594,-10.569486881357353,2.493303112145091,1.659202097933279,-7.2563835510200985,7,129.1,6.942238628452992
GR1232,grid,3,0.00733164971110563,1,480,0.06441289589630952,3,0.5,1.8275591940329838,10.95047430949078,-16.184578745241414,2.2410048609288014,4.395523643246135,-9.449694142318785,7,257.8,6.941380188548419
GR1409,grid,8,0.0018374607075014094,2,10,0.03504010637585828,1,0.5,1.216659050514379,1.746119146572204,-4.15693604892298,2.3968252732070936,0.6079018746143793,-2.528335512764006,7,995.7,6.9405011073008165
GR1969,grid,3,0.005619104028661166,1,480,0.039850880586755545,1,0.5,2.4447149041576846,5.000313026594085,-4.718238226571902,1.7035396517212074,1.0174469288389847,-4.026260037294451,7,381.8,6.939827466591301
GR1684,grid,3,0.008310993067098874,2,240,0.06728265296670129,1,0.5,1.8991852152585156,3.3269318402063726,-4.872502472730775,1.9966476088866387,0.519676101262472,-2.8347574101656208,7,110.3,6.939735632067603
GR0477,grid,2,0.007920296634218537,1,120,0.0671788404627933,1,0.5,1.7018856139423477,2.620759630426844,-4.783266325336263,2.09600166028531,0.763405988144379,-2.9292936836322587,7,143.0,6.939081289344709
GR1796,grid,4,0.0055980839427665595,1,120,0.02326761221026863,1,0.5,2.289262402154834,3.4740662810431475,-4.011358942001898,1.6497408839288294,0.8090872800327379,-2.5892775669970614,7,420.2,6.938532446797219
GR1468,grid,5,0.005997105442714484,1,480,0.07928533084908941,2,0.5,2.017459644982808,7.390342765566319,-8.83345902984358,2.1258438912519706,2.1870023486958052,-6.642629225588006,7,461.4,6.938270078918613
GR3191,grid,8,0.003367474271789444,1,480,0.06905635289022584,3,0.5,1.7828352107564036,8.873352943701313,-12.0846111572072,2.1608288992422855,3.636224298597311,-7.669167992589028,7,1142.4,6.937971432218394
GR3802,grid,8,0.005535368217713276,1,10,0.06799521099204123,1,0.5,1.6308393610379561,0.9690055841133308,-1.487404012410043,1.9485748725006196,0.3149524956404912,-0.8909761514046296,7,263.1,6.937848131503628
GR3358,grid,5,0.01052403145830494,1,10,0.07466118596184464,1,0.5,1.4795027529584528,0.9175748710879142,-1.9151889403735367,2.0792095498800665,0.26015148718975617,-1.0635987818588,7,73.5,6.936491315397219
GR0987,grid,6,0.0051569202342399,2,10,0.0554484239756654,3,0.5,1.7842712767692244,4.7460688675120135,-7.730284851974812,2.229481055895798,1.2626004396723132,-5.063568843480534,7,176.6,6.93574176274883
GR0353,grid,5,0.004508786865393288,1,240,0.026555348600789154,1,0.5,2.0726311635710495,3.484047730964297,-4.273851756044914,1.860946971170808,0.9785511456020559,-3.3758204619184475,7,658.9,6.934950350031237
GR2688,grid,8,0.003808331605470032,2,60,0.03472120025224682,1,0.5,2.1496929044174378,2.404747598724116,-3.4909048627322954,1.7618775694256381,0.6222278909471425,-2.5550459397641134,7,461.7,6.934228252456694
GR1459,grid,6,0.003411013078412202,1,10,0.03372119108817721,1,0.5,1.4334783128032242,1.6743338198782969,-3.0212429804559178,2.1820194176966927,0.5062104877369694,-1.9779337572503755,7,602.7,6.933773045388414
GR2126,grid,6,0.005152720016742721,2,10,0.07879565512901973,3,0.5,1.7798817040366774,4.736155620428322,-7.733754395767701,2.227142359106184,1.2612087849790132,-5.064956168300523,7,176.6,6.933177905509076
GR2077,grid,2,0.007305757954970176,1,480,0.046156966738720405,1,0.5,1.7499070206783784,4.065622969740444,-5.950176984397294,2.064795686039637,0.982255908841369,-3.330830129108872,7,196.2,6.932860829882128
GR0465,grid,8,0.004261018039978977,2,60,0.022176891366183334,1,0.5,1.4341554128376948,1.2963650659221584,-2.7365277309622615,2.1812019837791157,0.48067462598121163,-1.9656003006011815,7,320.2,6.932305468594337
GR3231,grid,8,0.005790654078049351,1,60,0.05265890931880702,1,0.5,2.6225850677828846,1.8142842899919613,-2.156994578430986,1.3420174094266204,0.46859897084377183,-1.5983941734663494,7,392.5,6.932267621836366
GR2720,grid,3,0.011719287389589448,2,10,0.010600808384358857,1,0.5,1.4117228183732353,0.997205068300207,-2.351442002600161,2.0881506828015257,0.5212779097678122,-1.2508012342819892,7,29.2,6.929838811497163
GR2045,grid,3,0.009150509358686111,1,240,0.046307475472370935,3,0.5,2.5588975900395408,12.822218398171156,-16.757022612155406,2.0528512462648654,2.876308429321289,-9.876627367467973,7,206.1,6.928959370128677
GR0312,grid,5,0.003913669245009958,2,120,0.021949076839022155,1,0.5,2.2849369240670687,3.2523013217695516,-3.918685890116285,1.7026712120425287,0.5421848740680598,-2.769501993474478,7,392.4,6.9288877929562345
GR3352,grid,8,0.002756580024041231,1,120,0.04824260013433704,2,0.5,1.4615393950569708,4.747923125664862,-6.360399835470289,2.6086039854350966,1.4250240233252154,-6.672843586017753,7,1376.4,6.925964918667838
GR1559,grid,4,0.005718459424665651,2,120,0.04577659063974841,2,0.5,2.1837158312701552,6.371894754993091,-7.9701999439561035,2.2138534285136324,0.8588296796915401,-6.596425437381895,7,207.7,6.924269640344591
GR0233,grid,6,0.004397396076601625,2,60,0.06517124932119923,2,0.5,2.6684503934640422,5.9528169865347405,-6.608494573375756,1.7507190646507784,1.41945786827761,-6.296496024432763,7,347.7,6.924125565128307
GR0858,grid,5,0.0029478871943577362,1,480,0.01927124080870407,1,0.5,1.8840370060879965,3.1726386741458263,-4.371973833014526,1.928331630696181,0.9740994154069303,-3.1247630604586085,7,1025.6,6.923402505244719
GR0724,grid,6,0.007757024990168314,1,240,0.037886856651675974,1,0.5,2.4908241964293025,3.111735803167463,-2.8034388679364386,1.5434644309679508,0.6324927650461906,-2.8296740737444996,7,330.8,6.922625229643395
GR1029,grid,2,0.00964860609517978,1,480,0.04518122528447295,1,0.5,1.9689763520566488,4.416104744874145,-5.398277109762948,2.1309765205778675,0.868501407004722,-4.9475863383006615,7,144.1,6.922257272139373
GR0044,grid,6,0.006649370085311612,2,10,0.07729736263393026,2,0.5,1.636887436302682,3.0172799258139547,-4.724603492697861,2.2191127517153344,0.6789896672551604,-3.7132194506299494,7,115.6,6.921192975505321
GR1278,grid,6,0.010185536401617524,1,480,0.034543005265715056,2,0.5,2.289322985275697,4.700192308418831,-5.261164684556788,1.6761171107428274,1.017417140193262,-3.366246677538129,7,191.2,6.9204681659801555
GR0816,grid,6,0.005619980812367767,2,240,0.024413136769846907,2,0.5,2.213306690039315,4.817893917282954,-6.9728583508142945,1.9969017849367088,0.7699544797231991,-5.175613939729592,7,237.2,6.913657332227395
GR3347,grid,3,0.01164040216053225,1,60,0.03765469366977927,2,0.5,2.296553962358077,5.123874877828657,-7.591600417290374,1.8157352599196703,1.1608775664981548,-4.763453534546624,7,101.6,6.91311004891833
GR3149,grid,6,0.006820412050549054,2,120,0.04067778577143621,2,0.5,2.4390976527482806,6.1346761034535575,-7.432612878950586,1.6279212033431385,1.1000556510123987,-3.996729058178007,7,205.9,6.912494545919208
GR3350,grid,5,0.006566025940721001,1,480,0.03390929099205507,2,0.5,2.3845499640190133,8.366487182299945,-8.436243411425966,1.8564874405849647,1.7094097148767744,-6.301403321271501,7,440.6,6.909452915382791
GR3218,grid,8,0.004872577451115177,2,240,0.032258050527561095,2,0.5,2.2394801387623415,5.7923070509416,-6.8619055852069515,1.8664680216986156,1.5389042009593374,-5.459635747439442,7,388.7,6.90728884262346
GR0325,grid,6,0.0032324309504360407,1,240,0.0107537822831798,3,0.5,0.6013297428420511,2.102141021002897,-10.236493331548028,1.4081600354900692,1.4287897374246423,-7.033369607485311,8,647.4,6.906371941368
GR2973,grid,6,0.00273850890436871,1,240,0.07245505029072984,2,0.5,2.060595005300281,7.138876781710408,-9.293433310414166,2.32923951481727,1.56145309855069,-8.100534268149403,7,1301.5,6.905220475052947
GR3153,grid,3,0.007054913767155606,2,240,0.025527419700863183,2,0.5,2.124373103703858,6.381730871876163,-11.117571160660482,2.128902941449881,0.9572292631013715,-6.1121738315737275,7,135.8,6.905166165917291
GR0077,grid,2,0.005628838612156129,1,30,0.07524173601522771,1,0.5,1.5379780138277759,2.3737083323625705,-5.8146880800277545,2.050648592308511,1.0812256136459366,-2.787311716651202,7,214.7,6.903444616779765
GR2513,grid,8,0.010817116881496922,2,30,0.01707161448987707,2,0.5,0.7444684209400206,0.5747772592235759,-2.7079057172838112,0.9239761572844734,0.05591244668870422,-2.343125514964759,8,37.3,6.90301526189723
GR3820,grid,4,0.004120124846938382,2,60,0.06826902133754179,1,0.5,1.8559520002009298,2.5055442983523353,-4.302390034968485,1.91259835772772,0.5881719230773325,-2.7060505619382274,7,278.2,6.902145581167646
GR1386,grid,4,0.008589900873347248,2,30,0.034426620026728166,2,0.5,1.5081360456031419,4.10450685569455,-6.935509735618325,2.1949754623334004,1.3790591149793054,-4.155418961043724,7,89.2,6.901179363266694
GR3941,grid,6,0.008532529230310526,1,120,0.023071034864724158,3,0.5,1.8091966583051764,3.693989295274809,-6.231982282615973,2.053043709976916,0.9902668760230299,-4.1518751714987046,7,173.3,6.896737506773086
GR0887,grid,5,0.007519193861977861,2,120,0.02918313049880017,3,0.5,2.6346028914909834,8.532115819657827,-10.568610579024444,1.9065334110627425,1.4991797650516276,-7.866315685045684,7,154.4,6.896276342526919
GR1811,grid,6,0.011103015627908473,2,60,0.07179029650021099,1,0.5,1.9563138543552445,1.4182122369912504,-2.1472174490902036,1.676621138376138,0.39332176542645353,-1.3033571666704484,7,68.0,6.894637979809726
GR3463,grid,6,0.006576395195240001,2,30,0.025174192636593318,3,0.5,1.758578147622611,4.685503600753257,-6.621448115517414,2.2951435620149447,1.146848058985168,-5.95899410399712,7,136.4,6.894596245672496
GR0058,grid,2,0.005278673996188726,1,30,0.0702372928067729,2,0.5,1.6359036279379449,4.923998118776205,-11.15974574650383,2.136210400639046,2.2531861413233,-5.632724053702423,7,235.7,6.894357216752673
GR0573,grid,4,0.009518451400579903,2,10,0.05672258402017923,1,0.5,1.5107899152842346,1.3354986153524495,-3.964283863687015,2.1123092013251967,0.37078361006960947,-2.321003547252749,7,53.4,6.894178591152013
GR1786,grid,8,0.0024066792912595925,1,240,0.06636008223994312,2,0.5,1.768580915245174,5.994340277986065,-9.071004178591139,2.339402990551647,2.068859181332575,-7.587849752807396,7,1788.4,6.893543369659955
GR0042,grid,8,0.002486668779482152,1,240,0.055686885798570854,1,0.5,2.066015304437154,3.4489230556622212,-4.365602210614853,1.718306449429096,0.9236974680502372,-2.905726606066146,7,1788.0,6.89259469465429
GR2362,grid,4,0.009874160811747508,1,30,0.022986105384776696,3,0.5,1.3567546317140917,3.2391120700918563,-9.701143666950593,1.0431162448580382,0.6657285479137445,-7.288745983536028,8,98.2,6.892362224521283
GR3343,grid,3,0.010014881476556627,1,120,0.02289784221496522,1,0.5,1.878132719847784,2.30369816098073,-3.6372067450041867,1.978735024017126,0.3950333428381837,-3.2201638687651033,7,127.1,6.8922634120631905
GR2540,grid,2,0.007574551163452561,1,480,0.06315551339817677,1,0.5,1.4814571385545232,3.29100516707753,-5.442666963609536,2.2110420990161117,0.9441101782994374,-3.753111412010985,7,171.0,6.889748215666904
GR2312,grid,3,0.006349553800810452,1,240,0.06044236704083316,3,0.5,2.097429530768916,11.793703279355004,-15.864374428100609,2.339284651637619,2.7529823268649833,-10.210708249986784,7,303.7,6.889503043617595
GR0598,grid,6,0.00669492856399236,2,10,0.06952311291327606,2,0.5,1.5865905188727112,2.933436416148433,-4.721716573945323,2.1819355961526545,0.6603360107526532,-3.70437574532054,7,113.2,6.888412510071489
GR2236,grid,6,0.011909413841619212,2,30,0.015967095399485376,2,0.5,1.3621109958022959,1.1894634369612376,-3.0365550481091486,2.063906460891961,0.4355019169547413,-1.4200077681727816,7,32.1,6.887030893408085
GR0160,grid,6,0.0023203143981256613,1,30,0.0312352947129625,1,0.5,0.8681117511289042,1.3646517766783348,-4.722469956040932,2.5450849024504993,0.7074750736982132,-2.9281027065546734,7,1231.6,6.886633574943973
GR3325,grid,8,0.0031288330073362437,1,240,0.05200125805616042,1,0.5,2.128225785968444,3.2520736551353595,-4.052766473732826,1.7315019563388963,0.6907570230500751,-3.1221765210895867,7,1294.6,6.885573586721668
GR1918,grid,4,0.004711566503174457,1,480,0.013567515426270953,1,0.5,2.1387539901713377,2.765515416471639,-3.546124652296967,1.692260619477878,0.5552579815039426,-2.7362387742317877,7,424.5,6.883389787882855
GR3458,grid,8,0.006110990220207173,1,120,0.024101299597473286,3,0.5,2.1988319345453258,4.671518719013399,-5.993715537734806,1.6735058101130504,1.2574291489168172,-3.833480155851412,7,363.4,6.8833127174767315
GR0796,grid,4,0.007500469800057882,1,120,0.052231387764606056,3,0.5,2.2331909601001496,9.083175720334705,-12.223615620993824,1.8456584835018517,2.4786738455569046,-6.93334146281164,7,252.3,6.882797025481732
GR3189,grid,5,0.004145189263472439,1,30,0.038531983676871044,2,0.5,1.801676800206597,4.598932631746154,-6.8111507311692545,2.286997239185639,1.4186373859900616,-6.691077384817199,7,554.1,6.88167814548569
GR1805,grid,4,0.006943173559339239,1,10,0.05896939974868724,2,0.5,1.8455446043738544,3.217079604544106,-6.700180814858105,1.8419289626119664,1.1714253243222703,-3.251196910007111,7,169.0,6.881173625832897
GR2982,grid,4,0.005440787636693546,1,120,0.041660458992345877,3,0.5,2.1607204592697817,10.311597484329189,-12.764256901469542,2.1296358034875,2.1265801008435665,-8.272614003794825,7,412.4,6.880321817190105
GR0258,grid,4,0.011245949909161144,2,480,0.07320499557922121,3,0.5,2.398965599749134,11.10634020751986,-14.106339724267672,2.280211519995531,2.6223271803842763,-11.254294535072876,7,103.4,6.8803133662491
GR3430,grid,2,0.010336766047603953,1,10,0.03898763467307719,3,0.5,1.5235185405458427,6.004150972647008,-14.462206100613766,2.498366501778274,2.111577910260097,-7.833168374059605,7,68.3,6.880256618341209
GR0433,grid,3,0.0026366544857982653,2,480,0.049530184851386876,1,0.5,1.9920918924112363,4.218172519731558,-5.13946237615648,1.9262559578436362,0.7897190077072592,-4.128844117311765,7,407.8,6.879889622330882
GR0837,grid,2,0.002707235764975145,1,480,0.03677552793652729,3,0.5,1.7767393834270933,13.329046446565181,-18.993441630791466,1.2213843644491047,2.138141774901605,-12.915371495583367,8,521.7,6.878773831287352
GR3767,grid,5,0.00788188915529089,1,480,0.07204452954070233,2,0.5,1.967129156483426,6.7873169629238035,-8.348001720185092,1.997865946345081,2.244502352143635,-6.548810803165433,7,317.6,6.875809962781879
GR3874,grid,4,0.0031546991511281213,2,240,0.02919204496291105,3,0.5,1.8590895392763016,9.426186401725062,-13.464965985928101,1.194143667370268,1.2183789343925655,-11.954774331048212,8,417.6,6.875275366988024
GR0551,grid,3,0.009415773396410278,1,30,0.039126594453951793,2,0.5,2.4751678329979336,5.456973708801124,-7.950670690376683,1.501085178894844,0.9432568214769308,-3.6425404265884205,7,123.8,6.87494680052491
GR1801,grid,5,0.002802980333922857,1,120,0.06726762075443565,1,0.5,1.4587913807135195,2.6156481440216286,-5.275032704292917,2.1039222212978594,0.6349108171457428,-2.6799535151800593,7,1044.5,6.874398068258949
GR2247,grid,3,0.010623710750512444,1,10,0.07420095277713357,1,0.5,1.382458957735734,1.4186904994263658,-3.1803559063346802,2.074134603940114,0.4282574060930856,-1.8115380475219898,7,70.5,6.873666568729899
GR1492,grid,4,0.0043436431830575365,1,10,0.031592472134062265,1,0.5,1.4082806557375485,1.8493844789047689,-3.624062917828269,2.175217480320314,0.5900294222179109,-2.9175237825788645,7,361.4,6.873482989688108
GR2880,grid,4,0.004822003765840167,1,120,0.056366685363026886,3,0.5,2.108731594263886,9.664868742456678,-13.744248091473162,2.3077522745177537,2.6783244890666795,-10.19824362215897,7,480.6,6.873479343607952
GR1185,grid,5,0.0028599721839246413,1,120,0.06887456795429364,1,0.5,1.4209598213297017,2.552673688374618,-5.322132015555125,2.125315808814327,0.6497010420937659,-2.694085004771205,7,1010.8,6.873011043446587
GR3297,grid,2,0.011503697196283294,2,30,0.027045967363088272,2,0.5,0.8019549711971867,2.8721097495677896,-9.910172016643992,1.3194299833562433,1.20962691168956,-7.6475026329075995,8,39.8,6.872249978830175
GR0744,grid,5,0.0047971372253770225,1,480,0.06687145269925367,2,0.5,2.1396984786888202,7.788350320122559,-9.125506164374347,1.8325349346363773,2.2586516487503667,-6.250506581096669,7,614.1,6.872212001227246
GR2283,grid,3,0.002773458634515706,2,480,0.049480528549500066,1,0.5,2.1545877547724803,4.533847190835752,-5.113321131928824,1.8159259838081194,0.7004842045245204,-4.124315013343566,7,399.0,6.872122854706746
GR3433,grid,6,0.01053597288950362,1,10,0.06605782190168769,3,0.5,1.4748136731888841,2.2997882798620393,-4.785883212698809,2.0817627806222894,0.6512587782379924,-2.6574040459488972,7,73.5,6.871893812738802
GR0347,grid,3,0.005208677138209559,1,120,0.03526793234267733,2,0.5,2.2475620820418634,7.477977639360771,-8.950142114917616,1.9586529180886754,1.3593215487230264,-6.583422778468448,7,373.3,6.869402794942199
GR3781,grid,8,0.006836146581260987,1,120,0.02109894067714601,2,0.5,1.8505340147203704,2.103526184309472,-2.5590570876557828,1.8188006954623126,0.4362602332732604,-2.3340042649551287,7,249.8,6.8684810801387055
GR0637,grid,4,0.009669835748586582,2,10,0.010880423449277256,1,0.5,1.137603371272429,0.7788460608455443,-2.8368991430147616,2.1378379986783314,0.35756534482192004,-1.0779600826382012,7,38.9,6.86723573341444
GR3544,grid,8,0.004773648827855957,2,60,0.04566955560326517,3,0.5,2.64165667945572,7.435383328691391,-8.388752022661484,1.6283828939059295,1.7627998439008497,-6.654291742333316,7,332.0,6.867035789066454
GR1634,grid,5,0.009730275369127364,1,120,0.027600691289463186,2,0.5,2.660632885010103,4.3036080703856,-5.129223994624153,1.2643719111114182,0.6897868151260701,-2.6036744038371036,7,160.6,6.866119706483029
GR3871,grid,6,0.0032446976569292015,2,10,0.05569710006440486,1,0.5,1.5461980876398336,1.803784696041388,-3.9522633812507957,1.9952755322925815,0.6069980849445147,-2.4313791415958623,7,384.3,6.8644105141234215
GR2049,grid,4,0.009022084740475594,2,240,0.044968107627752725,2,0.5,1.9206067345264226,6.186175242577429,-10.339277244004078,2.0855629210520843,1.404959245114038,-6.105955567694128,7,123.4,6.860724740378841
GR3785,grid,2,0.008735801696356535,2,60,0.028137379724375806,2,0.5,1.2364828854824057,3.6492926869005387,-12.924110996266428,2.2475568758413678,1.734977236100931,-4.341367399996124,7,66.3,6.860661594661645
GR2802,grid,6,0.004366273639796977,1,30,0.016337192663804817,2,0.5,1.3426206485486016,2.67638147748751,-5.7914666642668085,2.227448853198511,1.0058334778421287,-3.813462931751583,7,434.8,6.856797080826187
GR3754,grid,6,0.0034692158737332094,2,240,0.027172643868035175,2,0.5,1.5611245294760419,5.79890985693846,-11.582226350214496,2.2485139170777253,1.4152197334910164,-5.693003142068228,7,529.5,6.851806011682977
GR3489,grid,4,0.009989298659385193,2,10,0.015756452553637907,1,0.5,1.8505666861388714,1.2494964051089448,-2.3948390765814476,1.7140155149307528,0.338023127573435,-1.6955377701712677,7,45.0,6.851786571556099
GR1931,grid,8,0.002566192471036819,2,480,0.07629017017116453,2,0.5,1.9462490608521221,7.251117201354961,-9.644201093300254,2.0945581644919926,1.8400545071740837,-7.0366750838693415,7,950.5,6.8514297478188
GR0381,grid,8,0.006165351781003761,1,30,0.013424391996799751,1,0.5,1.4330762611316767,0.7359589204024923,-1.275386329168814,1.8807619050372106,0.26985287543995395,-0.8022228501386962,7,209.1,6.849720594633123
GR3379,grid,5,0.005455774851718191,2,10,0.07757090904232915,2,0.5,1.6232569419783052,3.4764602798767683,-6.041892909122616,2.02905631249397,0.9216362096682733,-3.73898061563541,7,156.4,6.849444483051116
GR2526,grid,4,0.006620667315896836,1,30,0.02927302840094074,3,0.5,2.0020446162187273,6.425809721263344,-10.58438056707955,2.0232164985926864,1.4955343033551545,-6.3653649491876605,7,227.2,6.84878165654948
GR0549,grid,4,0.006603481257796285,1,480,0.04736791030710015,3,0.5,2.0957304532674472,12.70567591414897,-14.640153816223528,2.010655190542539,3.608668777136594,-9.574254050366816,7,384.9,6.847752230873295
GR3498,grid,6,0.007278214408569924,2,480,0.07283837805556337,3,0.5,2.1623960196172196,10.68749350513917,-13.044836086826544,2.3575886467794573,3.05149491722669,-11.780941324647937,7,231.2,6.846896810835181
GR2944,grid,8,0.005044579318261608,1,10,0.054407148593211906,1,0.5,1.5563550576695657,1.0027547387160338,-2.2494622903587875,1.7994308305571756,0.389452004500974,-1.0171148270751655,7,315.6,6.846779661787167
GR3151,grid,3,0.0023795046430424758,2,480,0.04003686929179588,2,0.5,2.138340370456197,9.43201900340253,-10.194910598690912,1.928848473001456,2.011010711927855,-7.08178223693445,7,491.1,6.845457846725676
GR0888,grid,4,0.005567816529222139,2,60,0.023953671390686777,2,0.5,1.4976686810626565,4.002470868693062,-9.945245261302297,2.500828641611657,1.1641346281445368,-7.044059103977671,7,186.0,6.845160717056945
GR2489,grid,4,0.009003965244911547,1,240,0.022656246894544083,3,0.5,1.8594964790455226,5.590304417804321,-7.95701375162962,2.102105775436444,1.4652752009791712,-6.281416469021442,7,154.5,6.844133570597104
GR0517,grid,6,0.0038388764126547755,2,120,0.031854506089332046,2,0.5,2.7556910337122376,8.549143297853773,-7.554496176165794,1.4075376341642774,1.3260417997830083,-5.40058247109866,7,504.3,6.842147641204318
GR3285,grid,6,0.005217356479156583,1,120,0.017284790153084845,2,0.5,1.464040825734598,3.00526887451091,-5.063386001380422,2.0947935482046924,0.7237198650722366,-3.319207089338888,7,381.1,6.8406145082579375
GR1702,grid,4,0.010946774804881694,1,240,0.03717671734196755,1,0.5,2.283829496153345,2.942009833821465,-2.978278478747452,1.4646775141316923,0.6992700682902668,-2.6668591563862356,7,160.0,6.840183786285312
GR2646,grid,5,0.011483730484202587,1,10,0.016148630350855748,1,0.5,1.0670425265333978,0.6688932970208352,-1.3524495330161153,2.1195731081136566,0.31478798347686643,-0.9868596927569343,7,58.0,6.839892113723899
GR2759,grid,5,0.009746462290196543,1,120,0.023795436998668137,2,0.5,1.601961307293695,2.545297754586585,-5.15487991210286,1.9514208196026321,0.7736990149956419,-3.012763860547984,7,135.2,6.839857850576066
GR2239,grid,5,0.00796747196247457,2,480,0.05154216570012732,3,0.5,2.3334309106892612,10.789474808511002,-12.203853125038822,1.7431603429679363,3.137292823469028,-8.275474393967635,7,183.1,6.8389063897818145
GR2203,grid,8,0.0018060341228414015,2,480,0.05017553548766788,3,0.5,1.950728977155343,11.014243159172073,-15.384311046865658,2.190472484775415,3.658870360878909,-10.415647513405037,7,1391.3,6.838702089361551
GR0458,grid,4,0.004912672904175048,1,480,0.0783927659459419,3,0.5,1.9752453678209985,11.137542646942054,-14.4582896280001,2.0787934347769537,3.3888614973539988,-9.345095329836148,7,496.0,6.838433855994079
GR1053,grid,4,0.005525289985716746,1,10,0.0727423562362013,2,0.5,1.6202828992884417,3.566387988186262,-6.340789881201381,1.9182974016082224,1.2185392651311848,-3.4744611076964977,7,254.5,6.838334175258939
GR3146,grid,6,0.00839024686925878,1,30,0.033081386291997805,3,0.5,2.3804055456325264,4.608082701033813,-5.216885276315334,1.5220231383089469,0.8139442977775143,-3.7856430319249195,7,164.3,6.83700903783549
GR2498,grid,5,0.00906045958189977,1,240,0.03408611524263461,2,0.5,2.2317732226551765,5.627093889983422,-6.173870136162641,1.8049142418260036,1.1595825917019538,-5.630309195170303,7,223.6,6.836691431244193
GR0335,grid,5,0.0060526376775475906,1,10,0.0769843766361952,3,0.5,1.8822581620054628,4.3493766919864205,-7.37777438261568,1.8123178964231677,1.3787718853823934,-4.258724069982564,7,217.3,6.834998808623702
GR1862,grid,4,0.005860100590234889,1,10,0.06389769135286057,2,0.5,1.4438514277713959,3.1356788863329,-6.1986382195606895,2.017106203383154,1.2612760946758645,-3.4530884069662897,7,225.1,6.83457000300993
GR3555,grid,8,0.0020597908636330606,2,120,0.0799162320339978,2,0.5,1.5663187622814103,4.841761243987013,-9.70988729575094,2.181982652597055,1.170310662660484,-5.213991590798014,7,1092.8,6.832573179918057
GR0102,grid,8,0.0052687634580015396,2,120,0.04594839295208491,3,0.5,2.4727435046574953,8.426959720937713,-10.465857118231833,1.666270792120321,1.4041144487378152,-6.196420265586912,7,321.1,6.832188847815204
GR1111,grid,5,0.004964126148580302,2,240,0.042573559330327915,3,0.5,2.379429611037196,12.783060434306481,-15.233680589987106,2.0307939791292853,1.7207242986383062,-8.891915630080712,7,332.8,6.83182918000556
GR3704,grid,2,0.009190291332591766,2,240,0.06584450614115907,2,0.5,1.4734884183959391,4.695948801552987,-9.868392156501558,2.2879264090654736,1.1810939544562664,-5.583231912091978,7,64.7,6.8311070112292285
GR0450,grid,2,0.009100514901116798,1,10,0.060203346475828035,1,0.5,1.367978736593073,2.132328753492182,-4.7143300520859155,1.9992017176573895,1.0419498849183855,-2.711258035142673,7,90.8,6.830714902608658
GR1443,grid,6,0.0034359662571198787,1,60,0.013433395691528143,1,0.5,0.9626921709647632,1.3469898122786326,-3.599969149495937,2.3010881983013856,0.5589237808552353,-2.3139182633278867,7,688.1,6.830176147193799
GR0546,grid,6,0.0037131628908950018,1,10,0.053530453795476204,1,0.5,1.1286097569336027,1.2651142403730755,-3.939621418697006,2.1197693559139537,0.5522056972316696,-1.7910856337853147,7,507.8,6.8291904549927755
GR3789,grid,5,0.004043073744350918,1,10,0.038151730665161435,1,0.5,1.462272559953175,1.7344897110969235,-2.9542599613219136,1.9791894595431363,0.4436505920575728,-2.262616136066681,7,432.5,6.829052103980969
GR0486,grid,4,0.003505490902308333,1,30,0.03682785939258278,3,0.5,1.6493007712555916,6.700818872282248,-13.938365205968822,2.482195757100094,2.5072334536098424,-9.738034762922652,7,607.8,6.828074912585149
GR2028,grid,8,0.006256818468233611,1,60,0.0695907436885611,1,0.5,2.387497010275804,1.6035142909798232,-2.1141153983423826,1.234425049307968,0.4537889221662499,-1.3423288769738428,7,337.9,6.8275037564261964
GR0533,grid,3,0.005194144853527055,1,60,0.04084596937277361,2,0.5,2.270469556687119,6.3477871226403915,-9.077585408870528,1.5878263911999786,1.6009223334183644,-4.981681263990704,7,345.0,6.824835653880153
GR1348,grid,5,0.006643771049200341,1,240,0.04915025239663882,3,0.5,2.772745905740385,11.949700173061537,-11.648807765418386,1.5090897307614601,2.068078650285843,-7.533305020795324,7,393.2,6.824362141339921
GR0218,grid,2,0.007949965898288601,1,480,0.03695288460668755,2,0.5,2.255305841696518,9.922723735309138,-12.24828990318746,1.819351711735878,1.7407332846657337,-6.855305332248644,7,186.9,6.8232403656284415
GR2151,grid,6,0.007944248134668019,1,30,0.020203632609431636,2,0.5,1.916679382067942,2.2250842623916105,-3.417566867906826,1.8342189004149507,0.4490976435869033,-3.562647415996198,7,155.6,6.822571286334291
GR1979,grid,3,0.0048855741726184275,1,30,0.048048883971204936,3,0.5,2.1581791653257825,9.489349050062597,-13.832857075276353,2.1226953362935457,1.8322137312266478,-8.82728498767092,7,352.3,6.8196066501677075
GR3085,grid,4,0.004277087890524719,2,120,0.0700998699188663,2,0.5,1.7614295986228057,4.980474059451988,-9.044999339387177,2.1305348891404288,0.9648858280596888,-5.799383850537761,7,275.2,6.816397414912545
GR1153,grid,4,0.006375781585847039,1,480,0.05338121789816436,3,0.5,2.3782260245972537,13.740366317215239,-14.909272356228447,1.748091814252955,3.3862024188229625,-9.246463046551744,7,398.2,6.816217534505739
GR0968,grid,6,0.0024029179502005112,2,30,0.033547047216999276,3,0.5,1.5003667520246544,5.878344628238087,-12.488043389245867,2.44813354790371,2.1883041915308277,-8.560251111425842,7,685.3,6.813219390800982
GR1188,grid,2,0.005346823595839626,1,30,0.07349735846339638,3,0.5,1.5405759912304462,7.01315289715027,-17.04716342608601,2.175159327631593,3.4535009271234407,-8.41961551720955,7,229.7,6.812097637940653
GR1584,grid,4,0.00579884337200051,1,10,0.07303188041418249,2,0.5,1.461534096088046,3.165735879021139,-6.214711330954688,1.9650801694629088,1.2055680895635343,-3.4646075270395156,7,227.9,6.811315300627435
GR2989,grid,6,0.0027108892843261114,1,10,0.05200567522764163,1,0.5,0.8337586119335448,1.0826374497852356,-4.710470985278116,2.275273283718108,0.7796281365277445,-2.096408595774883,7,843.8,6.810586296428939
GR3584,grid,4,0.005577556051480082,1,10,0.05604715614976668,2,0.5,1.560745678747059,3.45968819279596,-6.387674974674611,1.895489711720814,1.1939938676396522,-3.4654773570396356,7,248.5,6.808784941887279
GR1192,grid,5,0.0077038882896937645,1,480,0.016477565187970684,3,0.5,1.9023154030153235,5.22603753813989,-8.993712998307656,1.6946914519881164,1.0950671657040294,-3.537161724413545,7,197.8,6.80868144409076
GR0592,grid,4,0.003504581065368396,1,10,0.03595410160476797,1,0.5,1.248612323237097,1.9185116076684463,-4.322975371916128,2.089442766947953,0.7484756249601942,-2.8063210132863423,7,511.2,6.806331731297344
GR3403,grid,6,0.004963452711552373,2,240,0.012868693598071012,1,0.5,1.4865804418677664,1.4696425044639507,-2.8365770094052825,1.8397790478734197,0.4398016748215687,-1.7122054051073248,7,201.3,6.806326513782656
GR0534,grid,3,0.0016960435393713917,2,480,0.07475985690524735,1,0.5,1.6043085944578237,3.676066070156496,-5.953406926058924,1.8569493145011269,0.7890666170019505,-2.896302494948013,7,595.5,6.80626694952613
GR2961,grid,2,0.0110283684108977,1,480,0.013691510914668761,2,0.5,1.3033794839538557,2.7817659183298113,-5.776823251295628,0.5588574229387507,0.16498019159591606,-4.173298958332362,8,59.4,6.805300163336326
GR3392,grid,3,0.009776692553326105,2,10,0.05389858928719213,1,0.5,1.2895471073105642,1.4473182861115732,-5.279494154498716,2.1652899724607964,0.47428593458560864,-3.2503558197240454,7,48.2,6.804166145383934
GR2543,grid,5,0.0047874830118835605,2,10,0.036641610844916885,2,0.5,2.0239619103538007,4.25053107544535,-6.8977627115203,1.7567963160073,1.0207052374542638,-4.611065261202511,7,197.8,6.8027394186336165
GR2036,grid,6,0.004404110452438284,2,60,0.0614772803642033,3,0.5,2.686402795658055,8.923128792370692,-9.910298148612364,1.7587993308309524,2.146026071351867,-9.44192263344039,7,347.3,6.802547265273072
GR0243,grid,8,0.0030272859575822307,2,10,0.07483224285306679,1,0.5,1.5468273311392517,1.5661441883045353,-3.5616937279333074,1.807450727800078,0.49431558654599395,-1.907377025728456,7,460.3,6.802503652231783
GR3835,grid,5,0.002745473019399626,1,120,0.06625899503425577,3,0.5,1.4910500137154226,7.830398493458064,-15.73852028911624,2.3726233581213796,2.2289395580989497,-8.181608349746456,7,1072.4,6.802414178932377
GR0277,grid,8,0.0035425353543379165,2,120,0.012656775280989132,2,0.5,1.7040369971202651,3.3262112171935696,-5.907224202429843,1.8190519657211048,0.6222883075409718,-2.9629281169367276,7,388.0,6.801791861297652
GR0267,grid,3,0.01130308653857746,1,60,0.07397082154610427,3,0.5,2.376007159829274,7.99789107984869,-11.057388342230787,1.7546190942570667,2.0825474460340887,-7.7868071556288125,7,111.7,6.801776106709462
GR1423,grid,5,0.00570613458366643,1,60,0.0640474936236285,1,0.5,2.3649961986913506,2.455356946670774,-3.415747048016183,1.262634168764472,0.6631741213368951,-2.2025307031890224,7,373.4,6.7985863230670285
GR3119,grid,4,0.010785780046666846,2,60,0.04451226815258379,3,0.5,2.192046655933487,7.24999632011574,-10.224534440155985,1.6054016415631729,1.7085553337195563,-5.341253854813058,7,73.0,6.796253930892255
GR2180,grid,5,0.0042244337228526715,2,10,0.02290839631138191,2,0.5,1.3640716343250645,3.231833595617033,-7.644876908691948,2.3005231263292574,1.1765038998760429,-5.7156925641642005,7,238.4,6.795635655285918
GR2323,grid,3,0.006423618690933384,1,60,0.07542735284703389,1,0.5,2.0648659185631226,2.7539883281037234,-3.898060859501093,1.6282117774340268,0.7469402884395677,-3.608471256939065,7,247.2,6.795402023073071
GR3595,grid,4,0.004098638170114232,2,60,0.0740317871027304,2,0.5,1.8733263896587526,5.047595971402508,-8.509160150945318,1.9161238926586068,1.1880592469888271,-5.418065023221861,7,280.6,6.794214506959794
GR3805,grid,8,0.004766821948951764,1,480,0.0628727132477066,1,0.5,1.8055411753756008,2.728662934392367,-4.201993940701396,1.749907709321032,0.9344092291222843,-3.547294055513321,7,719.9,6.791035916806129
GR3208,grid,3,0.009107244202404016,1,10,0.04700746537964094,2,0.5,1.4125972866516643,3.090133845560591,-6.190641871974058,2.0387677020680988,0.977785252865233,-3.813141250651898,7,89.2,6.79065899711625
GR1696,grid,8,0.011092047831780442,1,240,0.04598800055857583,2,0.5,2.0436435217421,3.153338208847046,-3.6233312074643074,1.6660116558532994,0.7109141188252961,-3.8415455120135453,7,166.9,6.789178700441826
GR3891,grid,5,0.0038772467489906173,1,480,0.058342920334417694,2,0.5,2.049831080097767,7.765480733959031,-10.376331118529423,1.7760089291578478,2.147596897724336,-6.62393281800958,7,761.9,6.788525124887735
GR0618,grid,8,0.006620109776070772,1,240,0.026641990677128094,3,0.5,1.8305217884645146,4.824666128490614,-7.305297695848949,1.949375337877623,1.229804199504566,-5.620558960015132,7,345.6,6.787526236943743
GR2372,grid,5,0.00397372853549864,2,10,0.015046105386723425,2,0.5,1.3588565642894508,2.8240343229724503,-8.034123385987222,2.1417636749685887,1.3081614215743032,-4.846524969447455,7,251.0,6.785312038581798
GR0933,grid,8,0.003047576885965668,1,60,0.03741126491589998,2,0.5,1.7090205391062008,3.8254525207969943,-7.013829138180136,1.6515439150272422,1.3920790719275358,-3.039586859507963,7,1078.3,6.784892037677845
GR3236,grid,8,0.003950339496065632,1,60,0.016298452276710545,1,0.5,1.5562232965650569,1.289646077541176,-2.2735738902664524,1.7475612456591278,0.2688869273980544,-1.512960039658501,7,584.2,6.784002901328459
GR1204,grid,6,0.005207813747236864,1,60,0.06045653392291318,2,0.5,2.254809089874633,4.381120531835744,-7.128196395810884,1.5811055899624396,1.3968441958990625,-5.297277680543593,7,445.8,6.7818511172847975
GR3906,grid,8,0.0029181485343947825,1,60,0.035180086846339186,1,0.5,1.6991408280091325,1.9730050732364433,-3.638992479007629,1.687813333113235,0.5271073043700198,-2.180101724383003,7,1149.5,6.780620729190318
GR2706,grid,2,0.005131512589386876,1,30,0.03629861890374217,2,0.5,1.3581171093168465,3.981629889212227,-13.344743671935994,2.0659070525489875,1.9636137061765262,-5.234935863138198,7,229.6,6.78008625114793
GR2844,grid,5,0.00388957570010485,2,120,0.02166808839934442,2,0.5,2.0967711801166824,6.142181710731838,-7.779736941337141,1.7834374137167601,1.1287264318978705,-5.707638922120132,7,390.2,6.77941796943217
GR0155,grid,4,0.0063345062676702,1,10,0.04075624476077041,3,0.5,2.15751698321605,6.085547005973644,-9.151218429076307,1.8948796883916128,1.1242570269423724,-6.863612022136239,7,198.5,6.778074795568257
GR3577,grid,6,0.00759659159359606,1,10,0.06818851803242786,1,0.5,1.8474883055404767,1.1557955289772963,-1.5689347879966045,1.4840565280597473,0.28997484043157057,-1.1200510717811993,7,146.3,6.778066852216684
GR2350,grid,5,0.003305676662982023,1,120,0.04348640293015453,1,0.5,1.6432568410317505,3.0862440540743923,-4.273874547675004,1.9773083041593484,0.6426619775780545,-4.295189239755655,7,902.0,6.776467393002138
GR2306,grid,4,0.004480247529709071,2,60,0.03522892032809202,2,0.5,2.088597970618035,5.273698336095367,-8.331208436506694,1.7057018064893517,0.9634273133857951,-4.917505793008167,7,252.6,6.776169041595992
GR1905,grid,6,0.004057272527649114,1,480,0.052778557560964244,3,0.5,1.9103364501552318,10.30041405917683,-15.331953698787636,2.0009886922535585,3.1897505390466323,-9.224973166707423,7,816.2,6.775227499681956
GR0575,grid,5,0.005328581623899667,1,10,0.07630851987504705,2,0.5,1.6378300584532295,3.0559571603878144,-5.264168508094408,1.714222571998123,1.0356313274273419,-2.885781438868962,7,278.7,6.772452794797174
GR2293,grid,6,0.006899901880754108,2,10,0.039110830715098736,3,0.5,1.6542032260249975,4.342142709236201,-7.063098012858099,2.153064018193718,0.7471023616842849,-5.883977512867514,7,103.7,6.771869314157365
GR2681,grid,2,0.010108910189394471,1,240,0.0369851310953743,3,0.5,1.9241864975305991,12.021070429118419,-18.175008257010322,2.056635790832925,2.7115151176903205,-9.138071091000874,7,132.7,6.771378999089169
GR0034,grid,3,0.01141724184704127,1,60,0.028547331715590367,1,0.5,1.9994430651343271,2.0150144576345626,-3.794650178557277,1.5313461847702892,0.38631959751605793,-2.5002543022802457,7,90.3,6.769829012351399
GR1751,grid,8,0.003357037445791578,2,30,0.011841049589825112,2,0.5,0.8530436203980318,1.3391843178897542,-5.686025708921315,2.4166426274680317,0.6795592772505025,-3.80867396372234,7,330.2,6.769246572836724
GR0286,grid,6,0.00262252638690253,1,120,0.06043911884403343,1,0.5,1.2222401670954592,2.129229109336782,-5.13493985817382,2.1336297681236682,0.6405618833421395,-3.488974440513357,7,1225.0,6.768711930020859
GR1356,grid,8,0.006125075243337713,1,120,0.01887629546870944,3,0.5,1.5708909613673128,3.0236573155935527,-4.790291166429706,1.8541833502463707,0.7574542909534757,-3.3048067398022614,7,283.6,6.767957734909205
GR0530,grid,5,0.005805346688355478,1,60,0.0640699904887783,1,0.5,2.411708930694579,2.5119664539594813,-3.58839541264515,1.1605234103302915,0.6552560311226208,-2.1926506974318727,7,365.0,6.766609654500902
GR0054,grid,3,0.005435069904299886,1,480,0.07414066929029453,2,0.5,1.4346345707230426,7.056390853290951,-10.856130105816028,2.1387861306853004,2.089087371337115,-6.556944391807738,7,351.8,6.766554456223803
GR1599,grid,6,0.003936760127080984,1,480,0.06545661285497764,3,0.5,1.8055170057059826,9.759229104484946,-12.867876224599922,2.0449001352285237,3.649985502280072,-9.833007225473938,7,809.6,6.7638785692186
GR0471,grid,3,0.005215522814387074,1,240,0.04153664627959084,2,0.5,2.7386777770138444,9.884406294955753,-9.849646218283088,1.387315122420597,1.7291536602239321,-7.025266238406694,7,416.0,6.762711456706935
GR3872,grid,6,0.0025957581651067994,1,10,0.05298234567423623,1,0.5,0.8557844390974662,1.1100599458986726,-4.601715261435238,2.1458858641258045,0.8519089301691312,-2.140788570883542,7,908.3,6.76208937074637
GR2793,grid,4,0.004606498542277909,2,60,0.028731292220860093,2,0.5,1.9444989373185009,5.2281571689475514,-9.06397401694947,1.8164837590408198,1.0622916448735649,-5.429248448830312,7,249.9,6.759995797423986
GR3306,grid,4,0.002697619114865698,1,120,0.0642912584584281,1,0.5,1.3065346959018134,2.391611699727611,-5.422627496901478,2.0312311589896166,0.5464727230145418,-3.169367073217345,7,906.1,6.759570223763995
GR2544,grid,6,0.005990911213082097,2,480,0.07875444444057647,3,0.5,2.158694952577898,11.442636903784889,-12.878600362807365,1.8902335797071816,3.1407349214122826,-9.833345602832814,7,298.4,6.759471654184615
GR2129,grid,8,0.0021527648721008795,1,240,0.016273086354912165,2,0.5,1.6076197263343956,5.002069494366469,-8.987701856979001,2.1228013077023453,1.6113048791900488,-6.7943489836909245,7,2009.7,6.758789957680123
GR2070,grid,5,0.009181684292334052,1,240,0.03849084814676043,3,0.5,2.4592851663888204,9.818948263494576,-11.177187717904498,1.6796584437099564,2.1245924908509664,-8.420616348858385,7,242.7,6.758362267922701
GR1824,grid,3,0.009297963341652553,1,10,0.02914471355928224,1,0.5,1.8107403170114735,1.9077371809095003,-3.1771285016349244,1.5349627759882765,0.37153355849767644,-1.7879706934518618,7,90.5,6.756399787370869
GR0542,grid,8,0.0034447275768777533,1,10,0.05779782001614719,2,0.5,1.2481857953842848,2.1956313509664835,-5.619887324600714,1.9435405848082463,0.8773436467484428,-2.733897432319536,7,593.9,6.755202647579701
GR0697,grid,3,0.009855563468030182,1,480,0.04717462786295328,1,0.5,2.0954486589481625,3.987920016989014,-4.6076746165455,1.465092907717194,0.8335097711681356,-3.324606902453852,7,185.5,6.7551307737034065
GR1626,grid,6,0.002187316531811748,2,30,0.030289297530562684,2,0.5,1.3324393522913582,3.3820373058682,-8.710779813065948,2.184545551887742,1.1148214710886606,-5.287319277524111,7,739.8,6.754723865072538
GR2014,grid,8,0.008176583325473205,2,10,0.07385052588440164,1,0.5,1.5752562139378918,0.9100644400491038,-1.7400314470628837,1.635100448067379,0.1901840040138359,-1.1560065643203417,7,76.3,6.754226392273575
GR2379,grid,6,0.0023858134531875527,1,240,0.050123237872064366,1,0.5,1.7226725747370086,3.262487734197644,-5.111433050931209,1.8245432397552779,0.7897020258891007,-4.137474992728567,7,1524.3,6.752773892818392
GR3247,grid,8,0.003787509972870713,1,10,0.07237790641976033,3,0.5,1.2113878154701392,3.1388160333578425,-8.87779026269438,2.108502653178703,1.1805499730954472,-4.24710717382346,7,507.3,6.751860105989687
GR0202,grid,8,0.0035444051624432824,2,120,0.022611968330196325,3,0.5,2.1551191477153333,6.928300061387576,-9.176421162317967,1.7725052743747522,1.4573559165241332,-6.84197631879013,7,524.5,6.750233011977762
GR1202,grid,3,0.005157412758273536,2,480,0.02626302901840745,1,0.5,2.2796867334023396,3.656040111574781,-4.73550717367898,1.2939197664093984,0.4375167703451098,-2.542972125820179,7,196.2,6.74859292898333
GR0981,grid,8,0.0020181738681015774,2,120,0.04796535022813459,1,0.5,1.827109627650256,3.029928697495978,-4.828445450588806,1.7797338886701373,0.5280399995617062,-4.052822220231283,7,1203.3,6.748087004947698
GR1720,grid,5,0.0030439813436790287,1,60,0.03787017792024085,2,0.5,1.6072982907440863,4.4521579387762955,-9.025906875186793,1.8413243003939215,1.5466496070528921,-4.777934271575013,7,885.3,6.747841334670222
GR2777,grid,8,0.0023102108529057647,1,480,0.06830989708028226,2,0.5,1.6323536086261192,5.268768210315999,-10.109286116263993,1.8045690482789325,1.9768012300873998,-5.273720031340582,7,1686.2,6.743483050839913
GR1825,grid,8,0.0018655119989323275,1,120,0.03231342893334969,1,0.5,1.425102720377923,2.4192719698307554,-4.642502909336108,1.9677931192248947,0.6645330496305579,-3.7176106414472088,7,2428.9,6.743143725248192
GR3873,grid,6,0.003947941724884999,1,10,0.07352383007473726,1,0.5,0.9526922931762598,1.141710916140859,-4.011286724613183,2.0513449966130555,0.5055950326843577,-1.7803312830263165,7,451.9,6.7425406620619235
GR0913,grid,6,0.003195461829987837,1,120,0.06403324474180835,3,0.5,1.5013825707820756,7.163176937027659,-11.929156952582925,2.2776446542960853,2.1446014574120147,-8.455742315748411,7,960.4,6.739578443315919
GR3205,grid,8,0.0019457959521010674,1,30,0.05141391270343992,1,0.5,1.0243913375728582,1.506930068680762,-4.215246542112891,2.15704894824467,0.5295126473447944,-3.0182068059612175,7,1837.6,6.73925803141187
GR1122,grid,4,0.007342235755182507,1,240,0.036436239995141964,2,0.5,2.110124851080004,7.608609878443653,-12.008161041633684,1.6474767431832114,1.7976051730402252,-6.329483897791051,7,318.6,6.738441369732202
GR3111,grid,4,0.003810301825603933,1,120,0.07547426547361036,3,0.5,1.510409119766487,7.404738358843906,-15.018167234820448,2.2071225619022936,2.1389224870343475,-7.992115022073485,7,596.7,6.737914786424318
GR3395,grid,4,0.005818707935644664,2,480,0.07337501778521235,1,0.5,1.6201119122102128,3.240107266898356,-5.6993834770124705,1.7903357600953207,0.6138557954564858,-3.3872282284664648,7,215.2,6.7375594356344894
GR0658,grid,4,0.009825809210993028,2,60,0.01723367696436943,3,0.5,1.955903124952992,3.5568828628366473,-8.062152483981663,1.712724510088546,0.7785793351786451,-4.734180181135289,7,56.4,6.735732502971918
GR1484,grid,5,0.010668957736937504,1,240,0.03676931136230015,3,0.5,1.9878524761191692,6.842737472711237,-11.56009122257753,1.6620593353632866,1.9047937695970032,-6.0257908208233495,7,167.5,6.73511849606759
GR2705,grid,8,0.003025769410756473,2,10,0.07441178189733727,2,0.5,1.5534190362434992,3.1403292462700043,-7.125993015219155,1.8145384501018598,0.9922037162029229,-3.81521487911039,7,461.1,6.733031417968498
GR2092,grid,4,0.00404234434869742,1,10,0.03456577208733869,2,0.5,1.3352471717462073,3.7476461548033546,-7.194563048970886,2.1796230242902017,1.1738502918681462,-5.711317201740385,7,408.8,6.732633503699482
GR3895,grid,8,0.0037365191718342064,1,10,0.05553540677286492,3,0.5,1.1442918406637825,2.9692596883684272,-8.75743485270119,2.1011016222024366,1.236643279190079,-4.268903681135762,7,510.4,6.731580523657293
GR0457,grid,8,0.004899031815183189,1,10,0.06812501130439264,2,0.5,1.2615967331991136,1.8508026054677813,-4.41893749781797,1.8001881681531302,0.783486100639584,-2.0003836384559874,7,323.3,6.7312195653724505
GR1303,grid,6,0.0034454130776561615,1,30,0.01919199943277889,2,0.5,1.5804181345301043,3.252612175083763,-8.025715062355994,1.87335477804967,1.111478186357188,-4.591997794514428,7,708.2,6.730533477719092
GR1415,grid,8,0.006313765460532507,1,120,0.014962259870084677,1,0.5,1.3674618995043253,0.792859129300894,-1.5821886081346201,1.7069427412177305,0.21948217178128654,-1.1368558143203882,7,230.7,6.727710028282557
GR2454,grid,8,0.003015481878018965,1,10,0.06154949490610222,2,0.5,1.1620105046266689,2.1448503730787847,-7.525551842621225,1.9762317460941206,0.9655853328744508,-3.137639142162079,7,746.2,6.726895915230587
GR0492,grid,2,0.011369022307421305,1,60,0.06366981463861394,2,0.5,2.3490912283222465,6.6047656028700175,-8.767446219550001,1.7264603327275185,1.3975833996293425,-7.779431667849912,7,94.5,6.72667529012341
GR1333,grid,4,0.0072891846868381,1,10,0.06533528253601119,2,0.5,1.8185254796988128,3.252394975095476,-4.538404614808606,1.5494974898932057,1.0166045224717182,-3.306176566326758,7,153.9,6.7257892821797185
GR3456,grid,8,0.00247485949067971,1,480,0.037048384945384025,3,0.5,2.0648771091247458,10.31118630485566,-15.432488637359166,1.809876513651058,3.1874319214399582,-9.385806266450453,7,1791.2,6.72575374160857
GR1806,grid,5,0.0026530986103011672,1,120,0.05415800586974437,3,0.5,1.3011019182614176,7.030968936792355,-15.106970031269029,2.504529535110689,2.3827871118205244,-9.716039826030956,7,1095.2,6.72502944566202
GR3505,grid,4,0.005905428409381645,1,60,0.05986897051937395,1,0.5,2.488734523475869,2.9772056210434474,-3.9970385039219036,1.1533069113124725,0.6789817366927219,-3.2653795784528663,7,333.3,6.7240042313616195
GR1894,grid,6,0.003104521117550456,2,10,0.07712542756106991,2,0.5,1.5142980482189472,3.744390542768752,-7.609476923192106,1.9482646138388016,1.1276668986326732,-4.965801406303872,7,416.1,6.7232737582055275
GR3632,grid,6,0.003604166372388165,1,10,0.07510847222765916,3,0.5,1.112180774674005,3.8791115702172996,-10.917621727835321,2.1544448625384134,1.6428905916729364,-5.206962530315759,7,531.9,6.7221679160593775
GR1604,grid,4,0.007112078381215522,1,10,0.06097479719622964,2,0.5,1.777157778540495,3.1055102649322217,-6.2560481113249615,1.5421407821571842,1.1192172642855058,-3.242045786998897,7,161.4,6.722125319455788
GR0030,grid,4,0.003485582037310959,2,120,0.058178147394488,3,0.5,1.3424343941037005,6.01159947677954,-18.93827884093733,2.2953860012700273,1.572964610012452,-7.327815396279075,7,339.4,6.721822263826875
GR0914,grid,4,0.0059888094437730455,1,60,0.013986145257881085,1,0.5,1.1609859957481805,1.4266485510588318,-3.5009806247471533,1.989862556096579,0.43700848788963587,-2.6318030147738867,7,229.0,6.720786447112653
GR1155,grid,6,0.003681506384290984,2,480,0.0582505522922968,1,0.5,2.407707437654255,4.439569560093938,-4.950953126578861,1.16612587165994,0.6853588238766879,-3.0210394433077274,7,537.4,6.720635212854921
GR0727,grid,6,0.00397145489043305,2,240,0.0228493050817517,3,0.5,1.632653176951954,7.86068553372188,-16.371136204924042,2.1760583364343735,2.0549369590145634,-8.568284093441944,7,433.5,6.719320115595703
GR0768,grid,6,0.006321547183711137,1,60,0.03896844002701903,1,0.5,2.203980249896845,2.0151340722494644,-3.1459647738134846,1.107747353711256,0.5817330644682988,-1.4741932282216474,7,319.7,6.717767435603284
GR0207,grid,4,0.0038990029303500907,2,240,0.02995023836642243,2,0.5,1.9032134327433696,6.237201458258234,-10.031608537614993,2.024476833565161,1.2726159294206698,-7.773274430259371,7,329.0,6.717391413465425
GR0480,grid,6,0.004610046421524905,1,480,0.02145235114997844,3,0.5,2.1877654740862846,8.194162754874636,-12.482933284348864,1.6849774122411803,2.7032400887075125,-8.585031851534714,7,612.5,6.715726773738935
GR2959,grid,4,0.011971799551656545,2,60,0.0466704352711929,3,0.5,2.322161598113289,6.8005218757740025,-8.471304086140535,1.3939641478296,1.248438622464695,-5.153176898792626,7,59.5,6.714616821826925
GR0010,grid,5,0.0038817859440331078,1,480,0.0635474552272554,1,0.5,1.5117970071649938,2.9267557983123167,-5.249305794364773,1.6824092132044892,1.1869250872942794,-3.198896551493144,7,704.6,6.713643461985472
GR2142,grid,5,0.003650751639411759,2,10,0.028458725984160854,3,0.5,1.70945674641987,6.473628612263768,-10.304917307927099,2.2627480300358362,1.4684579549668706,-8.920542345564373,7,299.2,6.7133177331055744
GR0052,grid,6,0.002182914506268937,2,10,0.033449198756388604,2,0.5,1.0783070162759523,3.2345546639697753,-7.753086134403074,2.348715001773405,1.2440362338616016,-6.129504184078996,7,670.6,6.712166503345006
GR2708,grid,5,0.0025565959276964948,1,120,0.062412664084100865,1,0.5,1.3346116163381783,2.2765694594556263,-5.174183106045948,1.8814192291480372,0.5993930606449703,-3.0491353112120487,7,1120.6,6.7120254641969455
GR2509,grid,5,0.006363083766305736,1,10,0.049366665829693776,3,0.5,2.0266256245773286,4.617167100990044,-6.987099322459544,1.6598007080272599,1.056971154739791,-5.485801604250719,7,199.0,6.710307602109606
GR0903,grid,8,0.007344099785033414,1,10,0.052369879425061286,3,0.5,1.8450922936357372,2.5229798446078133,-3.461089366931901,1.4423654235888876,0.6949682788903446,-2.475064232776895,7,153.3,6.709685737050335
GR3600,grid,8,0.008597145549585686,1,60,0.01906605963240731,2,0.5,1.9769469957818646,1.4130117280456145,-3.1714460123972095,1.4531748769013397,0.2041896594917107,-2.5638715819780735,7,134.9,6.7095156711808155
GR3041,grid,8,0.0069693030118002965,1,240,0.01928920094439157,1,0.5,1.7056091630922616,0.9454819821215368,-2.029713564545709,1.4352579573895108,0.2427610411080932,-1.1842141284208991,7,237.8,6.705916865336352
GR1007,grid,5,0.0113035641001471,2,60,0.041576373115011146,3,0.5,2.2075438018220543,5.37387478065501,-6.883906419049109,1.3443663575183553,1.1080908611681461,-4.1992447000860915,7,65.8,6.703920588318163
GR1984,grid,8,0.0031405705332797937,1,120,0.01179373885005141,1,0.5,0.5617801557650306,0.7174466095575863,-2.5707381417340915,2.182376406962021,0.3990693582277345,-1.320823003384794,7,741.3,6.70327959831755
GR2951,grid,6,0.007539132419763042,1,60,0.026803581734483835,1,0.5,1.2329158492852028,1.0147239246126827,-2.353333789067965,1.835567600149755,0.37611641895551834,-2.0656221586500214,7,197.8,6.7020321588503915
GR2995,grid,8,0.0033798338564051725,2,30,0.01637766297870617,2,0.5,1.483358697470528,2.6507260878127545,-5.541282442241736,1.9182998198431747,0.6589167094080276,-4.353229590931441,7,407.4,6.6997620894673435
GR3690,grid,8,0.004204777060777962,1,10,0.056464959177339485,2,0.5,1.1339432818085995,1.7943544464804604,-4.587186243305423,1.9296484512745846,0.672212964639628,-2.712785568638228,7,410.5,6.69953469066902
GR1079,grid,5,0.007873841378843477,1,480,0.011950149609349417,2,0.5,1.32981640063402,1.7146055982133728,-3.685115649997224,1.7783560240234464,0.6851513593092605,-2.608449117228593,7,124.2,6.697510292711783
GR2906,grid,5,0.008587624646726053,1,240,0.037186140653884654,1,0.5,2.2661333779342883,3.274629644012839,-3.753099061318062,1.1280800576401335,0.645615705946344,-2.361339869313524,7,269.4,6.697444903635244
GR2771,grid,8,0.004377592289380809,2,10,0.031605709872489965,2,0.5,1.9308277679201897,3.1683506846543965,-3.9331905840141737,1.3759230565296408,0.7992996117368601,-2.7520981300552925,7,243.6,6.697231786950026
GR1275,grid,4,0.005599604380110635,1,10,0.04033246112353216,2,0.5,1.8370786682777234,4.00322390645041,-5.918482474566645,1.6617198007825702,0.9183072919553016,-4.586171574794044,7,246.8,6.697191799704256
GR2507,grid,4,0.010808471229558993,1,240,0.020514021474150095,1,0.5,1.7529134730583877,1.4300575059895873,-2.397565752615956,1.463093294410745,0.2187565004862936,-1.7606991687621123,7,105.0,6.6961245943155285
GR3471,grid,2,0.005298127814918077,2,10,0.03061490281140998,2,0.5,1.2409471784848782,3.4623077644560936,-10.85027675658226,2.450108680540125,1.39433887108439,-8.17216785048642,7,106.5,6.6960500984460865
GR0591,grid,8,0.002383967473811085,2,480,0.06830189259722422,1,0.5,1.6165039767979643,3.366135927134657,-4.9050581475098625,1.6081439736102339,0.884357950331656,-3.0785506276000887,7,1004.1,6.694651579534522
GR2590,grid,6,0.0078113573910492465,1,120,0.017244551688746897,1,0.5,1.2533876252512146,0.8913222009031159,-2.350699146562292,1.7516120378351316,0.2123879204783643,-1.4432885955702115,7,161.7,6.694635422505231
GR2250,grid,6,0.0048108013913329625,1,10,0.05436739154636459,3,0.5,1.3701254494353303,3.8712307776764634,-8.655554739422005,1.7830100033605487,1.5118185910536943,-4.001958349835441,7,334.9,6.694220122637016
GR2164,grid,8,0.004540138502533125,1,10,0.022590963871932355,1,0.5,1.3030185929769025,0.8256036015835125,-2.2984728362498026,1.7599425710078378,0.273396367051495,-1.8967543263134756,7,349.8,6.690946184631909
GR0449,grid,5,0.0034375004979216596,2,10,0.024143724178552456,3,0.5,1.6216776144723153,5.622107465518748,-10.972711020387488,2.170029307237412,1.76472911952512,-8.570323152454911,7,324.3,6.689975413013245
GR3355,grid,3,0.006814220330061068,1,10,0.020257266681287245,1,0.5,1.80024794032154,1.9112283097476994,-3.851168369693278,1.5817214669626014,0.6472195348155146,-3.565041550599272,7,164.2,6.689724111978919
GR0311,grid,8,0.0031151416508310385,2,480,0.06621347722349895,3,0.5,2.222214780650538,12.129293379596573,-13.815272467268224,1.650318125213405,2.818289955004526,-9.086833191673103,7,795.2,6.68956079544117
GR3372,grid,5,0.0020286126030679007,2,30,0.07485334425997182,3,0.5,1.2132950033259209,4.773535196560453,-15.118654294201006,2.0199909521400254,2.266826767404582,-6.100388399834755,7,722.0,6.68830726686307
GR1501,grid,4,0.011872963672418161,2,240,0.043842649218034824,3,0.5,2.1364420982527337,7.750676049483292,-14.240252935394857,1.6431191116844341,1.5803924216781762,-7.025714423390636,7,77.1,6.685224758064631
GR2764,grid,8,0.0027717165512857107,1,480,0.012874277546766264,3,0.5,1.471481257547715,4.989175164927097,-10.119746528828582,2.0468780440642282,1.6978323413511063,-6.889444054757424,7,1113.9,6.684999441115861
GR2262,grid,3,0.0039701854914815345,1,240,0.079916782951188,2,0.5,2.400840969295947,8.903820243552941,-10.691087099154375,1.7355268809115825,1.1194182108781443,-8.433776562884214,7,534.1,6.684766250296196
GR3691,grid,4,0.006913005995506909,1,120,0.045234673819506216,2,0.5,2.083671913164902,6.322824495191612,-7.838562896518615,1.5437762296946187,1.0524238315398815,-5.3224191158383105,7,290.5,6.6846496368849415
GR0825,grid,5,0.0027294512655809317,1,30,0.04839160531475831,2,0.5,1.5057751123043537,4.460560533215652,-9.734235012297212,1.9165481389765204,0.9906012836290721,-5.163116386437178,7,954.0,6.683640315734835
GR0804,grid,6,0.007833385538919636,1,10,0.055685913543962635,1,0.5,1.5445221103284574,1.0349585057750592,-1.6069129966581386,1.4790196164435918,0.2826346007543525,-1.1868004705271051,7,134.3,6.680318200326876
GR3860,grid,5,0.008464105278124195,1,30,0.026235408275249235,3,0.5,2.081604380626051,4.555017889974154,-6.398698038184756,1.6258669070427583,0.6275485129349035,-5.4623891039509,7,144.7,6.678581957154795
GR0061,grid,5,0.0038570921147630752,1,120,0.01448905869383408,2,0.5,1.6111850411290842,3.9116624951658507,-6.780646395699823,1.6974613923820914,1.218762017529787,-4.442013839313331,7,613.1,6.6781932699542494
GR1074,grid,4,0.009423426799138646,1,10,0.02781805065935416,3,0.5,1.7356263761986,4.106167571571382,-7.204254677056052,1.5544521554689057,1.133173829408106,-3.885200406963722,7,93.0,6.677733264755413
GR3401,grid,6,0.002709377779282992,2,30,0.0476467349094359,3,0.5,1.946610221417934,7.992226838736249,-13.227774449320531,1.9508202486114032,1.9492630671889963,-9.009373815800773,7,619.1,6.677230794727586
GR3899,grid,4,0.011640932026290284,1,480,0.026772583167295992,3,0.5,2.0304849551378013,6.0228687461995225,-10.20377676488888,1.4728945935346942,1.205749728777859,-4.8697160239052755,7,118.6,6.676225070499865
GR2652,grid,3,0.00415226227398076,1,60,0.050163399427032705,3,0.5,1.7390538108270661,7.655385285649837,-13.89907543629957,2.187408720699124,2.047037295509768,-9.897130102667271,7,420.4,6.675985245043471
GR3353,grid,8,0.011770217800669582,1,240,0.03526786884952458,2,0.5,2.185535382886938,2.7781140959315467,-3.1789106994652863,1.1925407432948183,0.5443721846281369,-2.7267493223474415,7,139.9,6.672248764778155
GR2174,grid,8,0.0023933454341716893,2,10,0.048807826919943925,1,0.5,1.4069940371879412,1.6787836449099451,-3.4093930192200426,1.72115067652609,0.41600123457932564,-2.650708374008536,7,664.4,6.670853611918957
GR3468,grid,6,0.008241122188421714,1,240,0.037865725117113704,1,0.5,2.3181282226370934,2.728976034912335,-2.7349935327536876,1.0533223475293965,0.5696171220218857,-2.4431615012652763,7,284.9,6.668413202865191
GR1370,grid,3,0.006640345992043446,1,30,0.029088344295623056,2,0.5,1.601680378983455,4.0677653308262185,-8.611700332937035,1.8142085004824786,1.288548718831513,-5.5990334196001825,7,202.0,6.664039831242662
GR1598,grid,3,0.006198396468549481,2,60,0.030599191380921417,2,0.5,1.8994868749761273,5.268520122294381,-8.080909460562744,1.5663340508512928,1.150729583150738,-5.052686705968335,7,138.5,6.663593549669879
GR3070,grid,5,0.0035643994316460884,1,10,0.05340372663603984,1,0.5,1.0846400726105292,1.4349804558882224,-4.396936132784122,1.8108616504333281,0.5778246077345138,-2.0838204167579715,7,522.3,6.66147650809144
GR1911,grid,8,0.003961766261407133,1,10,0.07911212340908112,3,0.5,0.9924794734451095,2.708252965121417,-8.928384049095586,2.0484493494425395,1.1383417313965711,-4.172707365717561,7,457.1,6.660250945851349
GR0868,grid,8,0.0018950681526421478,1,480,0.044003705424301286,3,0.5,1.6397480527254369,8.112553563187053,-13.38383949329167,1.7005636132211581,3.3030597373079473,-7.704650730857048,7,2172.5,6.659143776900366
GR0278,grid,3,0.0065477148700033095,1,60,0.06645284592864188,2,0.5,2.1022264261897177,5.541620628416646,-7.867183351370167,1.6552022559279187,1.5448300401995185,-7.343895567514264,7,241.3,6.658461612189585
GR0190,grid,6,0.002569753281988789,2,30,0.029050084899966425,2,0.5,1.3924997080059849,3.6456152368345953,-8.105312404995985,2.041250897236977,1.396314823447112,-6.503085271899617,7,609.1,6.657832885720228
GR2258,grid,6,0.0036627659642677257,2,240,0.023891487916560067,3,0.5,1.5485130467483224,7.76506676724167,-15.130540480506468,2.1630297298015235,1.8485291341805223,-8.800039207213686,7,478.2,6.657797270736803
GR0629,grid,5,0.006203717368119508,1,60,0.05096261020889451,3,0.5,2.3358557648129845,7.4606322158359974,-10.592842049828304,1.3981322992324585,2.154877984409863,-7.415120178989509,7,328.5,6.657399292111921
GR0228,grid,8,0.0027879520977196664,1,480,0.02671889130897364,3,0.5,1.5760425650634171,7.623527142177236,-14.400293239251713,1.7882713822787468,3.061034092218657,-7.755079235957164,7,1474.0,6.657112864764525
GR1286,grid,6,0.00388242272054229,1,60,0.03351106365435952,3,0.5,1.7528568236651065,5.976490400387896,-11.823209007390778,2.0758571723825954,1.7774895829812976,-9.11391782602439,7,657.7,6.655356871748741
GR0015,grid,4,0.006244823565637398,1,60,0.04062082530900814,2,0.5,2.229520127899648,5.659568255752976,-7.022337376784835,1.1751259251163089,1.5261132527224146,-4.423147431228335,7,304.5,6.654362919016327
GR0087,grid,6,0.0026697219905003305,1,120,0.04238689547272352,1,0.5,1.5458393986396173,2.7288009756476272,-4.411876420578464,1.8094257833451928,0.5588073756888716,-4.502133619572396,7,1295.1,6.652569994977989
GR0156,grid,4,0.009568130271092556,2,240,0.04505903188584409,1,0.5,1.8718627812165696,2.923559512661995,-4.523400951804652,1.4349322451557607,0.5172057200345498,-3.268212131001565,7,110.0,6.652562074427734
GR2991,grid,4,0.0029112570980688738,2,10,0.027637854308692533,3,0.5,1.1794691883138182,4.752141885702772,-13.368139550388749,2.3293828886142753,1.9907761100787997,-8.527644400910013,7,359.7,6.6496664811222725
GR3978,grid,8,0.005965433821503949,1,10,0.05005388063550293,2,0.5,1.5332181729970664,1.7695698630297865,-2.8297499239617903,1.5228227493792372,0.5501244017793778,-2.3569941950821525,7,225.1,6.647825989557198
GR3260,grid,5,0.005160657818332652,1,60,0.06311343443065442,2,0.5,2.0873782890587242,4.68427408272734,-7.593230667979552,1.5136446799120067,1.5536272756323108,-6.425005665745448,7,427.2,6.646143434783879
GR2894,grid,4,0.002945033906920741,1,30,0.0367710384008847,2,0.5,0.8698412498158137,2.470338762899682,-9.305731033478805,2.246903488748234,1.4576003876496382,-5.758478570678799,7,704.4,6.643158261652694
GR2547,grid,5,0.010713922171737868,1,240,0.03537943351547777,2,0.5,1.9687410515231956,4.263332475014608,-7.699895132304446,1.3441849828266978,1.0969613905676379,-4.0160883533554985,7,161.5,6.642297167773054
GR3196,grid,6,0.0018226894422814018,1,30,0.07056267197266335,2,0.5,0.7031461013552132,2.4730050512804156,-9.177445959876568,2.2995353839747206,1.6627076489492356,-5.632037063901244,7,1714.7,6.640829141277053
GR0746,grid,6,0.0031916252217661784,2,60,0.07278269119048925,2,0.5,2.1267414506115077,5.346103385770439,-7.935607352514144,1.4014495150849466,1.3865647339362586,-5.64629496741296,7,519.9,6.640822197641802
GR0427,grid,2,0.011381343420216806,2,120,0.05470529421818017,3,0.5,1.7197811086458343,7.312258666229494,-17.53875034450259,1.765005671467159,2.3634037008621798,-7.644746734117834,7,50.6,6.640574376775877
GR0473,grid,3,0.010543991869818786,2,30,0.05820169722407659,1,0.5,2.11753457950329,2.7470032790083456,-4.724445071325954,1.1796342206997745,0.3415797663105786,-2.5826248837616914,7,61.8,6.638464661445031
GR0843,grid,8,0.00206540090787758,1,60,0.0723859728448309,2,0.5,1.2108714112177374,3.627924987453312,-7.492175249117226,1.8441263046306335,1.3755704408383411,-4.4173388315365445,7,1865.3,6.638123565823982
GR3550,grid,3,0.0038882899443477034,2,240,0.02575688962606868,1,0.5,1.604238079730854,2.6478173418932425,-5.7747510722266995,1.6488642858045253,0.3724986481656706,-3.61519463906463,7,242.3,6.636148566040669
GR0029,grid,5,0.003497236543810305,1,30,0.030646799979822816,3,0.5,1.7287245037100132,6.44818935633811,-11.397435194579247,2.0774066956687642,1.9360877139719617,-9.549919707954615,7,661.0,6.6353421988044285
GR2224,grid,6,0.009413315322104005,2,240,0.034080389378658996,3,0.5,1.9855867934484266,5.743839247701045,-6.6640036968397185,1.607084743807014,1.0712313854887143,-6.172812925192593,7,106.9,6.634193908075226
GR2679,grid,4,0.008705182523581349,2,480,0.01371990928210744,1,0.5,1.6640005002182428,1.3385658130631872,-2.427467440503169,1.4766242802056977,0.17430767230083982,-2.4368870623446672,7,65.2,6.631412466201424
GR3234,grid,6,0.004365117926458873,1,10,0.01954317911428126,1,0.5,1.201872600377109,0.9939152924021055,-3.028252213998621,1.644124331557141,0.4086064986172241,-1.70117199442082,7,360.4,6.631035929537975
GR2150,grid,2,0.004740905403405544,1,10,0.0241121945339148,3,0.5,0.7736829377866072,4.0744295231958265,-17.904040099602916,2.1269363217471726,2.600263860406869,-6.1442471782362915,7,224.5,6.628592504260582
GR2924,grid,3,0.011362289841473461,1,120,0.022541962899367114,3,0.5,2.249937236818675,6.748017848375197,-7.853875540977497,1.5838741416847069,1.139334737329611,-7.530099271134877,7,103.7,6.627065357521998
GR0630,grid,6,0.008189025031193523,2,10,0.06710880699066213,3,0.5,1.5331369633404441,3.5810833122937473,-6.958567683934762,1.7220678701044254,0.8642612164109597,-4.6215338610750045,7,76.3,6.6267204961975015
GR0867,grid,5,0.007555926375049391,1,10,0.07470546983235814,3,0.5,1.7336523546628915,3.8677143902508115,-5.7680257344239365,1.4771714720299396,1.0584030096116221,-4.060689141314433,7,144.3,6.625853761102405
GR0584,grid,5,0.0036642549789730012,1,480,0.06379039061831149,2,0.5,1.4906199791954264,5.986449947705249,-10.521430044238379,1.7342849223710182,2.3022792125697675,-6.461553991947786,7,750.5,6.624103306314301
GR0749,grid,3,0.002764237023367149,1,30,0.07167216107633122,1,0.5,0.7128317489363521,1.0909066262758258,-5.5162678651728125,1.9601636822073132,0.8403439677168935,-2.3318695645177834,7,621.7,6.623238525220482
GR2994,grid,8,0.003335754247872971,1,10,0.055048840012710536,3,0.5,1.1889607353157894,3.273851494352223,-8.158286629856192,1.8069959472972343,1.264236177173085,-4.152547781805461,7,626.6,6.621822424144011
GR0063,grid,5,0.007485502993026279,1,240,0.03500282412104171,2,0.5,2.154661360815967,6.463870451283903,-6.705584051227306,1.5121948273902217,1.5207522772991489,-7.1292251188401305,7,324.4,6.620792755623914
GR0802,grid,3,0.0058069687497401155,1,30,0.021649847946153912,2,0.5,1.531065518540855,4.212549642926303,-8.216469152681093,1.5719474075866242,1.094362140098545,-3.9246063940093703,7,248.5,6.61876857654356
GR3135,grid,8,0.0030348970111939945,1,10,0.01834366179387357,2,0.5,1.0331529394178123,1.4791134530897128,-5.906015511959159,1.9528057317996432,0.9270751936029212,-4.111107685724747,7,678.7,6.616208015479933
GR3082,grid,6,0.0039394785783843185,1,10,0.06990641740399979,3,0.5,0.9682327374421433,3.4686869052347795,-11.994522113703605,2.0503957900339476,1.518213892835753,-5.343945288822761,7,454.7,6.613968320845414
GR0604,grid,6,0.002467943435563198,1,480,0.06912693356569873,2,0.5,1.659348091952226,5.841385275207038,-10.880699413803285,1.6501287145184917,1.7336623381302563,-6.104104001571195,7,1314.3,6.6128090960751384
GR0241,grid,8,0.0025561059444606307,1,10,0.03931842701890435,1,0.5,1.2274333135776185,1.281855210332127,-3.163585529389311,1.6398430263892823,0.4007934289234781,-2.125524625211965,7,982.7,6.610691352749623
GR2486,grid,5,0.003657859258481534,2,10,0.04287461854973103,3,0.5,1.5213323061216846,6.160113703895577,-10.29229290036179,1.945700941177592,1.8203769106380208,-7.784801053660012,7,305.4,6.610507204997863
GR0861,grid,5,0.00428122059729858,1,10,0.07226715051171724,1,0.5,1.0192443152685478,1.2406688634648144,-3.581881783403569,1.7958990327772733,0.4912187262836142,-2.3980423219728073,7,381.1,6.6093428181146585
GR1097,grid,5,0.008833042536113679,2,240,0.0422569721795685,3,0.5,1.866908626804672,8.36362191531464,-14.7275390482482,1.9304807503028212,1.9511474675754434,-9.600555822520782,7,137.5,6.60884737373246
GR1130,grid,8,0.002630412823702737,1,30,0.011969921405880619,1,0.5,0.7246034396447911,0.6181193866385092,-2.678351182984661,1.9687642866567097,0.379366313045186,-2.080867177542896,7,919.9,6.608822235279998
GR3672,grid,2,0.007225307567112442,1,120,0.02470221837060354,2,0.5,2.1469231884720417,7.401822427713098,-9.211556071465003,1.768998001460552,1.0807558755577484,-8.630232840069493,7,184.8,6.608772556839312
GR3832,grid,5,0.00285618695553916,1,10,0.06561605418683075,2,0.5,0.7877783039882317,2.2650868585985955,-9.677393004160386,2.0762145395567004,1.5374525515996613,-4.756302873235491,7,729.4,6.6082480657308285
GR3993,grid,6,0.008785607951870243,1,10,0.06591599955183264,1,0.5,1.483317431568789,0.8961246741494087,-1.5536940574706932,1.3168768746154522,0.3318293491098339,-0.9426428927907545,7,104.7,6.607577597408932
GR3897,grid,5,0.002539492127128908,1,10,0.07462375024232851,1,0.5,0.7339884734194747,1.070947726141181,-4.647690670071661,1.8900279908441693,0.920190577928748,-2.3137782973283354,7,874.0,6.605497686300319
GR0832,grid,6,0.0024094534195401524,2,60,0.07768952072285586,3,0.5,1.7171825920326025,6.538830692317039,-15.182758242143334,1.5878960488890976,1.8805594661973086,-6.275258349429897,7,701.1,6.603637255939867
GR0654,grid,3,0.005138511775880407,2,30,0.039826699749343976,1,0.5,1.5113870130671139,1.9385867712899256,-4.6327173088841125,1.3868055642767418,0.6132052202065752,-2.08277513173176,7,162.4,6.601568517557289
GR3842,grid,8,0.001951549158009977,2,10,0.06959638019096469,2,0.5,0.9643098373180686,2.7859568924135947,-8.414321627833196,1.9667107924924239,1.3306061398558886,-4.680749454455071,7,896.1,6.599916331738179
GR2039,grid,2,0.006805191798209188,1,10,0.04905409548871404,1,0.5,1.6311262015430184,2.4288997132813894,-4.5909234005402135,1.4709071010421841,0.7100379119517146,-3.5496978217852115,7,147.2,6.595067219580914
GR1686,grid,4,0.0024595069553124886,1,480,0.05155527830671702,3,0.5,1.7071322124779233,10.253051209653758,-16.490381807947415,1.8879697396544945,3.5114475692541256,-10.80614087034597,7,996.6,6.594273399907472
GR3760,grid,5,0.003163969628627895,1,10,0.06830825251859594,3,0.5,1.1816870998704132,4.604018086832097,-13.003142620964644,1.9489591314528485,2.0683039953682734,-6.788811252502764,7,645.0,6.589673383594202
GR1780,grid,8,0.0017752910358518953,2,480,0.03705808825306131,3,0.5,2.5184610855238594,14.449595177084642,-14.887003269487643,1.5256610931231926,2.7409215738997896,-11.221313080456111,7,1598.8,6.588080758647211
GR2477,grid,5,0.0026249555980747607,1,10,0.05824798137860847,3,0.5,0.7213328374141607,3.3181371953666057,-13.731998394517595,2.1451365401616527,2.858267874392361,-7.062444098042961,7,837.7,6.5866260783658035
GR0686,grid,3,0.006322993372366216,2,30,0.013854729572336997,3,0.5,1.518144581741493,5.593255273415704,-10.505030078176969,2.236892719725788,2.0603611756284135,-10.697798225276802,7,110.9,6.585006098932718
GR3575,grid,4,0.005115970912943757,1,10,0.050010963593490526,1,0.5,1.6276108547176933,1.8024226289955876,-3.1959309766150183,1.3688899892499942,0.5763910689049954,-2.8195172178082433,7,288.8,6.581224004021711
GR3531,grid,3,0.006745221248557153,2,480,0.06157526740416069,1,0.5,1.7189563615436447,3.076981202785275,-4.600845854634045,1.4386425834577328,0.4179702092464795,-3.6251043231471156,7,139.4,6.579007428369965
GR3334,grid,6,0.003172954011058754,1,480,0.07576258493205253,3,0.5,1.539344158070649,8.335047929806802,-15.111407916942444,1.7616125576398018,2.867764558237385,-8.44575156140647,7,988.4,6.577204969333709
GR3710,grid,5,0.00261653370683208,1,120,0.0671919501737222,3,0.5,1.4150903492379987,7.407286103089293,-15.375414121161466,2.112159676356293,2.0027196383434624,-9.325235901469913,7,1114.0,6.575702376111014
GR1142,grid,8,0.004730722918134743,2,30,0.021937500182427183,2,0.5,1.4661144447027337,2.372020095271262,-5.265165400977002,1.6547772332538926,0.4174495587112742,-4.07297841735448,7,237.0,6.573501348030705
GR2941,grid,4,0.0035654597804907194,1,10,0.05533093458103999,1,0.5,0.9574767614203623,1.529336987333374,-4.326668422690327,1.7289259290729002,0.6097605018400918,-2.346089201260911,7,482.4,6.573275184580467
GR0442,grid,8,0.008232196739032393,1,10,0.06081070391798066,3,0.5,1.442462946786005,2.145479567289438,-3.751191558599512,1.4566546369553088,0.7036613428972177,-2.8591090292017727,7,120.3,6.572979836345362
GR3889,grid,8,0.007093501065797536,1,10,0.02255849957763468,3,0.5,1.7241846909190368,2.0399485128697723,-5.069509362979443,1.4770039156974786,0.38885957353282535,-4.021162844706359,7,148.4,6.571746164539821
GR2050,grid,5,0.0028841583674623513,1,10,0.06832676072211441,3,0.5,0.780024985932741,3.3631904028267927,-14.49519483265769,2.1542974299204123,2.4525024046565886,-7.203512032655417,7,719.0,6.567430809657211
GR3920,grid,4,0.0024672502178075344,1,480,0.04341250780989024,3,0.5,1.9497247405060718,11.928027636366412,-16.660668574125655,1.7334056640461069,2.893925950197783,-10.488370841263205,7,1051.4,6.5671617965126
GR1917,grid,5,0.0032496485208429182,1,10,0.05451755599001509,2,0.5,1.0635923329440777,2.8185760691521713,-8.173052430191891,1.8176463632331892,1.2975037412925814,-4.581353834497022,7,605.8,6.565937632571744
GR1004,grid,2,0.011376442674075997,1,480,0.015855748552888314,3,0.5,2.3348071374045025,7.968188731844106,-14.293909469616938,1.0698977063433586,0.3513888045715339,-4.087838950826117,7,72.6,6.564736876392018
GR1133,grid,5,0.003319611540083128,1,10,0.06611124751306109,2,0.5,1.073273154134144,2.842574280258691,-8.209257076322901,1.7590139274919832,1.2459185257883494,-4.14536759558674,7,587.2,6.5644896399395
GR0847,grid,3,0.006961887862823942,1,120,0.016143729081615373,2,0.5,1.36000133579862,4.086704167438029,-7.320209103175293,1.6914815838262556,0.8740646811857298,-4.590209753484123,7,196.4,6.563679702747212
GR3661,grid,5,0.0025658581365676316,1,120,0.03858281268210365,1,0.5,1.2423763141435298,2.2484610668413354,-4.9174563279402905,1.8632930742831952,0.3617140374887077,-4.610943417016679,7,1122.8,6.563475295648593
GR1013,grid,4,0.00829893621006207,1,10,0.07870398341558314,1,0.5,1.292948387092324,1.2912355547283696,-2.5471670535500928,1.4416833334117654,0.4611917565517743,-1.9043666340587513,7,114.3,6.559275358643609
GR1743,grid,8,0.009184290863380089,2,10,0.058068518365979246,3,0.5,1.5279615266330215,2.331940511937946,-5.753380411442813,1.4691210018696108,0.5460940198860916,-3.4075399272341564,7,60.1,6.55872803478807
GR2112,grid,2,0.003862519763618431,1,30,0.05641396525927233,1,0.5,1.0217388566789807,1.5614908309812363,-5.56726873914311,1.6651152730717844,0.6458843892530676,-2.493800390943252,7,312.5,6.557866257569648
GR1175,grid,6,0.003627405667306298,2,10,0.05350357075000883,3,0.5,1.5065883578475971,5.220393053222264,-9.385477341476161,1.810095643689041,1.531256285488047,-7.236205578374902,7,322.7,6.554847715150897
GR0620,grid,6,0.008293976610178876,1,10,0.056323863433134704,2,0.5,1.3379721756625327,1.81387431302478,-3.3974470399142227,1.455322541427155,0.622437997597015,-2.539324552138423,7,116.9,6.5537223630204355
GR0399,grid,5,0.0053528465513143254,1,10,0.04838303179300627,1,0.5,1.571477982443004,1.450346876143334,-2.5994887543784895,1.2367756343728156,0.40532394183442744,-1.8491669153961994,7,271.0,6.54946833062365
GR1308,grid,8,0.005932655172872833,2,240,0.014240310698241186,2,0.5,1.8231274008173781,2.181213005122876,-3.4945330404450035,1.1251969699190147,0.30987372395441526,-2.162001509657694,7,144.5,6.548346664045662
GR2073,grid,6,0.001961323299684271,1,120,0.06211014851469601,1,0.5,1.0465946510004465,2.0184650925913976,-5.151897330056472,1.8078900175633776,0.45809839213216585,-3.6072417118620437,7,1734.7,6.547742271862505
GR3282,grid,2,0.005780480192853798,2,30,0.015561689875582221,1,0.5,0.8016641552214574,1.0923551963929985,-5.062417024728639,1.8565715191726724,0.6129334526792609,-2.954219053969191,7,95.7,6.54773796317033
GR0513,grid,2,0.0070017405350196096,1,240,0.06308284196555795,3,0.5,2.545020600239593,14.276609682860188,-15.180707712295808,1.4098992684981968,1.5604424500451044,-9.585911714659069,7,205.7,6.547641544020131
GR0586,grid,8,0.004585630627593721,1,10,0.06588841285597243,1,0.5,1.1085260522439775,0.8793004425837371,-2.076705814371453,1.501867849474602,0.2654502680066362,-1.3667208170927188,7,356.2,6.547631120351733
GR3944,grid,4,0.008314114038296386,1,10,0.07383301146050197,1,0.5,1.2728715487904971,1.273268705038325,-2.544357028095965,1.4299586067223138,0.4561295536015405,-1.90397865152112,7,113.3,6.547594482859047
GR0201,grid,6,0.009554647916027233,2,240,0.045619076196189746,2,0.5,1.9057568937676705,4.269193516104778,-6.957202597086325,1.456740111453086,0.9822715685666374,-5.979483462458739,7,121.0,6.547072836021997
GR2738,grid,4,0.006075427947314729,1,60,0.075473739052443,2,0.5,2.248519973783,5.380019030976674,-7.615333884106476,1.0949522878017923,1.3696062663093762,-5.4995353455258735,7,313.2,6.546880902218905
GR2901,grid,4,0.008603036586584817,2,480,0.022263165732447056,2,0.5,2.0784440476056227,4.225563107951918,-8.32934223377495,1.2351978269600357,0.4783179134261517,-4.523838700493743,7,95.7,6.546207347458171
GR3348,grid,3,0.006955427319639163,1,60,0.028771163198495202,2,0.5,1.8648581254250391,5.529439395268388,-8.952123749097646,1.6740022821276697,0.9987766693434714,-7.4957163815977585,7,219.7,6.542917615236576
GR0962,grid,2,0.010587142392122826,1,60,0.06439849825976371,3,0.5,2.319828063057213,9.794231206413727,-13.277213612782562,1.6698813471041725,1.8717103276136497,-10.9126326742305,7,102.5,6.542373890869303
GR2186,grid,5,0.0022613030848661416,1,240,0.0299354785747198,1,0.5,1.0487789601471804,2.0652399641795816,-5.422726062954262,1.8816251585124601,0.7933813586079104,-4.714971947025642,7,1292.0,6.541937201241857
GR1562,grid,5,0.003241958665515743,2,10,0.0690324550970322,3,0.5,1.380783197787078,5.521657963739552,-11.961764288899067,1.8500457130585857,1.8475552392991195,-7.546666181765413,7,356.6,6.541759978450493
GR3080,grid,6,0.0025403196867737903,1,10,0.021971445726571177,1,0.5,0.9366909372904262,1.0379904687643684,-3.7866789802956733,1.8168368887606483,0.5275262450414666,-3.3221263777217063,7,910.9,6.541458398069435
GR1675,grid,5,0.005987214206509361,1,10,0.05003718208955133,3,0.5,1.6557006919329222,4.084791218019154,-6.786884407374709,1.5109399426123773,1.2962544001410334,-5.653296938481381,7,220.5,6.541135717457847
GR3049,grid,5,0.007705128333820627,2,10,0.02012147838227655,1,0.5,1.5950971232965088,1.088019670567937,-2.9153469068636695,1.2577776409633734,0.21932360107582277,-2.1100980384019934,7,75.9,6.535469081204418
GR1444,grid,4,0.0034013808106261017,1,10,0.06031515782016257,1,0.5,0.9528707844408739,1.49505049721258,-4.271891242488728,1.6328156667075207,0.680403314460822,-2.3400479236556566,7,520.1,6.534657675088173
GR0199,grid,5,0.004886963549138665,1,60,0.027485768227095933,1,0.5,1.5371651581328003,1.9203014101720215,-3.5204695787191667,1.3057864230541807,0.5923583692466091,-2.7111482101848017,7,449.6,6.5334732147428625
GR0846,grid,2,0.009436148971353048,2,480,0.06612352936259637,2,0.5,1.893614533058826,6.707965025995021,-10.50553200469849,1.496194956838816,0.8367829907659343,-6.251617959939868,7,71.4,6.5332176521599985
GR2360,grid,2,0.011511859564200496,2,60,0.05166461153539612,3,0.5,1.4395239290757107,6.076896599168383,-14.289723986545196,2.0457129911927856,2.6499088052770605,-10.533323386244684,7,46.8,6.5324213260069515
GR3490,grid,5,0.0042618808448380546,1,10,0.06473485806235289,2,0.5,1.0485622621546211,2.5389250475533807,-7.1386173002009485,1.8335850559371891,1.0001021312117664,-4.800488099430113,7,386.3,6.531660838349257
GR3678,grid,6,0.001996075517634869,1,120,0.06378628640929737,1,0.5,1.1296784745490167,2.118116859592008,-5.048755438529406,1.6649300068427735,0.3991690886382749,-3.1808361258116564,7,1695.5,6.529205404986316
GR0103,grid,5,0.005768651585114572,1,60,0.012172818983906328,3,0.5,1.2297606919229658,3.2285957984399247,-6.942909500388669,1.7361422506679016,0.4967212072063685,-4.380132175084419,7,227.0,6.52712198644889
GR2831,grid,4,0.01093838010753445,2,480,0.0149968680545957,1,0.5,1.9863501516223294,1.294362164293869,-2.105888599259524,0.9699808171526033,0.11534064718099399,-1.9467884153313388,7,43.2,6.52481636005997
GR0356,grid,8,0.0022988806618884365,2,480,0.02168883052168647,2,0.5,2.0289217703663915,6.860159814651551,-9.353296360966578,1.3369997006581253,1.2527593864597075,-6.440132723820915,7,1102.2,6.524139183893596
GR0158,grid,4,0.002584510900680452,1,120,0.055897467318564535,2,0.5,0.8522711268129418,3.2448861205197064,-10.732311438660126,2.1935920979369206,1.0571300478417618,-6.724337079269699,7,876.8,6.523907961186657
GR1190,grid,5,0.00987430013744423,1,240,0.0372303151012837,1,0.5,1.7836340721572939,2.330724040146106,-3.6745147576393538,1.1439126443185847,0.6287353824196524,-2.968136424399036,7,193.1,6.522061556720182
GR2518,grid,8,0.0017209956312556494,2,10,0.0698920303693975,2,0.5,0.9317736010652935,2.672278878013727,-8.031820752159474,1.8282274350811782,1.3734844856810307,-4.891929322072119,7,1069.3,6.518597425636274
GR2023,grid,4,0.004375333643923933,1,480,0.03131462688504483,3,0.5,2.1855556387845114,11.85908549811571,-14.515537806613848,1.5157305210266456,2.586741286684215,-10.467611930930525,7,590.3,6.51662801317625
GR3576,grid,3,0.0028219700315500404,2,10,0.035562890862330186,2,0.5,0.9993544266476659,2.733692242439008,-10.350818074190757,2.0753735187931293,0.760548876564204,-6.313230645374078,7,299.1,6.5157744828539
GR3192,grid,5,0.0059747001716452626,1,60,0.045311120937163864,3,0.5,2.3006284054704813,7.1007299109347555,-10.226827782982163,1.1371891868972643,1.9661627724896955,-7.402806350142073,7,344.7,6.515048296535565
GR3932,grid,8,0.0017971947143636366,2,240,0.0700748481468712,3,0.5,2.2005035895487377,11.94923008014146,-14.92396516297111,1.7917981670082483,1.7550160439401137,-11.534885721809514,7,1474.4,6.514768392224972
GR0759,grid,4,0.0036972445808129274,1,120,0.07316194572777578,3,0.5,1.239468453479936,6.401324656523059,-14.997576740520199,1.927610491646241,1.8945410746002402,-7.940677706890692,7,610.7,6.514387880839367
GR0916,grid,6,0.0028434962848216676,1,30,0.024996033777388536,3,0.5,1.2813032970472853,4.957916422387735,-9.597635182897319,1.9345689687739427,1.884102985394573,-8.218046269499665,7,933.0,6.512592487724046
GR2386,grid,8,0.0023031330505082514,2,60,0.022479842206086488,3,0.5,0.8339684457078649,3.560481540012148,-12.446826287583754,2.043378173259878,1.9623972169663104,-6.997455660809465,7,825.6,6.506855149388042
GR0963,grid,2,0.004658971630109758,1,480,0.051922331934999066,3,0.5,1.9135164643063505,12.704035354418096,-17.323807134024445,1.875634289291781,2.6186851155334407,-12.020362598995126,7,302.2,6.506363422776175
GR0765,grid,5,0.0020281711760941493,1,240,0.05992693442182578,1,0.5,1.6246968823626204,3.035866613962761,-5.4110349111627505,1.3642158953964798,0.6836793571507132,-4.17273524373959,7,1545.9,6.505636451584884
GR3474,grid,5,0.0014264524906540943,2,480,0.048623422640329664,2,0.5,1.406467632137792,5.828696757104193,-11.262968926649936,1.9592498429752716,2.0529218775868063,-9.39456529721483,7,1103.4,6.5041625513542645
GR2617,grid,4,0.004368674037998988,1,10,0.06264343494781471,1,0.5,0.8638430745916658,1.2961437084008414,-4.0113056067573964,1.7061738829242017,0.5856326407954076,-2.8700917013121945,7,349.8,6.501576278878292
GR1298,grid,6,0.0036047421384696587,1,240,0.04101500806819912,3,0.5,2.137029925554459,11.113308698737645,-13.956386732094206,1.3765425840222096,2.2017280498699785,-8.990663954313822,7,972.4,6.497251547207101
GR2769,grid,5,0.0033164916979552014,2,10,0.06228333713812572,3,0.5,1.3541928865556652,5.428457770266428,-12.147481190161944,1.7940842871903449,1.7695587994938307,-7.638286598033574,7,344.5,6.496863303279847
GR2625,grid,8,0.0023463651217731055,1,240,0.010192158181105714,3,0.5,0.6513341923830401,2.3763144033886077,-9.71455057579913,2.0458795271662273,1.4724540158490673,-5.6230613918482595,7,1178.1,6.496458682696744
GR0001,grid,4,0.007214184379698748,1,60,0.02936020784579744,3,0.5,1.8629026560390265,7.312350403324345,-10.624323654223572,1.6344417456375329,1.4323820408328303,-8.548237614286244,7,235.7,6.49606588875805
GR1666,grid,3,0.00661596341601917,2,10,0.01772404749180935,2,0.5,1.3282995504035775,3.1236509799829326,-9.53328750196808,1.5464841418138826,1.1563121594479109,-4.856129436179636,7,97.1,6.495544935522376
GR1031,grid,2,0.009333806814681031,1,10,0.031186563162573407,3,0.5,1.8293687898940252,7.764244451175822,-14.44357349435688,1.5311949733264503,1.6687001498904923,-7.940172196722961,7,86.0,6.494934055152973
GR0105,grid,5,0.004356153224623821,1,10,0.07487824905836055,2,0.5,0.9845672161307245,2.4584400242337656,-6.6472707347401965,1.786971361551372,1.019220465221837,-4.779027698053287,7,370.6,6.494303252871885
GR0249,grid,3,0.005286325775043214,1,10,0.052117537974526666,3,0.5,1.5654331832746724,6.307297735157581,-13.978444893883008,1.438334232664893,2.1131029290751613,-6.55023631450862,7,257.5,6.4929144151371
GR2903,grid,5,0.0020217848871203737,1,30,0.0599464619793314,3,0.5,0.7225948079047271,3.618366804710571,-13.118970346711812,2.0909898865685577,2.1206961714226273,-7.250603114880177,7,1323.9,6.492343398148269
GR3844,grid,3,0.004060096805175608,2,240,0.046749533343707496,3,0.5,2.2054480022870946,10.80138407889749,-14.232892351967566,1.4342195233741337,0.804516477015226,-7.9854168665215175,7,254.0,6.492269492374415
GR1747,grid,8,0.0016870010650687965,2,120,0.06927987924312436,2,0.5,1.2129309745335148,4.114210096520978,-9.995792867594737,1.7297747301468918,0.897375916347668,-5.3748540933674125,7,1339.1,6.491576748631925
GR2460,grid,4,0.003233861078068562,1,30,0.024837616056584202,2,0.5,1.2213762737778346,3.5010819023534503,-10.425299922643134,1.779791351117543,0.7957374018805659,-5.659330092446871,7,629.5,6.491418176739878
GR1822,grid,5,0.009944859154383144,1,60,0.015428078314664067,3,0.5,1.2615238695165427,2.2217240788512536,-6.360276969601745,1.4054614270854977,0.48297265741996853,-2.6442663839859595,7,80.5,6.490896632597877
GR3954,grid,2,0.008778800838806024,2,60,0.01538568697407617,2,0.5,1.1715659853465652,3.9578352155344376,-10.798793831338271,1.9596608405598253,1.1523478414492914,-7.277453120292229,7,61.1,6.488857813954302
GR0835,grid,2,0.007181091721595679,1,10,0.0717393234534,2,0.5,1.512246999607931,4.7385688128796355,-9.796344924269942,1.472608553918925,1.7205379807689805,-6.0999736507115445,7,136.5,6.487992568564722
GR3390,grid,2,0.004031429327261158,1,240,0.023834963667479715,2,0.5,1.6002745778282688,5.426636700050866,-9.96966704442003,1.7775489042225097,1.3207993280111057,-8.296224910303355,7,319.3,6.487869831871298
GR1739,grid,4,0.0032573898421365396,1,240,0.01282763518675847,3,0.5,1.7645996566928634,7.784327943935985,-12.455628354183645,1.647060337350884,2.2628065636060035,-9.435616878726359,7,742.4,6.485444561180656
GR3327,grid,3,0.00946646046717555,1,10,0.012191621300494337,2,0.5,0.9132518683011555,1.7796605754499595,-4.662804525169358,1.6515966400065518,0.7685753422834768,-3.2241924330304936,7,70.4,6.485228529894144
GR0292,grid,6,0.004429469801322658,2,30,0.017141206956488485,1,0.5,1.0483010875264074,1.2154516315375896,-3.7783888697831203,1.5383380202940349,0.2560827436193886,-2.40800263543897,7,242.5,6.482748896753451
GR1938,grid,8,0.01090036730554513,1,60,0.02012805155141889,2,0.5,1.7996604730864363,1.2597656474673458,-2.375993149007463,1.013504887630616,0.05928176191946659,-2.0071197170254163,7,87.0,6.48029069929174
GR2870,grid,6,0.002463704355402192,1,10,0.062044197303048006,2,0.5,0.5965209077112641,1.9413647330917247,-9.059055254145477,1.8421873790812804,1.6035687584158698,-4.311229918546542,7,965.9,6.4775522984604335
GR1209,grid,3,0.010312343990190537,1,60,0.020181744174036072,2,0.5,1.602970789703,3.219653833706618,-8.220233669835999,1.331350780723709,0.5390083220251818,-4.105255131684298,7,101.9,6.4768044460975265
GR1583,grid,6,0.00402729725319343,2,60,0.02698079968193641,2,0.5,1.0610522635845594,3.276799786373124,-8.33310813337228,1.8803056609308642,1.4827000774025347,-6.778454176200685,7,358.6,6.476361982114419
GR1912,grid,8,0.0023472418334630754,1,120,0.028645481343255806,2,0.5,1.3954200830617949,4.189623605274745,-9.140697373590957,1.5206719296581095,1.2387581839458508,-5.4331673845446495,7,1712.8,6.476039004907678
GR3717,grid,4,0.0037381399285008653,1,480,0.06635241679815647,3,0.5,1.524299925741169,9.949840004724813,-15.657754666178626,2.011397599159305,3.258728805787706,-12.477344238782443,7,646.9,6.4744765474801085
GR0348,grid,8,0.0017378675748233095,1,240,0.06398531817399152,1,0.5,1.5307404371345146,2.6435973981017744,-5.3494233581303705,1.2747396012663672,0.6184120789145036,-3.483599746885302,7,2513.4,6.473311933210263
GR3510,grid,2,0.010170004332289716,1,480,0.03266473315545592,3,0.5,2.130354217863496,14.754350678306002,-19.28341560227649,1.789977374605239,1.7798624708115685,-11.925494363423768,7,141.3,6.471455419790907
GR3967,grid,8,0.004441156599463594,2,60,0.018213512000379815,3,0.5,1.438404659891202,3.461669744513003,-7.644672262453279,1.4662179573839598,0.7516043232586744,-4.669005008758012,7,271.6,6.471307524125357
GR2614,grid,4,0.006488266739121022,1,120,0.011649038823986964,2,0.5,0.8816462653839554,1.7985782549287688,-7.437976370089292,1.648809007652008,0.5649571067438719,-3.0121258822264645,7,175.8,6.470926948664513
GR0485,grid,8,0.009371084705293933,1,30,0.012760982197552673,1,0.5,0.9817851338555512,0.363747233942755,-1.276650272322313,1.3384042049910136,0.08688309436487726,-0.5529229286740519,7,75.3,6.470592704231369
GR1245,grid,6,0.0023831070319608296,1,480,0.07409280347301159,2,0.5,0.8516275765785709,3.8699239429420573,-11.905896210670871,1.8808999042731807,1.5490473597662278,-5.930137843036445,7,1244.3,6.470008748095615
GR1039,grid,3,0.006389063745425751,1,480,0.03154698924286464,2,0.5,2.2590111260185037,8.17800206913724,-10.776569044924099,1.0423386144202798,1.3198608743667628,-6.429371078644272,7,313.3,6.466582319525362
GR2333,grid,5,0.009787146136331136,2,30,0.019584473894824622,2,0.5,1.493749124406317,1.9328713752544353,-3.8518763401204885,1.2373223817523806,0.40061842119608987,-2.8409693186818004,7,58.3,6.466511123685246
GR3719,grid,4,0.003529026755310967,1,120,0.030951950926501742,3,0.5,2.316081515661177,12.105582267510162,-13.579202782353821,1.556246544763434,2.286142271407649,-11.890022556330223,7,778.2,6.464625428174697
GR1982,grid,5,0.0035344470682282646,2,240,0.016584690379453253,3,0.5,2.156863416558678,9.978202771278921,-14.190426142853601,1.8954577251993812,1.0857795201810532,-12.042120944891339,7,451.7,6.46435010622833
GR3977,grid,8,0.002264216152138266,1,10,0.04918548480345429,1,0.5,0.5636833669584269,0.7295777926927313,-4.156285202428844,1.7037077478970601,0.5051807928924845,-1.8985625960026116,7,1153.7,6.462274204312448
GR2284,grid,5,0.011431213509033753,1,60,0.023297366485345763,3,0.5,1.336162145974302,2.4910692791028435,-7.408616459233726,1.4503253386052501,0.9426555663303061,-4.546643867697877,7,86.1,6.4561088594092055
GR1321,grid,5,0.007488967023305041,1,480,0.01815969248342773,3,0.5,1.493912132984752,4.6149058888160015,-6.279461124565879,1.4829678155082227,0.7833620922761111,-5.395817059321816,7,195.3,6.454429100696906
GR0577,grid,6,0.003233878771903359,1,480,0.030328161314317315,3,0.5,2.004488762180704,10.013125644683463,-14.775332177440943,1.3190240971691503,2.5477616313763702,-9.07211770532187,7,1065.6,6.454401340571127
GR1804,grid,5,0.004867739575731105,1,10,0.05101436538562156,3,0.5,1.3018662905976215,4.513203347771254,-9.192764822261088,1.48296209069941,1.4236934757074633,-5.321771942541073,7,319.0,6.452481989498154
GR2309,grid,3,0.0046512048269195605,2,120,0.07398722763335475,1,0.5,1.0996090518591741,1.713832732900828,-5.7239764942344475,1.4675191052487533,0.26879474395306535,-2.6800303213466217,7,185.3,6.45096807315514
GR0354,grid,8,0.0023444046145840573,2,10,0.02263491601221515,3,0.5,1.2364230049615668,3.790654192465994,-11.499676757599536,2.115045941911632,1.4332270975603605,-9.846011568037103,7,656.0,6.446595049071308
GR0750,grid,8,0.0032287232729406963,1,240,0.02408410622627591,2,0.5,1.7039759631061873,4.697028000021948,-7.7906711836279285,1.4624606357369399,1.6679488482139004,-7.605347405492084,7,1187.7,6.446415138541067
GR0226,grid,6,0.004586749611667962,1,10,0.07687590809152162,2,0.5,1.1013166879258758,2.2586427883230558,-5.62064891137692,1.495758229060073,0.6997492717148417,-3.5838115003305573,7,351.6,6.44443746117215
GR3578,grid,4,0.0037272967226942713,1,120,0.044007054465083364,2,0.5,1.6552523015721807,5.9047896799169575,-9.525775118290367,1.761941588484254,1.0686476342227418,-8.868121698754857,7,647.0,6.442853914102097
GR2191,grid,4,0.00301294119326327,1,10,0.06002365589824033,2,0.5,0.8105920215519022,2.515427056285156,-9.31461993126195,1.8665741131702993,1.4682038492780212,-6.046265081525926,7,608.1,6.437816360442892
GR2190,grid,2,0.01050492883865316,1,120,0.02431999410284135,3,0.5,1.7361032085411932,8.966518058514188,-13.559307144851246,2.345139542759058,2.6188855790757297,-15.835918970274978,7,111.8,6.4354994649134944
GR3839,grid,4,0.0064798415065301955,2,240,0.013545846725736875,3,0.5,1.710028214701937,4.1386189256502695,-10.004113321741844,1.3716237068670267,1.0005388241624533,-6.248643362769344,7,106.7,6.43536363666758
GR0948,grid,2,0.005125372610964422,1,120,0.0361697768123977,1,0.5,1.5155279825869203,2.760146955975173,-5.742534700799915,1.4054660848884402,0.27115178929487593,-4.570656310043869,7,243.3,6.434570897516832
GR2566,grid,4,0.0024267718470388265,2,30,0.05926756726831144,1,0.5,1.106782069313453,1.5212631232880156,-5.001704383453926,1.289258715145568,0.4904261463888998,-1.9616873541718451,7,478.0,6.433733893070343
GR0183,grid,6,0.0017557180222150229,1,480,0.039881351940235274,3,0.5,1.5528705604488875,8.107050276344212,-15.977460892300716,1.3813454300810415,3.032579585267558,-8.30561552316507,7,1896.0,6.431736047102636
GR3952,grid,4,0.004734545573799303,1,10,0.06381388430722147,1,0.5,1.2358493745483585,1.6126966426377165,-4.290410593803371,1.2738260370369598,0.46694199520171054,-2.4938256488762818,7,321.1,6.4317023497147
GR3957,grid,4,0.004087922466604146,1,10,0.05752083068459609,3,0.5,0.9882343463644823,4.239534682395844,-13.363095221376788,1.8474443228763104,1.8098834108411157,-7.359605937620235,7,391.7,6.43103456581376
GR2464,grid,2,0.008755719566531267,1,10,0.05409900940304261,1,0.5,1.3263417018246493,2.1538086985451628,-4.66276451931646,1.1639756619884545,0.904420020325086,-2.723607102500373,7,95.1,6.4306287339181845
GR3063,grid,4,0.0036091033571791858,1,120,0.018586225616962895,3,0.5,1.401593986852133,7.21357275875498,-15.33356066675313,1.8292550092937812,2.306553820282603,-9.994613891530408,7,669.4,6.4284904223686254
GR2301,grid,5,0.0047226960059904765,1,10,0.06207671423092782,2,0.5,1.287211769445879,2.843070076787008,-7.147769268572064,1.3789756563293718,0.834414283580698,-4.154904946352089,7,335.5,6.4241614220873124
GR1941,grid,4,0.00358475575954245,1,30,0.03472634635463221,3,0.5,1.5045330528696037,6.083638589263826,-13.43012928760547,1.7954539950217583,1.8465928412756056,-9.76734986917012,7,571.8,6.421000648772514
GR2736,grid,4,0.003225347159625841,1,60,0.03133344956882588,3,0.5,1.240413592466922,5.796280283500564,-14.008231070357253,1.7405541085581788,1.7524013585072098,-7.955193944206057,7,682.4,6.418253898619471
GR3826,grid,3,0.0028218193660752783,1,30,0.07308810389207551,3,0.5,0.699798547890247,3.302492940593151,-15.873250875015529,1.911522793371044,2.4575997565567014,-7.4779167500423505,7,611.1,6.41805779690604
GR2089,grid,6,0.007052194359271448,1,120,0.011836267926096832,3,0.5,0.7796271444381706,2.096061640807142,-5.851961211439048,1.844797296457744,0.5367771989033281,-4.818432959410675,7,153.5,6.417883125085063
GR1116,grid,6,0.0020418329290487775,1,30,0.05124755732230267,1,0.5,0.8825325449170384,1.4083436442765231,-4.5644054459433026,1.442348662174127,0.48779075386873594,-2.2716693347771253,7,1467.3,6.41653976167634
GR1679,grid,3,0.0029603788949402036,1,30,0.0659074903361246,3,0.5,0.9744060426047909,4.434773891105012,-14.926881312778914,1.7043299703192492,2.1370135285949385,-6.9390587016779675,7,585.4,6.413887859612017
GR0878,grid,4,0.0026530568520907456,1,10,0.051634587461804896,3,0.5,0.5478489622503154,2.8409523193934763,-12.999260960968112,2.1716669173834977,2.6426317446650467,-9.00145345054305,7,724.1,6.412928134038291
GR0085,grid,3,0.011355374799601501,1,480,0.01696963537333964,3,0.5,2.3205086104256085,5.490573385259903,-8.02187970221472,1.2693976233723627,0.3645136754712802,-8.064843744663957,7,75.4,6.412651983003111
GR3619,grid,4,0.0065453129399726485,1,120,0.014729215177152075,3,0.5,1.1385738753250068,3.6998477640267793,-11.854324726565338,1.5823951897136046,1.1044222936499684,-5.50554071278173,7,202.4,6.4116713386937185
GR0754,grid,4,0.004099289166351163,2,480,0.011909973764235885,2,0.5,1.0865330214953892,2.61219885922138,-8.956125058157232,1.5277523045002592,0.9925521255392017,-4.720167107904781,7,239.3,6.409642587042582
GR0905,grid,6,0.0019173039525885013,2,120,0.06684711831172635,2,0.5,1.1997742958671642,3.817719480574135,-10.011254112624265,1.6473878723756232,0.7164140557056399,-5.835823607628026,7,904.9,6.40842053932795
GR2377,grid,6,0.0019878255904309597,2,10,0.07264870299425596,2,0.5,0.5867267801030427,2.0804025857242627,-7.782574890277501,1.884162592601129,1.3622115820018554,-5.409442975297552,7,732.9,6.408301548743717
GR1022,grid,5,0.004447656825507162,1,10,0.06569859354847583,3,0.5,1.0708310722120387,3.9113133783653304,-10.29641004442492,1.6609340699129749,1.4219539136486874,-6.2473807845017655,7,364.2,6.40758311914624
GR1857,grid,3,0.004188608191504521,1,10,0.06318630406759823,1,0.5,0.6704674613520482,1.2475557902284289,-4.157320393541013,1.6237063720748712,0.6251426850908557,-2.9200781517275027,7,330.8,6.406614831542925
GR1916,grid,4,0.002534747451624024,1,120,0.057910541256541555,2,0.5,0.9261533385745278,3.488416132846118,-10.774367481485115,1.9297136679715923,0.9579327684899945,-6.952220145500777,7,909.8,6.405718564908729
GR1410,grid,6,0.004639853440681821,2,30,0.019626235420055416,3,0.5,1.776890072722761,5.2392165292360495,-10.223676183440329,1.5309079796407667,0.8801629894833278,-8.116245297194236,7,248.4,6.405413933982185
GR1925,grid,4,0.00880757980516774,1,120,0.012324201741501357,1,0.5,0.9924725750275585,0.7053788658509093,-2.4892295798638773,1.285847349107942,0.29856243000078575,-1.6000300449235327,7,92.6,6.404256271311493
GR1043,grid,4,0.011411433289732443,2,60,0.014338009358405823,3,0.5,1.9289947037035315,2.7769815355324536,-5.96438123456146,1.1934275684559308,0.31801213553456004,-5.682317081927813,7,33.4,6.400242762843324
GR3824,grid,2,0.007263624702281241,1,10,0.07242973311822927,2,0.5,1.4562515314127167,4.620091212555405,-10.132236865716386,1.3881233888393396,1.6956202438860746,-6.618023157482349,7,132.9,6.400099214463464
GR3178,grid,5,0.0028026910464168564,2,30,0.025803081300614775,2,0.5,1.2218211529191962,3.328465040555426,-8.65499634688178,1.6004421311432513,0.819747867716709,-5.932354318800553,7,479.7,6.396383875179526
GR2697,grid,3,0.0037379814169400966,1,10,0.07094651331471001,2,0.5,0.5682912564827024,2.4029914262913117,-8.065961906178053,1.8944645947543983,1.4497743241072587,-5.7403070739273785,7,383.3,6.394559966077229
GR3521,grid,8,0.0015760392206096484,1,240,0.014311028008879016,2,0.5,0.6367981911698664,2.09957897934651,-10.585603666127554,1.8747108407186874,1.5613981997029078,-6.1751157394332585,7,2552.4,6.389064247284606
GR3435,grid,8,0.005043831487540009,2,480,0.012148221636488944,1,0.5,1.0675154319744755,0.679875952027287,-2.0379189967427194,1.1985061090072144,0.1250471727539279,-1.3756659461046912,7,167.0,6.3870461956996225
GR0707,grid,6,0.00278219721660801,2,120,0.020204457006333137,2,0.5,1.910117795995085,5.278544968041288,-8.519497874488733,1.4470681344875231,0.5147598213843521,-8.010676150441505,7,631.8,6.384756216002169
GR1098,grid,8,0.0015757155726754686,1,120,0.06488645100090239,1,0.5,0.7275346683715302,1.475812677921518,-4.838869844555411,1.611779235243167,0.43571514849254706,-3.3856890443577323,7,2637.1,6.375276925588825
GR2846,grid,4,0.0027774196380390107,1,240,0.013287191178154481,3,0.5,1.476481698429503,7.08347616409611,-13.354433944310932,1.6880125300727742,1.9286750612391934,-9.742426021585489,7,876.9,6.372298591665606
GR2053,grid,3,0.00844945335439531,1,10,0.06676602856828544,2,0.5,1.3347451020594119,3.290164166860832,-5.967010806249927,1.293048277362016,1.1724169076801445,-5.068051062827562,7,109.5,6.372005544275489
GR3782,grid,5,0.0028027981496669438,1,60,0.010796391447025513,2,0.5,0.8995658629583929,2.7187395614046856,-7.9539552770762025,1.709091989038718,0.7436558578149343,-5.444918768722946,7,838.4,6.371758496456759
GR2414,grid,4,0.003598087361703804,2,120,0.06611924559194243,2,0.5,1.3835905831084905,3.973855456400872,-12.983706225217247,1.4608179660785612,0.5828974586267414,-5.79658280176378,7,320.4,6.3712820882522125
GR1964,grid,4,0.001841588657204864,1,120,0.01602021153738006,1,0.5,1.0702662254779454,1.7667121014891383,-4.429942739902381,1.5219132474986163,0.41466364934389094,-4.525499683726411,7,1339.3,6.367583939941689
GR1900,grid,8,0.002517860621780347,1,10,0.039122317797172346,3,0.5,1.0790987143495188,3.7119168571782795,-9.490775322113077,1.6365405353839566,1.1341877753499068,-6.391788348926421,7,1001.4,6.367400576320044
GR0692,grid,6,0.004768756806417584,1,10,0.07790336437993593,2,0.5,1.2759641798083632,2.4159632050131314,-5.88465530498228,1.2152359068711682,0.6207910353763146,-3.5408082579494113,7,330.1,6.366860199387676
GR1118,grid,8,0.0017700397425198253,1,60,0.028303641003446324,1,0.5,0.5771666445631964,1.1840478501119907,-4.903076611771412,1.5851354045828565,0.5778372579513089,-2.885507046623061,7,2171.4,6.359557483269966
GR3851,grid,6,0.007988558122185414,1,30,0.017545224091175766,2,0.5,1.3070693723679205,1.5283822993547622,-4.174362493003645,1.072980679772746,0.3268720371944528,-2.541552028467231,7,140.6,6.348618758875635
GR2774,grid,8,0.0024326785540867433,1,60,0.028586671599413895,3,0.5,1.187555062406671,5.282446944488145,-12.793684326986513,1.390755024063823,2.0584949584764365,-6.665320002578046,7,1509.4,6.346866676074154
GR3684,grid,8,0.0018188329968042934,1,30,0.03032463337598816,2,0.5,0.7349886538595388,2.29972400198453,-7.9971131431409965,1.8296429463134949,0.7734825552413094,-5.988804932124876,7,1928.6,6.346386230490746
GR0280,grid,3,0.005820006018393128,1,30,0.022431938457019886,2,0.5,1.055900938889041,2.7559605829007925,-12.394820088843153,1.3486748269375786,1.05924376098354,-4.367481525597031,7,228.3,6.346364563131484
GR3668,grid,2,0.010142630535488747,2,480,0.03214473776157824,3,0.5,2.2658981306254056,11.727004450020653,-15.002735140200677,1.3972431867972768,1.2103593252175506,-10.993527565969162,7,68.7,6.345745965305651
GR1285,grid,4,0.0029324429211320794,1,60,0.04966728259133376,3,0.5,1.5588633080389027,6.936292612216368,-13.744463172123034,1.2125368307278805,1.6910074983217291,-6.768496457939601,7,777.5,6.34247137862858
GR1845,grid,6,0.0018165746610269771,2,10,0.07892511864740898,3,0.5,0.6682251861383514,3.2215516122383634,-11.267672939866861,1.8962762079054958,1.9380139913930599,-7.796783957645021,7,834.8,6.341025931251722
GR1093,grid,6,0.0034849585615262615,1,10,0.047992224843781565,3,0.5,1.2117016022423492,4.1101582638587475,-9.034894705119733,1.3828361133010951,1.1587560112292905,-5.644330771447476,7,559.5,6.339827366269693
GR3413,grid,2,0.00875668344153327,1,10,0.05476092828299939,2,0.5,1.3267902188324556,4.308827268349029,-9.325420528452923,1.164185817939059,1.8090349404980206,-5.4471451090866685,7,95.1,6.339814772416956
GR0212,grid,3,0.008907943016009,1,240,0.011276157657354407,1,0.5,1.599361097524095,1.3181176342786545,-2.3102282468061097,0.7368955832466739,0.16211259955203786,-1.4594446216108008,7,90.5,6.336813672385747
GR2811,grid,2,0.0074032217502118,2,480,0.05429429115109496,3,0.5,2.1987790522519868,11.200647895890423,-13.407468315110163,1.4995664853352226,1.105863637297751,-11.474051236619271,7,92.0,6.334464650863111
GR0333,grid,2,0.008666500349006158,1,10,0.06639318031043012,2,0.5,1.3890096069196833,4.364408202559334,-9.087630542350036,1.1329619491264857,1.6790851588421027,-5.4536112047169985,7,96.2,6.333645899607172
GR0866,grid,6,0.0014073324174597689,2,30,0.07377779511262057,1,0.5,0.5346848934225392,0.8591641409016738,-5.056619341770893,1.4768586310202338,0.4745809834117372,-2.182516056076147,7,1200.5,6.332007367294238
GR2434,grid,5,0.0047299352748502044,1,10,0.05834214487342061,3,0.5,1.2746040348613152,4.22972931980875,-10.713697904157126,1.3818580183278772,1.254314054635246,-6.230046611923517,7,334.1,6.330759646361348
GR2457,grid,6,0.0016577974193217758,1,480,0.01378719352118745,1,0.5,0.9058297373102941,1.6046195084632071,-5.456827457928648,1.4159170892921038,0.6243586100097891,-3.8205236662363675,7,1982.4,6.3296288802011365
GR3441,grid,4,0.0043281405819041024,1,60,0.01689723265569582,2,0.5,1.1401999448604845,3.2828138342957955,-9.219427966076491,1.2241395905279813,0.987641470447943,-4.060623207814224,7,454.4,6.328296724362719
GR3758,grid,6,0.0025291529664947577,1,10,0.05169747448986791,3,0.5,0.712631595344894,3.133109835235853,-13.832689854389626,1.6489928204270121,1.9559631851440684,-6.44479441686015,7,933.5,6.325625637595541
GR3110,grid,6,0.011217281900270177,2,60,0.02237277225293115,2,0.5,0.9785301928008743,1.156078290991187,-3.4065620546830355,1.2321641199299893,0.40422350781971905,-2.583989315406161,7,48.1,6.325331433509966
GR1281,grid,3,0.005744207777860392,1,60,0.011674456519555464,3,0.5,0.9036520411482714,3.0427226315105362,-16.020662600341037,1.7817470107008986,1.0415165858736528,-7.181986075139739,7,207.9,6.325283929521395
GR1629,grid,5,0.002832199358116455,1,30,0.033953441009161665,3,0.5,1.0668875045529356,4.576200502823609,-13.9230623898924,1.8923319086310777,2.1027292921930965,-10.26342038895962,7,871.2,6.324028730287737
GR2119,grid,2,0.0052878745249404545,2,480,0.04974884487423888,2,0.5,1.9508302155346713,7.059936533235911,-9.488572061919639,1.052579095064021,0.4032651312673406,-6.142882790241601,7,125.8,6.322597900526103
GR0792,grid,6,0.002284570786662133,2,60,0.054588157909184275,3,0.5,1.7251389843889082,6.540779575781666,-15.156018725995054,1.4529577640517914,1.3118080766966507,-9.280770584747334,7,736.2,6.319471100190872
GR2152,grid,3,0.003366509452522014,2,240,0.0632588679685714,3,0.5,2.4132442871069477,12.467235455485817,-14.861976070374567,1.393616192184674,0.6384470892932059,-11.402977691038213,7,321.9,6.317997678296352
GR2261,grid,3,0.01050978724242213,2,30,0.0559874758967333,3,0.5,1.8864428394454547,7.819108586522402,-14.192326394990069,1.1793105086067162,0.9817714354574674,-7.751723488696298,7,62.0,6.310060886221478
GR3229,grid,5,0.011008083626551488,1,30,0.017000024297592883,3,0.5,1.0575949565025249,1.7443731007348287,-6.530140257084277,1.6487456869395782,0.2020657153190423,-6.158948523668532,7,63.0,6.305842391878979
GR0972,grid,6,0.008718019005833242,1,480,0.010226315604858725,1,0.5,0.8878667616489612,0.4552973478344337,-1.6364690810696085,1.0255635131593956,0.10176133033468795,-0.7331465458673119,7,83.5,6.292015723091153
GR3477,grid,3,0.003492471023873444,1,10,0.06386914861168212,3,0.5,0.6493935557121002,3.7850246762236885,-11.869117462689047,1.8935007232221364,2.0781628321481986,-8.762157286610526,7,420.3,6.287416981538816
GR0603,grid,5,0.00384314648677812,2,480,0.010123394148447906,1,0.5,1.6104185253123642,1.6342668666541993,-3.9042777828482755,0.7132979607323138,0.1688326340254716,-2.25192128897228,7,265.9,6.282500973306951
GR1480,grid,4,0.004533088811959238,1,10,0.040530784676640966,3,0.5,1.3399211892958804,5.627941113783323,-10.912723312764992,1.4781606448934652,1.1609503085238613,-7.9644619053323,7,341.5,6.282156957352795
GR1441,grid,5,0.0021402478240096475,1,120,0.053832830601483375,1,0.5,0.8992577307922931,1.8388552520974717,-4.9224368512994445,1.3770373308874855,0.38400584751829586,-4.006675776073389,7,1351.7,6.2797640393741165
GR3644,grid,5,0.0027368601353940565,1,10,0.050469970723499645,3,0.5,0.6563635141015343,2.9640582136458837,-14.08303042683132,1.8642514866197497,2.207432911825903,-9.001452893039241,7,769.2,6.272329682573067
GR0141,grid,3,0.004124902897366679,1,10,0.06668185876202086,2,0.5,0.6586942847434456,2.3941176876620283,-8.273689152249153,1.6169071882758907,1.2323331720493826,-5.870553042266184,7,333.4,6.271569991375165
GR1836,grid,3,0.004143414303809613,1,10,0.061929652581386496,2,0.5,0.6427835972577108,2.397485193534778,-8.249467962592698,1.624298117014246,1.2397530111702382,-5.861720347021128,7,332.0,6.271246251906076
GR0200,grid,2,0.007263911762999041,1,10,0.06261490597357149,3,0.5,1.4564320008640734,6.930898474707948,-15.1979845733201,1.388197162693677,2.543547328686258,-9.926939217092967,7,132.9,6.2694857567407
GR1771,grid,6,0.001786528453963446,1,60,0.05814988138447679,2,0.5,0.555336850416541,2.173570060175385,-11.091393419007654,1.6581354585648136,1.0817161626320213,-5.518854708490017,7,1779.1,6.26816802198029
GR0666,grid,8,0.0018382406346894474,1,240,0.058751278232685,3,0.5,1.7487618892261083,9.038231732508399,-15.95299010486353,1.166192633851939,1.8408284432799558,-8.83981861877257,7,2432.8,6.266292410337248
GR0828,grid,4,0.0033965574442398434,1,10,0.017333384870247975,2,0.5,0.6659691048572812,1.6933671385063591,-9.327544847109293,1.7660464453629636,1.135143709865313,-7.051443852950197,7,504.0,6.262236497482732
GR0937,grid,5,0.007792529859757234,2,480,0.013829477959791274,2,0.5,0.9701327859064716,1.5767201182172428,-4.012661817846584,1.2160977255237506,0.3043989675726989,-3.378244122168271,7,76.7,6.2599410823333494
GR3736,grid,3,0.0025183407008324775,1,240,0.060513239170394625,3,0.5,1.9373893770156627,11.780118607480075,-15.367557458606933,1.5815453632234466,2.0704074770681,-13.411321609661645,7,857.6,6.253865528141
GR2756,grid,6,0.006460070022440152,2,120,0.01724381361269295,3,0.5,1.4834897481653997,3.56830364203958,-9.034431333433659,1.3694959517273404,0.63501675935811,-7.667095396908881,7,138.3,6.25209571966104
GR1839,grid,6,0.0021124432718798445,1,120,0.06214528267612436,2,0.5,1.2132844606505433,4.320246183552843,-10.072607147305552,1.4367311153627331,0.7268195433968339,-7.098361573882666,7,1594.1,6.242758209147181
GR1287,grid,6,0.002130789929319978,1,120,0.06193752398480512,2,0.5,1.2354433828691793,4.345591054102173,-10.05610032933706,1.4221721884674736,0.7220599844521111,-7.0983767261940915,7,1583.3,6.242472694855641
GR2179,grid,3,0.008386587456338884,1,10,0.06146463048291912,3,0.5,1.2700563025240768,4.819106627095984,-10.363305805805448,1.280834309314304,1.745119260104855,-7.60850433975731,7,109.3,6.240491610371611
GR1373,grid,4,0.006302035861266661,2,240,0.013124756057693296,3,0.5,1.1893249272529038,3.1538092321620916,-10.073016682265298,1.3087500587202285,0.8660560696099584,-6.308772710893827,7,107.9,6.236493127515142
GR2488,grid,2,0.001761677533934417,2,480,0.04352491538190749,2,0.5,1.569096807845765,7.9705588984191165,-9.565002824434268,1.2991423768376564,1.2577560747848693,-8.662500120015212,7,404.7,6.236213590712552
GR3159,grid,6,0.0027121624006677053,1,120,0.04332884827405888,2,0.5,1.319391939082964,5.060076724245373,-8.802216740241583,1.5871448593051447,0.8758630238296664,-9.102739541430346,7,1245.9,6.233937437832758
GR1781,grid,2,0.009666028891657864,1,30,0.01828420219019547,2,0.5,1.3913153762903927,4.226167672912732,-8.964110719996498,1.6476805548033364,0.7875859652130333,-9.818959345400417,7,95.3,6.232720179041637
GR3398,grid,3,0.006031439724491778,1,60,0.017071503471332447,2,0.5,1.100918407234834,3.393657564019481,-9.524093118045567,1.334383502131408,0.9762266749190893,-6.28579703501533,7,249.1,6.231698410022192
GR0734,grid,6,0.002485434087140846,1,10,0.03848518430905925,2,0.5,0.8645173944401675,2.587179675382849,-7.588039905160167,1.4319513064380067,0.878272828508918,-5.7449588751988445,7,942.3,6.2292975999979365
GR3258,grid,3,0.0009165570832125489,2,480,0.04869898560644706,1,0.5,0.7905854667584601,2.0332796700968063,-6.923205865052933,1.350888716820009,0.9745689845706476,-4.911947535688159,7,936.5,6.228324229220905
GR3791,grid,6,0.0021246409250268656,1,120,0.012667330269222236,3,0.5,0.7889235434674075,4.488543495657252,-13.914728352474448,1.5715357237521943,1.919351176223385,-7.8703922691625845,7,1571.4,6.225192696676826
GR1727,grid,6,0.0020474399725463185,1,60,0.06634571112205535,2,0.5,1.0034270260716807,3.338082230373788,-9.171687585984964,1.1618331521635086,0.9669025844036442,-4.616191582222892,7,1540.2,6.224233738114002
GR0823,grid,8,0.001498448042195845,1,240,0.033951808940384284,2,0.5,0.6659394049684482,2.8307871672277036,-10.12751553033353,1.9921473258212825,1.2480881290424315,-9.598019115064508,7,2661.9,6.220214021529636
GR0287,grid,4,0.003617678046062511,2,240,0.024003876261528004,2,0.5,1.228018083104319,4.222752064289912,-12.278035346723282,1.4592556727267767,0.6716162553714875,-7.687036032056713,7,329.0,6.217577616164662
GR0259,grid,6,0.0018481110941891998,1,60,0.030484016307574052,2,0.5,0.623486994951453,2.5427903022430853,-10.155051691405353,1.7108250909774785,0.9955180486893734,-6.99828108040816,7,1737.8,6.216661968495962
GR1176,grid,8,0.0020215839437562376,1,480,0.06621947192040024,3,0.5,1.3398511223600813,6.8764485607531896,-18.15277087790777,1.3207691424673407,2.2830509684174,-9.38452235871684,7,1891.9,6.215874186768709
GR3377,grid,8,0.0020291625513062343,1,120,0.047044854492810685,2,0.5,0.9711943974912973,3.5395319404868077,-8.836003189449713,1.6031947856463489,0.9403433386733342,-7.914395965565508,7,1966.0,6.2131596819481825
GR0440,grid,2,0.006510924640215627,2,10,0.06075829763197509,2,0.5,1.270340324519646,4.415874835201805,-9.89943700351534,1.6575644377467242,0.8927658646742824,-9.790098594353749,7,85.7,6.211021447854638
GR1495,grid,6,0.0019797619466745803,2,60,0.05377992674769116,3,0.5,1.4400843819332687,5.92498796291615,-13.194079209758092,1.2166301445726002,0.8970780812548528,-7.379828184458274,7,861.8,6.208485435070543
GR3984,grid,8,0.0023831334274258967,1,10,0.048777482288957244,2,0.5,0.6598598993951442,1.6428602935059715,-8.329417023189071,1.2610849627379082,0.83718624958265,-3.795056522595041,7,1058.8,6.2047177116615115
GR0641,grid,2,0.009401751175605053,1,480,0.03207305997065316,3,0.5,1.8729502468008377,13.123966503600489,-18.737224346228412,1.436736494867878,1.597885741990368,-12.21455492715555,7,147.5,6.2033740604606935
GR0310,grid,5,0.002991159982518398,2,240,0.05220764206870931,2,0.5,2.290100465006627,8.156053468455953,-9.54892286267095,0.8566709557215944,0.3644212421941083,-8.405787244502699,7,566.5,6.197338534282073
GR1073,grid,6,0.0019578305305092865,1,120,0.024560319111355252,2,0.5,1.1714012442831296,4.067015820818176,-9.764499518141893,1.698111667326992,0.9015771301269018,-9.864518981836481,7,1783.4,6.195825655082049
GR1913,grid,3,0.005929860019109941,1,10,0.0167353249239097,3,0.5,1.1972288229229409,3.6673005412156905,-12.717523628973268,1.4735178885704152,1.4847734305696414,-9.252904337366854,7,192.1,6.18585931093713
GR2232,grid,4,0.008661985610779487,1,240,0.010217847519492661,3,0.5,1.1380936700334257,2.270793527351331,-7.066485885454039,0.9013264396801836,0.4051402379639276,-3.310751354475051,7,84.3,6.180791136634722
GR1069,grid,6,0.002931732709868455,1,10,0.016154741125362068,3,0.5,0.7324835959283227,2.3118657816011763,-12.503346166587125,1.5425675094514322,1.5986924823379287,-7.687739540594794,7,707.1,6.180531484182989
GR1697,grid,8,0.001803769408692469,1,60,0.029272425587583153,3,0.5,0.618187811270882,3.556873365439165,-13.685628635728664,1.768731042313301,1.5555764122706968,-8.864093950450988,7,2116.7,6.1739857883768465
GR0004,grid,4,0.0014991157967633104,2,480,0.04627155257969,3,0.5,1.7150189144778474,10.935645007678492,-15.819792668562185,1.6524723665410832,1.8436132792072606,-13.934584139792133,7,919.8,6.169532253235895
GR2081,grid,4,0.0033314643464958994,1,120,0.04504415533028172,3,0.5,1.2902520125444963,7.544652321468317,-14.006511423688043,1.721907065145085,2.171775992576573,-12.794853916153134,7,732.5,6.167984627515575
GR1447,grid,2,0.004993047834857306,2,480,0.04520853013697455,3,0.5,2.0131782783747534,12.458619547705378,-14.984960901814484,1.1471884284053815,0.7227162450265386,-10.36414662862604,7,144.8,6.156156778179409
GR1406,grid,2,0.006435784950912559,1,10,0.04692321505041711,2,0.5,1.405585101147111,4.122494744294629,-8.799273352800883,1.0463093569836523,0.9294735402413371,-6.981932081397427,7,151.0,6.147956699322239
GR2040,grid,4,0.004676509790029518,1,10,0.06264980948475024,3,0.5,1.054124153569171,4.405702474872584,-12.339962818928942,1.2368213824549064,1.3349687548701223,-7.498171486755818,7,324.6,6.1297140793597205
GR3056,grid,3,0.006375531701870647,1,60,0.01605759610326206,3,0.5,1.132163956961969,4.997780155563264,-11.373948102033083,1.2583729736198952,1.1501576006236012,-7.9923537876549196,7,208.7,6.118388406008137
GR3264,grid,3,0.011958330619437706,1,480,0.011915568849900514,2,0.5,0.6858784563847691,0.8519042564930807,-5.262644527245702,0.9252050834668861,0.21328842960396832,-2.056839677839289,7,47.5,6.11575851817349
GR2939,grid,4,0.0054066160799456225,1,30,0.017220208766160146,3,0.5,0.7703797724682843,3.1432594749284415,-10.572793684269929,1.6023245534701935,1.2503762766170021,-9.102464774761012,7,270.6,6.106042196445773
GR1740,grid,6,0.001643581457134999,1,60,0.05521833815780493,1,0.5,0.5776240515949354,1.1597535286655511,-4.610148306432857,1.1973786206770085,0.23023941816427573,-3.7422159555877625,7,1920.1,6.105993790901011
GR2914,grid,6,0.002270045063495431,1,10,0.03956620622976011,2,0.5,0.531862011508161,1.7888278723408184,-9.343402878956422,1.2664822479096878,0.945377287104926,-5.092065819540421,7,1061.8,6.0995818488077775
GR3743,grid,3,0.0015595449783436053,1,480,0.02614190119616592,3,0.5,0.7025259486290631,4.691383207525259,-18.093102130994527,2.2593292644274476,3.6931121659927717,-17.17153839622757,7,1049.0,6.092612623086838
GR2416,grid,3,0.0017601284430357627,1,480,0.021700413203530833,2,0.5,0.7031803096309717,3.455372241030691,-12.385428209688971,1.8693392744722543,1.1875557277071895,-11.125834501479657,7,981.0,6.079611154529602
GR3532,grid,5,0.0020964651931118577,1,120,0.07203337869281992,3,0.5,0.883910182983097,5.0912820212486825,-14.864362252740976,1.574840637159984,1.2037166738915404,-10.441544512453675,7,1350.5,6.043656004781026
GR0984,grid,8,0.0017869313584641612,1,30,0.0340023502408779,3,0.5,0.5348117764487725,2.6602742348923334,-12.05491094111434,1.7165462294868046,1.5757017330258407,-10.322417662850057,7,1969.0,6.039600415074759
GR1071,grid,6,0.001787404633465747,1,120,0.052230720790790136,1,0.5,0.7430191104591438,1.627860167468165,-5.201253108633373,1.009061679077028,0.23046244815735922,-4.312019109819158,7,1881.2,6.036699337985846
GR3639,grid,5,0.003645078754799881,2,30,0.0194643900824526,3,0.5,1.8848606983932619,6.851772721845705,-12.64994221396959,1.5469706370916607,0.7815230750797872,-14.799386483067464,7,355.8,6.036153653231561
GR0369,grid,2,0.0035284906472330805,1,240,0.025823707784630737,2,0.5,1.467897768001047,5.295215456923623,-10.028590159268642,1.0997200738405577,0.5471238311783782,-9.097292702165213,7,357.2,6.033175707992923
GR0349,grid,2,0.004976507444058994,1,30,0.03069582418334757,3,0.5,0.6805866670191835,3.547866485024211,-17.761675725871083,1.364958953612215,1.4159133744429093,-8.421134588590013,7,214.3,6.026412523871284
GR2326,grid,3,0.0036217288469670202,1,120,0.02779430493544959,2,0.5,1.2144431390745223,4.284433080015577,-8.74878921018595,1.1958066320857326,0.7299354752570343,-8.922980806105443,7,502.2,6.025461915815173
GR2376,grid,2,0.008302732852104245,2,480,0.012833306294423984,2,0.5,0.9501404777920328,3.1769863761055404,-9.911089698636005,1.455495334096066,0.5426058067891445,-9.330245028183853,7,61.2,6.02360880653294
GR2356,grid,6,0.0011031588485486531,2,480,0.01673756938721073,2,0.5,0.9203678045098161,3.8479821691047094,-11.71854836893668,1.6335819566030179,0.9657386604246785,-11.168997933326663,7,1569.5,6.018341438658678
GR0886,grid,5,0.0021681120016176936,2,120,0.03998155689397686,3,0.5,2.0178239695367473,10.102259858593348,-14.701890676090043,1.3631978841731143,0.6214859819491284,-14.224907328216869,7,767.8,6.015010677601844
GR0482,grid,6,0.0018690238348957147,1,240,0.021110418969071173,2,0.5,1.0031867136529236,3.429587920933802,-9.494142872420998,1.3610505719704897,1.2588047034934209,-10.278759905182833,7,1791.3,5.997407553451102
GR0319,grid,8,0.0017859267551793704,1,120,0.04181501391423436,3,0.5,1.1444619742123874,6.935324345554449,-14.466255418113578,1.729892379971553,1.6551497342434232,-14.293976949019344,7,2543.2,5.996563525049229
GR0849,grid,3,0.0024301355534064174,1,240,0.02428145545543807,3,0.5,1.5758897488422088,9.159006067388825,-15.816968441196394,1.3410705300826573,1.5348402316567538,-13.5401566309784,7,833.4,5.986626483863695
GR0831,grid,3,0.005023540119605866,1,480,0.02551289936022095,3,0.5,1.5714842639513447,10.580065338243823,-17.910122894689767,1.5456615174201709,1.0334090651213066,-14.386724386839486,7,383.0,5.986462224023816
GR2465,grid,2,0.00861578066137186,2,10,0.04518373210488626,1,0.5,1.3500007075285443,1.8453888508586225,-5.261793873669067,0.5927656829426701,0.35400552962043735,-5.347679013822399,7,53.9,5.979204471123056
GR2745,grid,8,0.001629192754161524,1,120,0.04907321571875098,3,0.5,0.7664700975702274,4.581129395255593,-15.30928067846091,1.6244108854473285,1.7390960494483303,-12.256945245697407,7,2612.6,5.964636896936389
GR1437,grid,5,0.001388676716851912,1,480,0.013923924477801726,2,0.5,0.5735261378576769,2.0917060139819115,-10.915099349909987,1.0932059794955706,0.8567193798201425,-6.523109030131927,7,1863.9,5.941151540708006
GR0025,grid,5,0.0025550845352442716,1,10,0.02125819628702961,3,0.5,0.5263508091196172,2.062403827681381,-13.013707933099994,1.742755620821121,1.7260631320194044,-12.405983567159582,7,829.6,5.935871308637367
GR1803,grid,5,0.0014721056584769679,1,480,0.015240244391707576,1,0.5,0.615095077426896,1.0363009931026284,-4.7924550812833155,1.1884782228520707,0.05018833477674883,-6.5287761808404134,7,1731.7,5.931632219443216
GR3312,grid,2,0.003990508700271639,1,30,0.020273612917599174,1,0.5,0.5034463539946487,0.8419106988376861,-5.088676375467676,0.8334246494792257,0.19320166199038064,-4.0670884622375345,7,277.2,5.897505823689025
GR0064,grid,6,0.0013252205647013816,2,30,0.057138959524378745,3,0.5,0.5152355510035148,2.68924542767733,-13.614913515061033,0.9373960272450585,0.742608146161323,-6.512299627883403,7,1272.8,5.845069551581233
GR2173,grid,5,0.0008281983659790161,2,480,0.01738711064025432,2,0.5,0.8315010208757265,3.286860089997173,-10.303998269828917,1.6181842048896098,0.8119867706112892,-13.62573459017287,7,1711.1,5.825048064701574
GR3956,grid,2,0.009009175592310098,2,10,0.04621983585369164,2,0.5,1.3726014116677767,3.9511089197999176,-10.406821070890802,0.8108883782056869,0.9486206358864093,-10.5784980668585,7,52.0,5.817859960552295
GR3571,grid,6,0.002380043380678817,1,240,0.031377117416662326,3,0.5,1.1554005676700343,6.175649219252802,-16.206122521124907,1.239598864888942,1.5670412454489218,-13.71289595489703,7,1355.4,5.807029201843126
GR2021,grid,3,0.0011556695466891879,2,480,0.0201215076219608,2,0.5,1.2762979254537428,4.627900424282933,-11.66708582084697,1.1725413982001833,1.117639971799199,-13.219439682399061,7,775.4,5.806777823626199
GR0463,grid,5,0.001318448472285568,1,480,0.06610157694278922,2,0.5,0.993781408133294,3.9524642829267522,-11.235941333325773,0.6960488662988975,0.8809361895466392,-8.180213540961159,7,1861.1,5.7910184949805545
GR2610,grid,6,0.0016139952240306202,1,240,0.05426539656615098,3,0.5,1.3786145635700175,7.476662567105656,-16.41868453657378,1.213499048238222,1.0807979779328272,-14.316804082766993,7,2169.2,5.787114534046813
GR1883,grid,2,0.0026721823796069157,1,120,0.035508540287281364,2,0.5,0.7292794201941921,3.5829432659244818,-12.064782440435664,0.9316819153078292,0.57898032164122,-8.564709396956605,7,463.3,5.770476549860683
GR3402,grid,5,0.0015797001707320232,1,480,0.01751041960266255,3,0.5,0.6983568394153696,3.9380768615454413,-13.37959663153255,2.03288118556794,1.860273897615918,-19.167396592217976,7,1656.4,5.72308170160638
GR0687,grid,4,0.0015525335767510688,2,480,0.016813312215960875,2,0.5,0.8983208149288618,3.9530122288211187,-10.136425408355308,0.8768275505716456,0.63286916474021,-10.04682409852403,7,751.1,5.711888729503674
GR2184,grid,4,0.001168949410357724,2,480,0.017571675371923706,3,0.5,0.9172975378766927,6.315949076481015,-15.431824286203211,1.623909261605947,1.3732113310827063,-16.788793386141972,7,1019.6,5.708477732403782
GR2411,grid,3,0.0033782350427620433,2,120,0.03602651274111974,3,0.5,1.4471514238204062,6.507837673896441,-16.044811559410448,0.7944120169477129,0.1883792821159349,-12.728515556572347,7,268.0,5.642990243947527
GR0751,grid,2,0.007614140118816524,1,10,0.01140052662460765,3,0.5,0.9576436270908463,3.897024760790677,-16.718203323937942,1.4044359300479106,1.443945774353215,-16.954159897061835,7,101.1,5.617555324773361
GR2138,grid,3,0.0012411000650674664,2,480,0.021290282037345832,3,0.5,1.3263032171800129,7.740799474456237,-17.867535520994334,1.1705614493696321,1.3248356222354887,-18.312788151106943,7,756.6,5.531863178082761
GR0567,grid,6,0.0018003769635158064,1,120,0.02559316364602122,3,0.5,0.6933302842440949,4.214077891779192,-15.23005554032954,1.3010258299747746,0.715175870179064,-15.582983243976066,7,1853.3,5.515695783737639
